target_smiles_canonical,product_smiles_canonical,reactant_smiles_canonical,stability_score,stability_assessment,stability_issues,hallucination_score,hallucination_severity
Cn1nccc1[C@]1(O)CCCC[C@H]1O,Cn1nccc1[C@]1(O)CCCC[C@H]1O,Cn1nccc1Br,100,Likely stable,,95,low
Cn1nccc1[C@]1(O)CCCC[C@H]1O,Cn1nccc1[C@]1(O)CCCC[C@H]1O,O=C1CCCC[C@H]1O,100,Likely stable,,95,low
Cn1nccc1[C@]1(O)CCCC[C@H]1O,O=C1CCCC[C@H]1O,COC1(OC)CCCC[C@H]1O,100,Likely stable,,90,low
CC1=NC2(N=C1N)c1cc(-c3cc(Cl)cc(C#N)c3)ccc1CCC21CC1,CC1=NC2(N=C1N)c1cc(-c3cc(Cl)cc(C#N)c3)ccc1CCC21CC1,CC1=NC2(N=C1N)c1cc(Br)ccc1CCC21CC1,100,Likely stable,,90,low
CC1=NC2(N=C1N)c1cc(-c3cc(Cl)cc(C#N)c3)ccc1CCC21CC1,CC1=NC2(N=C1N)c1cc(-c3cc(Cl)cc(C#N)c3)ccc1CCC21CC1,N#Cc1cc(Cl)cc(B(O)O)c1,70,Moderately stable,Contains carbene (highly reactive intermediate),90,low
CC1=NC2(N=C1N)c1cc(-c3cc(Cl)cc(C#N)c3)ccc1CCC21CC1,CC1=NC2(N=C1N)c1cc(Br)ccc1CCC21CC1,CC1=NC2(N=C1N)c1ccccc1CCC21CC1,100,Likely stable,,95,low
CC1=NC2(N=C1N)c1cc(-c3cc(Cl)cc(C#N)c3)ccc1CCC21CC1,CC1=NC2(N=C1N)c1cc(Br)ccc1CCC21CC1,NBS,100,Likely stable,,95,low
CC1=NC2(N=C1N)c1cc(-c3cc(Cl)cc(C#N)c3)ccc1CCC21CC1,CC1=NC2(N=C1N)c1ccccc1CCC21CC1,CC1=NC2(CC=Cc3ccccc32)N=C1N,,,,50,medium
CC1=NC2(N=C1N)c1cc(-c3cc(Cl)cc(C#N)c3)ccc1CCC21CC1,CC1=NC2(CC=Cc3ccccc32)N=C1N,CC1=NC(=N)N=C1N,95,Likely stable,,45,medium
CC1=NC2(N=C1N)c1cc(-c3cc(Cl)cc(C#N)c3)ccc1CCC21CC1,CC1=NC2(CC=Cc3ccccc32)N=C1N,C=Cc1ccccc1C=O,100,Likely stable,,45,medium
CC1=NC2(N=C1N)c1cc(-c3cc(Cl)cc(C#N)c3)ccc1CCC21CC1,C=Cc1ccccc1C=O,C=Cc1ccccc1CO,100,Likely stable,,100,low
CC1=NC2(N=C1N)c1cc(-c3cc(Cl)cc(C#N)c3)ccc1CCC21CC1,N#Cc1cc(Cl)cc(B(O)O)c1,NC(=O)c1cc(Cl)cc(B(O)O)c1,100,Likely stable,,95,low
CCC/C=C/[C@H]1CC[C@H](C(CO)CO)CC1,CCC/C=C/[C@H]1CC[C@H](C(CO)CO)CC1,CCC/C=C/[C@H]1CC[C@H](C=O)CC1,100,Likely stable,,75,medium
CCC/C=C/[C@H]1CC[C@H](C(CO)CO)CC1,CCC/C=C/[C@H]1CC[C@H](C=O)CC1,CCC/C=C/[C@H]1CC[C@H](CO)CC1,100,Likely stable,,100,low
CCC/C=C/[C@H]1CC[C@H](C(CO)CO)CC1,CCC/C=C/[C@H]1CC[C@H](CO)CC1,O=C[C@H]1CC[C@H](CO)CC1,100,Likely stable,,0,critical
CCC/C=C/[C@H]1CC[C@H](C(CO)CO)CC1,CCC/C=C/[C@H]1CC[C@H](CO)CC1,CCCCS(=O)(=O)c1nnnn1-c1ccccc1,100,Likely stable,,0,critical
CCC/C=C/[C@H]1CC[C@H](C(CO)CO)CC1,CCCCS(=O)(=O)c1nnnn1-c1ccccc1,O=C(OO)c1cccc(Cl)c1,100,Likely stable,,0,critical
CCC/C=C/[C@H]1CC[C@H](C(CO)CO)CC1,CCCCS(=O)(=O)c1nnnn1-c1ccccc1,CCCCSc1nnnn1-c1ccccc1,100,Likely stable,,0,critical
CCC/C=C/[C@H]1CC[C@H](C(CO)CO)CC1,CCCCSc1nnnn1-c1ccccc1,CCCCO,100,Likely stable,,95,low
CCC/C=C/[C@H]1CC[C@H](C(CO)CO)CC1,CCCCSc1nnnn1-c1ccccc1,Sc1nnnn1-c1ccccc1,100,Likely stable,,95,low
COCCCc1cc(CN(C(=O)[C@H]2CN(C(=O)OC(C)(C)C)CC[C@@H]2c2ccc(OCCOc3c(Cl)cc(C)cc3Cl)cc2)C2CC2)cc(OCC(C)(C)O)c1,COCCCc1cc(CN(C(=O)[C@H]2CN(C(=O)OC(C)(C)C)CC[C@@H]2c2ccc(OCCOc3c(Cl)cc(C)cc3Cl)cc2)C2CC2)cc(OCC(C)(C)O)c1,Cc1cc(Cl)c(OCCOc2ccc([C@H]3CCN(C(=O)OC(C)(C)C)C[C@H]3C(=O)O)cc2)c(Cl)c1,,,,95,low
COCCCc1cc(CN(C(=O)[C@H]2CN(C(=O)OC(C)(C)C)CC[C@@H]2c2ccc(OCCOc3c(Cl)cc(C)cc3Cl)cc2)C2CC2)cc(OCC(C)(C)O)c1,COCCCc1cc(CN(C(=O)[C@H]2CN(C(=O)OC(C)(C)C)CC[C@@H]2c2ccc(OCCOc3c(Cl)cc(C)cc3Cl)cc2)C2CC2)cc(OCC(C)(C)O)c1,COCCCc1cc(CNC2CC2)cc(OCC(C)(C)O)c1,100,Likely stable,,95,low
COCCCc1cc(CN(C(=O)[C@H]2CN(C(=O)OC(C)(C)C)CC[C@@H]2c2ccc(OCCOc3c(Cl)cc(C)cc3Cl)cc2)C2CC2)cc(OCC(C)(C)O)c1,Cc1cc(Cl)c(OCCOc2ccc([C@H]3CCN(C(=O)OC(C)(C)C)C[C@H]3C(=O)O)cc2)c(Cl)c1,CC(C)(C)OC(=O)N1CC[C@H](c2ccc(O)cc2)[C@H](C(=O)O)C1,,,,95,low
COCCCc1cc(CN(C(=O)[C@H]2CN(C(=O)OC(C)(C)C)CC[C@@H]2c2ccc(OCCOc3c(Cl)cc(C)cc3Cl)cc2)C2CC2)cc(OCC(C)(C)O)c1,Cc1cc(Cl)c(OCCOc2ccc([C@H]3CCN(C(=O)OC(C)(C)C)C[C@H]3C(=O)O)cc2)c(Cl)c1,Cc1cc(Cl)c(OCCCl)c(Cl)c1,100,Likely stable,,95,low
COCCCc1cc(CN(C(=O)[C@H]2CN(C(=O)OC(C)(C)C)CC[C@@H]2c2ccc(OCCOc3c(Cl)cc(C)cc3Cl)cc2)C2CC2)cc(OCC(C)(C)O)c1,CC(C)(C)OC(=O)N1CC[C@H](c2ccc(O)cc2)[C@H](C(=O)O)C1,O=C(O)[C@@H]1CNCC[C@H]1c1ccc(O)cc1,,,,75,medium
COCCCc1cc(CN(C(=O)[C@H]2CN(C(=O)OC(C)(C)C)CC[C@@H]2c2ccc(OCCOc3c(Cl)cc(C)cc3Cl)cc2)C2CC2)cc(OCC(C)(C)O)c1,CC(C)(C)OC(=O)N1CC[C@H](c2ccc(O)cc2)[C@H](C(=O)O)C1,CC(C)(C)OC(=O)OC(=O)OC(C)(C)C,100,Likely stable,,75,medium
COCCCc1cc(CN(C(=O)[C@H]2CN(C(=O)OC(C)(C)C)CC[C@@H]2c2ccc(OCCOc3c(Cl)cc(C)cc3Cl)cc2)C2CC2)cc(OCC(C)(C)O)c1,O=C(O)[C@@H]1CNCC[C@H]1c1ccc(O)cc1,N#C[C@@H]1CNCC[C@H]1c1ccc(O)cc1,,,,85,low
COCCCc1cc(CN(C(=O)[C@H]2CN(C(=O)OC(C)(C)C)CC[C@@H]2c2ccc(OCCOc3c(Cl)cc(C)cc3Cl)cc2)C2CC2)cc(OCC(C)(C)O)c1,N#C[C@@H]1CNCC[C@H]1c1ccc(O)cc1,Oc1ccc([C@@H]2CCNC[C@H]2Br)cc1,,,,95,low
COCCCc1cc(CN(C(=O)[C@H]2CN(C(=O)OC(C)(C)C)CC[C@@H]2c2ccc(OCCOc3c(Cl)cc(C)cc3Cl)cc2)C2CC2)cc(OCC(C)(C)O)c1,N#C[C@@H]1CNCC[C@H]1c1ccc(O)cc1,C#N,100,Likely stable,,95,low
COCCCc1cc(CN(C(=O)[C@H]2CN(C(=O)OC(C)(C)C)CC[C@@H]2c2ccc(OCCOc3c(Cl)cc(C)cc3Cl)cc2)C2CC2)cc(OCC(C)(C)O)c1,Oc1ccc([C@@H]2CCNC[C@H]2Br)cc1,Oc1ccc([C@H]2CCCNC2)cc1,100,Likely stable,,90,low
COCCCc1cc(CN(C(=O)[C@H]2CN(C(=O)OC(C)(C)C)CC[C@@H]2c2ccc(OCCOc3c(Cl)cc(C)cc3Cl)cc2)C2CC2)cc(OCC(C)(C)O)c1,Oc1ccc([C@H]2CCCNC2)cc1,COc1ccc([C@H]2CCCNC2)cc1,100,Likely stable,,95,low
COCCCc1cc(CN(C(=O)[C@H]2CN(C(=O)OC(C)(C)C)CC[C@@H]2c2ccc(OCCOc3c(Cl)cc(C)cc3Cl)cc2)C2CC2)cc(OCC(C)(C)O)c1,CC(C)(C)OC(=O)OC(=O)OC(C)(C)C,C=C(C)C,100,Likely stable,,95,low
COCCCc1cc(CN(C(=O)[C@H]2CN(C(=O)OC(C)(C)C)CC[C@@H]2c2ccc(OCCOc3c(Cl)cc(C)cc3Cl)cc2)C2CC2)cc(OCC(C)(C)O)c1,CC(C)(C)OC(=O)OC(=O)OC(C)(C)C,CC(C)(C)OC(=O)OC(=O)O,100,Likely stable,,95,low
COCCCc1cc(CN(C(=O)[C@H]2CN(C(=O)OC(C)(C)C)CC[C@@H]2c2ccc(OCCOc3c(Cl)cc(C)cc3Cl)cc2)C2CC2)cc(OCC(C)(C)O)c1,CC(C)(C)OC(=O)OC(=O)O,C=C(C)C,100,Likely stable,,95,low
COCCCc1cc(CN(C(=O)[C@H]2CN(C(=O)OC(C)(C)C)CC[C@@H]2c2ccc(OCCOc3c(Cl)cc(C)cc3Cl)cc2)C2CC2)cc(OCC(C)(C)O)c1,CC(C)(C)OC(=O)OC(=O)O,O=C(O)OC(=O)O,100,Likely stable,,95,low
COCCCc1cc(CN(C(=O)[C@H]2CN(C(=O)OC(C)(C)C)CC[C@@H]2c2ccc(OCCOc3c(Cl)cc(C)cc3Cl)cc2)C2CC2)cc(OCC(C)(C)O)c1,Cc1cc(Cl)c(OCCCl)c(Cl)c1,ClCCBr,100,Likely stable,,95,low
COCCCc1cc(CN(C(=O)[C@H]2CN(C(=O)OC(C)(C)C)CC[C@@H]2c2ccc(OCCOc3c(Cl)cc(C)cc3Cl)cc2)C2CC2)cc(OCC(C)(C)O)c1,Cc1cc(Cl)c(OCCCl)c(Cl)c1,Cc1cc(Cl)c(O)c(Cl)c1,100,Likely stable,,95,low
COCCCc1cc(CN(C(=O)[C@H]2CN(C(=O)OC(C)(C)C)CC[C@@H]2c2ccc(OCCOc3c(Cl)cc(C)cc3Cl)cc2)C2CC2)cc(OCC(C)(C)O)c1,COCCCc1cc(CNC2CC2)cc(OCC(C)(C)O)c1,COC/C=C/c1cc(CNC2CC2)cc(OCC(C)(C)O)c1,100,Likely stable,,100,low
COCCCc1cc(CN(C(=O)[C@H]2CN(C(=O)OC(C)(C)C)CC[C@@H]2c2ccc(OCCOc3c(Cl)cc(C)cc3Cl)cc2)C2CC2)cc(OCC(C)(C)O)c1,COC/C=C/c1cc(CNC2CC2)cc(OCC(C)(C)O)c1,NC1CC1,100,Likely stable,,95,low
COCCCc1cc(CN(C(=O)[C@H]2CN(C(=O)OC(C)(C)C)CC[C@@H]2c2ccc(OCCOc3c(Cl)cc(C)cc3Cl)cc2)C2CC2)cc(OCC(C)(C)O)c1,COC/C=C/c1cc(CNC2CC2)cc(OCC(C)(C)O)c1,COC/C=C/c1cc(C=O)cc(OCC(C)(C)O)c1,100,Likely stable,,95,low
COCCCc1cc(CN(C(=O)[C@H]2CN(C(=O)OC(C)(C)C)CC[C@@H]2c2ccc(OCCOc3c(Cl)cc(C)cc3Cl)cc2)C2CC2)cc(OCC(C)(C)O)c1,COC/C=C/c1cc(C=O)cc(OCC(C)(C)O)c1,COC/C=C/c1cc(CO)cc(OCC(C)(C)O)c1,100,Likely stable,,100,low
COCCCc1cc(CN(C(=O)[C@H]2CN(C(=O)OC(C)(C)C)CC[C@@H]2c2ccc(OCCOc3c(Cl)cc(C)cc3Cl)cc2)C2CC2)cc(OCC(C)(C)O)c1,COC/C=C/c1cc(CO)cc(OCC(C)(C)O)c1,COC/C=C/c1cc(OCC(C)(C)O)cc(C(=O)OC)c1,100,Likely stable,,95,low
COCCCc1cc(CN(C(=O)[C@H]2CN(C(=O)OC(C)(C)C)CC[C@@H]2c2ccc(OCCOc3c(Cl)cc(C)cc3Cl)cc2)C2CC2)cc(OCC(C)(C)O)c1,COC/C=C/c1cc(OCC(C)(C)O)cc(C(=O)OC)c1,COC/C=C/B1OC(C)(C)C(C)(C)O1,95,Likely stable,,45,medium
COCCCc1cc(CN(C(=O)[C@H]2CN(C(=O)OC(C)(C)C)CC[C@@H]2c2ccc(OCCOc3c(Cl)cc(C)cc3Cl)cc2)C2CC2)cc(OCC(C)(C)O)c1,COC/C=C/c1cc(OCC(C)(C)O)cc(C(=O)OC)c1,COC(=O)c1cc(Br)cc(OCC(C)(C)O)c1,100,Likely stable,,45,medium
COCCCc1cc(CN(C(=O)[C@H]2CN(C(=O)OC(C)(C)C)CC[C@@H]2c2ccc(OCCOc3c(Cl)cc(C)cc3Cl)cc2)C2CC2)cc(OCC(C)(C)O)c1,COC(=O)c1cc(Br)cc(OCC(C)(C)O)c1,CC(C)(O)CO,100,Likely stable,,95,low
COCCCc1cc(CN(C(=O)[C@H]2CN(C(=O)OC(C)(C)C)CC[C@@H]2c2ccc(OCCOc3c(Cl)cc(C)cc3Cl)cc2)C2CC2)cc(OCC(C)(C)O)c1,COC(=O)c1cc(Br)cc(OCC(C)(C)O)c1,COC(=O)c1cc(O)cc(Br)c1,100,Likely stable,,95,low
C=CCC1C=C(C)CC(C)CC(OC)C2OC(O)(C(=O)C(=O)N3CCCCC3C(=O)OC(C(C)=CC3CCC(O)C(OC)C3)C(C)C=CC1O)C(C)CC2OC,C=CCC1C=C(C)CC(C)CC(OC)C2OC(O)(C(=O)C(=O)N3CCCCC3C(=O)OC(C(C)=CC3CCC(O)C(OC)C3)C(C)C=CC1O)C(C)CC2OC,C=CCC1C=C(C)CC(C)CC(OC)C2OC(C(=O)C(=O)N3CCCCC3C(=O)OC(C(C)=CC3CCC(O)C(OC)C3)C(C)C=CC1O)C(C)CC2OC,50,Moderately stable,"Large (21-membered) heterocycle with O, N (potentially unstable); Very large heterocycle with multiple heteroatoms (significant stability concern)",95,low
C=CCC1C=C(C)CC(C)CC(OC)C2OC(O)(C(=O)C(=O)N3CCCCC3C(=O)OC(C(C)=CC3CCC(O)C(OC)C3)C(C)C=CC1O)C(C)CC2OC,C=CCC1C=C(C)CC(C)CC(OC)C2OC(O)(C(=O)C(=O)N3CCCCC3C(=O)OC(C(C)=CC3CCC(O)C(OC)C3)C(C)C=CC1O)C(C)CC2OC,O,100,Likely stable,,95,low
C=CCC1C=C(C)CC(C)CC(OC)C2OC(O)(C(=O)C(=O)N3CCCCC3C(=O)OC(C(C)=CC3CCC(O)C(OC)C3)C(C)C=CC1O)C(C)CC2OC,C=CCC1C=C(C)CC(C)CC(OC)C2OC(C(=O)C(=O)N3CCCCC3C(=O)OC(C(C)=CC3CCC(O)C(OC)C3)C(C)C=CC1O)C(C)CC2OC,C=CCC1C=C(C)CC(C)CC(OC)C2OC(C(C)CC2OC)C(O)C(=O)N2CCCCC2C(=O)OC(C(C)=CC2CCC(O)C(OC)C2)C(C)C=CC1O,,,,100,low
C=CCC1C=C(C)CC(C)CC(OC)C2OC(O)(C(=O)C(=O)N3CCCCC3C(=O)OC(C(C)=CC3CCC(O)C(OC)C3)C(C)C=CC1O)C(C)CC2OC,C=CCC1C=C(C)CC(C)CC(OC)C2OC(C(C)CC2OC)C(O)C(=O)N2CCCCC2C(=O)OC(C(C)=CC2CCC(O)C(OC)C2)C(C)C=CC1O,COC1CC(C=C(C)C2OC(=O)C3CCCCN3C(=O)C(O)C3OC(C(OC)CC(C)CC(C)=CC(C)C(O)C=CC2C)C(OC)CC3C)CCC1O,,,,95,low
C=CCC1C=C(C)CC(C)CC(OC)C2OC(O)(C(=O)C(=O)N3CCCCC3C(=O)OC(C(C)=CC3CCC(O)C(OC)C3)C(C)C=CC1O)C(C)CC2OC,C=CCC1C=C(C)CC(C)CC(OC)C2OC(C(C)CC2OC)C(O)C(=O)N2CCCCC2C(=O)OC(C(C)=CC2CCC(O)C(OC)C2)C(C)C=CC1O,C=C,100,Likely stable,,95,low
C=CCC1C=C(C)CC(C)CC(OC)C2OC(O)(C(=O)C(=O)N3CCCCC3C(=O)OC(C(C)=CC3CCC(O)C(OC)C3)C(C)C=CC1O)C(C)CC2OC,COC1CC(C=C(C)C2OC(=O)C3CCCCN3C(=O)C(O)C3OC(C(OC)CC(C)CC(C)=CC(C)C(O)C=CC2C)C(OC)CC3C)CCC1O,COC1CC(C=C(C)C2OC(=O)C3CCCCN3C(=O)C(O)C3OC(C(O)CC3C)C(OC)CC(C)CC(C)=CC(C)C(O)C=CC2C)CCC1O,,,,90,low
C=CCC1C=C(C)CC(C)CC(OC)C2OC(O)(C(=O)C(=O)N3CCCCC3C(=O)OC(C(C)=CC3CCC(O)C(OC)C3)C(C)C=CC1O)C(C)CC2OC,COC1CC(C=C(C)C2OC(=O)C3CCCCN3C(=O)C(O)C3OC(C(O)CC3C)C(OC)CC(C)CC(C)=CC(C)C(O)C=CC2C)CCC1O,COC1CC(C=C(C)C2OC(=O)C3CCCCN3C(=O)C(O)C3OC(C(O)CC(C)CC(C)=CC(C)C(O)C=CC2C)C(O)CC3C)CCC1O,,,,90,low
C=CCC1C=C(C)CC(C)CC(OC)C2OC(O)(C(=O)C(=O)N3CCCCC3C(=O)OC(C(C)=CC3CCC(O)C(OC)C3)C(C)C=CC1O)C(C)CC2OC,COC1CC(C=C(C)C2OC(=O)C3CCCCN3C(=O)C(O)C3OC(C(O)CC(C)CC(C)=CC(C)C(O)C=CC2C)C(O)CC3C)CCC1O,CC1=CC(C)C(O)C=CC(C)C(C(C)=CC2CCC(O)C(O)C2)OC(=O)C2CCCCN2C(=O)C(O)C2OC(C(O)CC(C)C1)C(O)CC2C,,,,95,low
C=CCC1C=C(C)CC(C)CC(OC)C2OC(O)(C(=O)C(=O)N3CCCCC3C(=O)OC(C(C)=CC3CCC(O)C(OC)C3)C(C)C=CC1O)C(C)CC2OC,COC1CC(C=C(C)C2OC(=O)C3CCCCN3C(=O)C(O)C3OC(C(O)CC(C)CC(C)=CC(C)C(O)C=CC2C)C(O)CC3C)CCC1O,CI,100,Likely stable,,95,low
C=CCC1C=C(C)CC(C)CC(OC)C2OC(O)(C(=O)C(=O)N3CCCCC3C(=O)OC(C(C)=CC3CCC(O)C(OC)C3)C(C)C=CC1O)C(C)CC2OC,CC1=CC(C)C(O)C=CC(C)C(C(C)=CC2CCC(O)C(O)C2)OC(=O)C2CCCCN2C(=O)C(O)C2OC(C(O)CC(C)C1)C(O)CC2C,CC1=CC(C)C(O)C=CC(C)C(C(C)=CC2CCC(O)C(=O)C2)OC(=O)C2CCCCN2C(=O)C(O)C2OC(C(O)CC(C)C1)C(O)CC2C,,,,100,low
C=CCC1C=C(C)CC(C)CC(OC)C2OC(O)(C(=O)C(=O)N3CCCCC3C(=O)OC(C(C)=CC3CCC(O)C(OC)C3)C(C)C=CC1O)C(C)CC2OC,CC1=CC(C)C(O)C=CC(C)C(C(C)=CC2CCC(O)C(=O)C2)OC(=O)C2CCCCN2C(=O)C(O)C2OC(C(O)CC(C)C1)C(O)CC2C,CC1=CC(C)C(O)C=CC(C)C(C(C)=CC2CCC(O)C(=O)C2)OC2CC(C)C(C(O)C(=O)O)OC2C(O)CC(C)C1,,,,45,medium
C=CCC1C=C(C)CC(C)CC(OC)C2OC(O)(C(=O)C(=O)N3CCCCC3C(=O)OC(C(C)=CC3CCC(O)C(OC)C3)C(C)C=CC1O)C(C)CC2OC,CC1=CC(C)C(O)C=CC(C)C(C(C)=CC2CCC(O)C(=O)C2)OC(=O)C2CCCCN2C(=O)C(O)C2OC(C(O)CC(C)C1)C(O)CC2C,COC(=O)C1CCCCN1,95,Likely stable,,45,medium
C=CCC1C=C(C)CC(C)CC(OC)C2OC(O)(C(=O)C(=O)N3CCCCC3C(=O)OC(C(C)=CC3CCC(O)C(OC)C3)C(C)C=CC1O)C(C)CC2OC,CC1=CC(C)C(O)C=CC(C)C(C(C)=CC2CCC(O)C(=O)C2)OC2CC(C)C(C(O)C(=O)O)OC2C(O)CC(C)C1,CC1=CC(C)C(O)C=CC(C)C(C(C)=CC2CCC(O)C(=O)C2)OC2CC(C)C(C(O)CO)OC2C(O)CC(C)C1,,,,90,low
C=CCC1C=C(C)CC(C)CC(OC)C2OC(O)(C(=O)C(=O)N3CCCCC3C(=O)OC(C(C)=CC3CCC(O)C(OC)C3)C(C)C=CC1O)C(C)CC2OC,CC1=CC(C)C(O)C=CC(C)C(C(C)=CC2CCC(O)C(=O)C2)OC2CC(C)C(C(O)CO)OC2C(O)CC(C)C1,CC1=CC(C)C(O)C=CC(C)C(C(C)=CC2CCC(O)CC2)OC2CC(C)C(C(O)CO)OC2C(O)CC(C)C1,,,,95,low
C=CCC1C=C(C)CC(C)CC(OC)C2OC(O)(C(=O)C(=O)N3CCCCC3C(=O)OC(C(C)=CC3CCC(O)C(OC)C3)C(C)C=CC1O)C(C)CC2OC,CC1=CC(C)C(O)C=CC(C)C(C(C)=CC2CCC(O)C(=O)C2)OC2CC(C)C(C(O)CO)OC2C(O)CC(C)C1,O=C=O,65,Moderately stable,Contains carbene (highly reactive intermediate),95,low
C=CCC1C=C(C)CC(C)CC(OC)C2OC(O)(C(=O)C(=O)N3CCCCC3C(=O)OC(C(C)=CC3CCC(O)C(OC)C3)C(C)C=CC1O)C(C)CC2OC,CC1=CC(C)C(O)C=CC(C)C(C(C)=CC2CCC(O)CC2)OC2CC(C)C(C(O)CO)OC2C(O)CC(C)C1,CC1=CC(C)C(O)C=CC(C)C(C(C)=CC2CCC(O)CC2)OC2CC(C)C(O)OC2C(O)CC(C)C1,,,,90,low
C=CCC1C=C(C)CC(C)CC(OC)C2OC(O)(C(=O)C(=O)N3CCCCC3C(=O)OC(C(C)=CC3CCC(O)C(OC)C3)C(C)C=CC1O)C(C)CC2OC,CC1=CC(C)C(O)C=CC(C)C(C(C)=CC2CCC(O)CC2)OC2CC(C)C(C(O)CO)OC2C(O)CC(C)C1,OCC(O)CO,100,Likely stable,,90,low
C=CCC1C=C(C)CC(C)CC(OC)C2OC(O)(C(=O)C(=O)N3CCCCC3C(=O)OC(C(C)=CC3CCC(O)C(OC)C3)C(C)C=CC1O)C(C)CC2OC,CC1=CC(C)C(O)C=CC(C)C(C(C)=CC2CCC(O)CC2)OC2CC(C)C(O)OC2C(O)CC(C)C1,CC1=CC(C)C(O)C=CC(C)C(O)OC2CC(C)C(O)OC2C(O)CC(C)C1,,,,95,low
C=CCC1C=C(C)CC(C)CC(OC)C2OC(O)(C(=O)C(=O)N3CCCCC3C(=O)OC(C(C)=CC3CCC(O)C(OC)C3)C(C)C=CC1O)C(C)CC2OC,CC1=CC(C)C(O)C=CC(C)C(C(C)=CC2CCC(O)CC2)OC2CC(C)C(O)OC2C(O)CC(C)C1,CC(C)=CC1CCC(Br)CC1,100,Likely stable,,95,low
C=CCC1C=C(C)CC(C)CC(OC)C2OC(O)(C(=O)C(=O)N3CCCCC3C(=O)OC(C(C)=CC3CCC(O)C(OC)C3)C(C)C=CC1O)C(C)CC2OC,CC1=CC(C)C(O)C=CC(C)C(O)OC2CC(C)C(O)OC2C(O)CC(C)C1,CC1=CC(C)C(O)C=CC(C)C(O)CC(C)C(O)C(O)CC(C)C1,,,,65,medium
C=CCC1C=C(C)CC(C)CC(OC)C2OC(O)(C(=O)C(=O)N3CCCCC3C(=O)OC(C(C)=CC3CCC(O)C(OC)C3)C(C)C=CC1O)C(C)CC2OC,CC1=CC(C)C(O)C=CC(C)C(O)OC2CC(C)C(O)OC2C(O)CC(C)C1,CC(=O)O,100,Likely stable,,65,medium
C=CCC1C=C(C)CC(C)CC(OC)C2OC(O)(C(=O)C(=O)N3CCCCC3C(=O)OC(C(C)=CC3CCC(O)C(OC)C3)C(C)C=CC1O)C(C)CC2OC,CC1=CC(C)C(O)C=CC(C)C(O)CC(C)C(O)C(O)CC(C)C1,CC1=CC(C)C(O)C=CC(C)C(O)CC(C)C(=O)C(O)CC(C)C1,,,,85,low
C=CCC1C=C(C)CC(C)CC(OC)C2OC(O)(C(=O)C(=O)N3CCCCC3C(=O)OC(C(C)=CC3CCC(O)C(OC)C3)C(C)C=CC1O)C(C)CC2OC,CC1=CC(C)C(O)C=CC(C)C(O)CC(C)C(O)C(O)CC(C)C1,CC(C)O,,,,85,low
C=CCC1C=C(C)CC(C)CC(OC)C2OC(O)(C(=O)C(=O)N3CCCCC3C(=O)OC(C(C)=CC3CCC(O)C(OC)C3)C(C)C=CC1O)C(C)CC2OC,CC(C)=CC1CCC(Br)CC1,CC(C)Br,100,Likely stable,,95,low
C=CCC1C=C(C)CC(C)CC(OC)C2OC(O)(C(=O)C(=O)N3CCCCC3C(=O)OC(C(C)=CC3CCC(O)C(OC)C3)C(C)C=CC1O)C(C)CC2OC,CC(C)=CC1CCC(Br)CC1,O=C1CCC(Br)CC1,100,Likely stable,,95,low
C=CCC1C=C(C)CC(C)CC(OC)C2OC(O)(C(=O)C(=O)N3CCCCC3C(=O)OC(C(C)=CC3CCC(O)C(OC)C3)C(C)C=CC1O)C(C)CC2OC,O=C1CCC(Br)CC1,OC1CCC(Br)CC1,100,Likely stable,,100,low
C=CCC1C=C(C)CC(C)CC(OC)C2OC(O)(C(=O)C(=O)N3CCCCC3C(=O)OC(C(C)=CC3CCC(O)C(OC)C3)C(C)C=CC1O)C(C)CC2OC,COC(=O)C1CCCCN1,COC(=O)c1ccccn1,100,Likely stable,,60,medium
CC(=O)NC[C@H]1CC[C@@H](C(=O)Nc2cccc(OC(F)(F)F)c2)N1,CC(=O)NC[C@H]1CC[C@@H](C(=O)Nc2cccc(OC(F)(F)F)c2)N1,CC(=O)NC[C@H]1CC[C@@H](C(=O)O)N1,95,Likely stable,,95,low
CC(=O)NC[C@H]1CC[C@@H](C(=O)Nc2cccc(OC(F)(F)F)c2)N1,CC(=O)NC[C@H]1CC[C@@H](C(=O)Nc2cccc(OC(F)(F)F)c2)N1,Nc1cccc(OC(F)(F)F)c1,100,Likely stable,,95,low
CC(=O)NC[C@H]1CC[C@@H](C(=O)Nc2cccc(OC(F)(F)F)c2)N1,CC(=O)NC[C@H]1CC[C@@H](C(=O)O)N1,CC(=O)NC(=O)[C@H]1CC[C@@H](C(=O)O)N1,95,Likely stable,,95,low
CC(=O)NC[C@H]1CC[C@@H](C(=O)Nc2cccc(OC(F)(F)F)c2)N1,CC(=O)NC(=O)[C@H]1CC[C@@H](C(=O)O)N1,CC(N)=O,100,Likely stable,,95,low
CC(=O)NC[C@H]1CC[C@@H](C(=O)Nc2cccc(OC(F)(F)F)c2)N1,CC(=O)NC(=O)[C@H]1CC[C@@H](C(=O)O)N1,O=C(O)[C@@H]1CC[C@H](C(=O)Cl)N1,95,Likely stable,,95,low
CC(=O)NC[C@H]1CC[C@@H](C(=O)Nc2cccc(OC(F)(F)F)c2)N1,O=C(O)[C@@H]1CC[C@H](C(=O)Cl)N1,O=S(Cl)Cl,100,Likely stable,,90,low
CC(=O)NC[C@H]1CC[C@@H](C(=O)Nc2cccc(OC(F)(F)F)c2)N1,O=C(O)[C@@H]1CC[C@H](C(=O)Cl)N1,O=C(O)[C@@H]1CC[C@H](C(=O)O)N1,95,Likely stable,,90,low
CC(=O)NC[C@H]1CC[C@@H](C(=O)Nc2cccc(OC(F)(F)F)c2)N1,Nc1cccc(OC(F)(F)F)c1,O=[N+]([O-])c1cccc(OC(F)(F)F)c1,100,Likely stable,,90,low
COC(=O)c1ccc2c(c1)C=CC(=C(Cl)Cl)CO2,COC(=O)c1ccc2c(c1)C=CC(=C(Cl)Cl)CO2,COC(=O)c1ccc2c(c1)C=CC(=O)CO2,75,Moderately stable,Large (7-membered) heterocycle with O (potentially unstable),80,low
COC(=O)c1ccc2c(c1)C=CC(=C(Cl)Cl)CO2,COC(=O)c1ccc2c(c1)C=CC(=O)CO2,COC(=O)c1ccc(O)c(C=CC(=O)CO)c1,100,Likely stable,,70,medium
COC(=O)c1ccc2c(c1)C=CC(=C(Cl)Cl)CO2,COC(=O)c1ccc(O)c(C=CC(=O)CO)c1,CC(=O)CO,100,Likely stable,,95,low
COC(=O)c1ccc2c(c1)C=CC(=C(Cl)Cl)CO2,COC(=O)c1ccc(O)c(C=CC(=O)CO)c1,COC(=O)c1ccc(O)c(C=O)c1,100,Likely stable,,95,low
Cc1ccc(C(C)(C)C)cc1S[C@@H]1O[C@H](CO)[C@@H](O)[C@H](O)[C@H]1O,Cc1ccc(C(C)(C)C)cc1S[C@@H]1O[C@H](CO)[C@@H](O)[C@H](O)[C@H]1O,Cc1ccc(C(C)(C)C)cc1F,100,Likely stable,,95,low
Cc1ccc(C(C)(C)C)cc1S[C@@H]1O[C@H](CO)[C@@H](O)[C@H](O)[C@H]1O,Cc1ccc(C(C)(C)C)cc1S[C@@H]1O[C@H](CO)[C@@H](O)[C@H](O)[C@H]1O,OC[C@H]1O[C@@H](S)[C@H](O)[C@@H](O)[C@@H]1O,95,Likely stable,,95,low
Cc1ccc(C(C)(C)C)cc1S[C@@H]1O[C@H](CO)[C@@H](O)[C@H](O)[C@H]1O,Cc1ccc(C(C)(C)C)cc1F,CC(C)(C)Cl,100,Likely stable,,95,low
Cc1ccc(C(C)(C)C)cc1S[C@@H]1O[C@H](CO)[C@@H](O)[C@H](O)[C@H]1O,Cc1ccc(C(C)(C)C)cc1F,Cc1ccccc1F,100,Likely stable,,95,low
COC(=O)[C@@H]1CCCC2(CCCCC2)[C@H]1O,COC(=O)[C@@H]1CCCC2(CCCCC2)[C@H]1O,O=C(O)[C@@H]1CCCC2(CCCCC2)[C@H]1O,100,Likely stable,,95,low
COC(=O)[C@@H]1CCCC2(CCCCC2)[C@H]1O,COC(=O)[C@@H]1CCCC2(CCCCC2)[C@H]1O,CO,100,Likely stable,,95,low
COC(=O)[C@@H]1CCCC2(CCCCC2)[C@H]1O,O=C(O)[C@@H]1CCCC2(CCCCC2)[C@H]1O,O=C[C@@H]1CCCC2(CCCCC2)[C@H]1O,100,Likely stable,,90,low
COC(=O)[C@@H]1CCCC2(CCCCC2)[C@H]1O,O=C[C@@H]1CCCC2(CCCCC2)[C@H]1O,OC[C@@H]1CCCC2(CCCCC2)[C@H]1O,100,Likely stable,,100,low
COC(=O)[C@@H]1CCCC2(CCCCC2)[C@H]1O,OC[C@@H]1CCCC2(CCCCC2)[C@H]1O,C=C[C@@H]1CCCC2(CCCCC2)C1,100,Likely stable,,85,low
COC(=O)[C@@H]1CCCC2(CCCCC2)[C@H]1O,C=C[C@@H]1CCCC2(CCCCC2)C1,C=CC1CCCCC1,100,Likely stable,,40,medium
COC(=O)[C@@H]1CCCC2(CCCCC2)[C@H]1O,C=C[C@@H]1CCCC2(CCCCC2)C1,BrCCCCCBr,100,Likely stable,,40,medium
CC(C)S(=O)(=O)N[C@H]1CCOC[C@H]1c1ccc(I)cc1,CC(C)S(=O)(=O)N[C@H]1CCOC[C@H]1c1ccc(I)cc1,N[C@H]1CCOC[C@H]1c1ccc(I)cc1,100,Likely stable,,95,low
CC(C)S(=O)(=O)N[C@H]1CCOC[C@H]1c1ccc(I)cc1,CC(C)S(=O)(=O)N[C@H]1CCOC[C@H]1c1ccc(I)cc1,CC(C)S(=O)(=O)Cl,100,Likely stable,,95,low
CC(C)S(=O)(=O)N[C@H]1CCOC[C@H]1c1ccc(I)cc1,N[C@H]1CCOC[C@H]1c1ccc(I)cc1,O=C1CCOC[C@H]1c1ccc(I)cc1,100,Likely stable,,95,low
CC(C)S(=O)(=O)N[C@H]1CCOC[C@H]1c1ccc(I)cc1,N[C@H]1CCOC[C@H]1c1ccc(I)cc1,N,100,Likely stable,,95,low
CC(C)S(=O)(=O)N[C@H]1CCOC[C@H]1c1ccc(I)cc1,O=C1CCOC[C@H]1c1ccc(I)cc1,O=C(O)CCC[C@H](O)c1ccc(I)cc1,100,Likely stable,,45,medium
CC(C)S(=O)(=O)N[C@H]1CCOC[C@H]1c1ccc(I)cc1,O=C(O)CCC[C@H](O)c1ccc(I)cc1,O=C(O)CCCC(=O)c1ccc(I)cc1,100,Likely stable,,100,low
CC(C)S(=O)(=O)N[C@H]1CCOC[C@H]1c1ccc(I)cc1,O=C(O)CCCC(=O)c1ccc(I)cc1,O=C(O)CCCC(=O)O,100,Likely stable,,35,high
CC(C)S(=O)(=O)N[C@H]1CCOC[C@H]1c1ccc(I)cc1,O=C(O)CCCC(=O)c1ccc(I)cc1,Ic1ccccc1,100,Likely stable,,35,high
CN1CC[C@@H](c2c(O)cc(O)c3c(=O)cc(-c4ccc(C(F)(F)F)cc4)oc23)[C@@H]1CO,CN1CC[C@@H](c2c(O)cc(O)c3c(=O)cc(-c4ccc(C(F)(F)F)cc4)oc23)[C@@H]1CO,O=c1cc(-c2ccc(C(F)(F)F)cc2)oc2c(Br)c(O)cc(O)c12,100,Likely stable,,30,high
CN1CC[C@@H](c2c(O)cc(O)c3c(=O)cc(-c4ccc(C(F)(F)F)cc4)oc23)[C@@H]1CO,CN1CC[C@@H](c2c(O)cc(O)c3c(=O)cc(-c4ccc(C(F)(F)F)cc4)oc23)[C@@H]1CO,CN1CC[C@@H](B(O)O)[C@@H]1CO,95,Likely stable,,30,high
CN1CC[C@@H](c2c(O)cc(O)c3c(=O)cc(-c4ccc(C(F)(F)F)cc4)oc23)[C@@H]1CO,O=c1cc(-c2ccc(C(F)(F)F)cc2)oc2c(Br)c(O)cc(O)c12,O=C1CCC(=O)N1Br,95,Likely stable,,55,medium
CN1CC[C@@H](c2c(O)cc(O)c3c(=O)cc(-c4ccc(C(F)(F)F)cc4)oc23)[C@@H]1CO,O=c1cc(-c2ccc(C(F)(F)F)cc2)oc2c(Br)c(O)cc(O)c12,O=c1cc(-c2ccc(C(F)(F)F)cc2)oc2cc(O)cc(O)c12,100,Likely stable,,55,medium
CN1CC[C@@H](c2c(O)cc(O)c3c(=O)cc(-c4ccc(C(F)(F)F)cc4)oc23)[C@@H]1CO,O=c1cc(-c2ccc(C(F)(F)F)cc2)oc2cc(O)cc(O)c12,CC(=O)c1c(O)cc(O)cc1O,100,Likely stable,,5,critical
CN1CC[C@@H](c2c(O)cc(O)c3c(=O)cc(-c4ccc(C(F)(F)F)cc4)oc23)[C@@H]1CO,O=c1cc(-c2ccc(C(F)(F)F)cc2)oc2cc(O)cc(O)c12,O=C(Cl)c1ccc(C(F)(F)F)cc1,100,Likely stable,,5,critical
CN1CC[C@@H](c2c(O)cc(O)c3c(=O)cc(-c4ccc(C(F)(F)F)cc4)oc23)[C@@H]1CO,CN1CC[C@@H](B(O)O)[C@@H]1CO,CN1CC[C@@H](Br)[C@@H]1CO,95,Likely stable,,80,low
CN1CC[C@@H](c2c(O)cc(O)c3c(=O)cc(-c4ccc(C(F)(F)F)cc4)oc23)[C@@H]1CO,CN1CC[C@@H](Br)[C@@H]1CO,CN1CC[C@@H](Br)[C@@H]1C=O,95,Likely stable,,100,low
CC#CCn1c(Br)nc(C=O)c1C(=O)OC,CC#CCn1c(Br)nc(C=O)c1C(=O)OC,CC#CCBr,65,Moderately stable,Contains carbene (highly reactive intermediate),95,low
CC#CCn1c(Br)nc(C=O)c1C(=O)OC,CC#CCn1c(Br)nc(C=O)c1C(=O)OC,COC(=O)c1[nH]c(Br)nc1C=O,100,Likely stable,,95,low
CC#CCn1c(Br)nc(C=O)c1C(=O)OC,COC(=O)c1[nH]c(Br)nc1C=O,COC(=O)c1[nH]cnc1C=O,100,Likely stable,,30,high
CC#CCn1c(Br)nc(C=O)c1C(=O)OC,COC(=O)c1[nH]c(Br)nc1C=O,O=C1CCC(=O)N1Br,95,Likely stable,,30,high
Cc1ccn2cc(CO)n(-c3ccccc3)c(=O)c12,Cc1ccn2cc(CO)n(-c3ccccc3)c(=O)c12,Cc1ccn2cc(C=O)n(-c3ccccc3)c(=O)c12,100,Likely stable,,100,low
CC(C)(CO)n1c(CO)nc2cnc(Br)cc21,CC(C)(CO)n1c(CO)nc2cnc(Br)cc21,O=C(O)CO,100,Likely stable,,25,high
CC(C)(CO)n1c(CO)nc2cnc(Br)cc21,CC(C)(CO)n1c(CO)nc2cnc(Br)cc21,CC(C)(CO)Nc1cc(Br)ncc1N,100,Likely stable,,25,high
CC(C)(CO)n1c(CO)nc2cnc(Br)cc21,CC(C)(CO)Nc1cc(Br)ncc1N,CC(C)(CO)Nc1cc(Br)ncc1N=C(c1ccccc1)c1ccccc1,100,Likely stable,,0,critical
CC(C)(CO)n1c(CO)nc2cnc(Br)cc21,CC(C)(CO)Nc1cc(Br)ncc1N=C(c1ccccc1)c1ccccc1,N=C(c1ccccc1)c1ccccc1,100,Likely stable,,95,low
CC(C)(CO)n1c(CO)nc2cnc(Br)cc21,CC(C)(CO)Nc1cc(Br)ncc1N=C(c1ccccc1)c1ccccc1,CC(C)(CO)Nc1cc(Br)ncc1Br,100,Likely stable,,95,low
CC(C)(CO)n1c(CO)nc2cnc(Br)cc21,CC(C)(CO)Nc1cc(Br)ncc1Br,CC(C)(N)CO,100,Likely stable,,35,high
CC(C)(CO)n1c(CO)nc2cnc(Br)cc21,CC(C)(CO)Nc1cc(Br)ncc1Br,Brc1cc(Br)c(Br)cn1,100,Likely stable,,35,high
CC(C)(CO)n1c(CO)nc2cnc(Br)cc21,Brc1cc(Br)c(Br)cn1,O=C1CCC(=O)N1Br,95,Likely stable,,55,medium
CC(C)(CO)n1c(CO)nc2cnc(Br)cc21,Brc1cc(Br)c(Br)cn1,Brc1ccnc(Br)c1,100,Likely stable,,55,medium
C[C@H](c1ccccc1)N1C[C@]2(C(=O)OC(C)(C)C)C=CC[C@@H]2C1=S,C[C@H](c1ccccc1)N1C[C@]2(C(=O)OC(C)(C)C)C=CC[C@@H]2C1=S,C[C@H](c1ccccc1)N1C[C@]2(C(=O)OC(C)(C)C)C=CC[C@@H]2C1=O,100,Likely stable,,95,low
C[C@H](c1ccccc1)N1C[C@]2(C(=O)OC(C)(C)C)C=CC[C@@H]2C1=S,C[C@H](c1ccccc1)N1C[C@]2(C(=O)OC(C)(C)C)C=CC[C@@H]2C1=O,CC(C)(C)OC(=O)[C@]12C=CC[C@H]1C(=O)NC2,,,,95,low
C[C@H](c1ccccc1)N1C[C@]2(C(=O)OC(C)(C)C)C=CC[C@@H]2C1=S,C[C@H](c1ccccc1)N1C[C@]2(C(=O)OC(C)(C)C)C=CC[C@@H]2C1=O,C[C@H](Br)c1ccccc1,100,Likely stable,,95,low
C[C@H](c1ccccc1)N1C[C@]2(C(=O)OC(C)(C)C)C=CC[C@@H]2C1=S,CC(C)(C)OC(=O)[C@]12C=CC[C@H]1C(=O)NC2,CC(C)(C)OC(=O)[C@]1(CN)C=CC[C@H]1C(=O)O,,,,45,medium
C[C@H](c1ccccc1)N1C[C@]2(C(=O)OC(C)(C)C)C=CC[C@@H]2C1=S,CC(C)(C)OC(=O)[C@]1(CN)C=CC[C@H]1C(=O)O,CC(C)(C)OC(=O)[C]1C=CC[C@H]1C(=O)O,,,,85,low
C[C@H](c1ccccc1)N1C[C@]2(C(=O)OC(C)(C)C)C=CC[C@@H]2C1=S,CC(C)(C)OC(=O)[C]1C=CC[C@H]1C(=O)O,C=CC[C@@H]([C](C=C)C(=O)OC(C)(C)C)C(=O)O,,,,65,medium
C[C@H](c1ccccc1)N1C[C@]2(C(=O)OC(C)(C)C)C=CC[C@@H]2C1=S,C=CC[C@@H]([C](C=C)C(=O)OC(C)(C)C)C(=O)O,C=CC[C@H](C(=O)O)[C@](C=C)(C(=O)O)C(=O)OC(C)(C)C,,,,90,low
C[C@H](c1ccccc1)N1C[C@]2(C(=O)OC(C)(C)C)C=CC[C@@H]2C1=S,C=CC[C@H](C(=O)O)[C@](C=C)(C(=O)O)C(=O)OC(C)(C)C,C=CC[C@H](C(=O)O)C(C(=O)O)(C(=O)O)C(=O)OC(C)(C)C,,,,90,low
C[C@H](c1ccccc1)N1C[C@]2(C(=O)OC(C)(C)C)C=CC[C@@H]2C1=S,C=CC[C@H](C(=O)O)C(C(=O)O)(C(=O)O)C(=O)OC(C)(C)C,C=CC[C@H](C(=O)O)C(C(=O)O)(C(=O)O)C(=O)O,,,,95,low
C[C@H](c1ccccc1)N1C[C@]2(C(=O)OC(C)(C)C)C=CC[C@@H]2C1=S,C=CC[C@H](C(=O)O)C(C(=O)O)(C(=O)O)C(=O)OC(C)(C)C,CC(C)(C)O,100,Likely stable,,95,low
C[C@H](c1ccccc1)N1C[C@]2(C(=O)OC(C)(C)C)C=CC[C@@H]2C1=S,C=CC[C@H](C(=O)O)C(C(=O)O)(C(=O)O)C(=O)O,C=CCC(C(=O)O)C(=O)O,100,Likely stable,,95,low
C[C@H](c1ccccc1)N1C[C@]2(C(=O)OC(C)(C)C)C=CC[C@@H]2C1=S,C=CC[C@H](C(=O)O)C(C(=O)O)(C(=O)O)C(=O)O,O=C(O)C(=O)C(=O)O,100,Likely stable,,95,low
C[C@H](c1ccccc1)N1C[C@]2(C(=O)OC(C)(C)C)C=CC[C@@H]2C1=S,C=CCC(C(=O)O)C(=O)O,C=CCC(C(=O)OCC)C(=O)OCC,100,Likely stable,,80,low
C[C@H](c1ccccc1)N1C[C@]2(C(=O)OC(C)(C)C)C=CC[C@@H]2C1=S,C[C@H](Br)c1ccccc1,C[C@H](Br)c1ccccc1N,100,Likely stable,,35,high
C[C@H](c1ccccc1)N1C[C@]2(C(=O)OC(C)(C)C)C=CC[C@@H]2C1=S,C[C@H](Br)c1ccccc1N,C[C@H](Br)c1ccccc1[N+](=O)[O-],100,Likely stable,,90,low
CCOC(=O)c1nc(N2CC[C@H](NC(=O)c3nc(C(F)(F)F)c(CC)[nH]3)[C@H](OC)C2)sc1C,CCOC(=O)c1nc(N2CC[C@H](NC(=O)c3nc(C(F)(F)F)c(CC)[nH]3)[C@H](OC)C2)sc1C,CCOC(=O)c1nc(N2CC[C@H](N)[C@H](OC)C2)sc1C,100,Likely stable,,95,low
CCOC(=O)c1nc(N2CC[C@H](NC(=O)c3nc(C(F)(F)F)c(CC)[nH]3)[C@H](OC)C2)sc1C,CCOC(=O)c1nc(N2CC[C@H](NC(=O)c3nc(C(F)(F)F)c(CC)[nH]3)[C@H](OC)C2)sc1C,CCc1[nH]c(C(=O)O)nc1C(F)(F)F,,,,95,low
CCOC(=O)c1nc(N2CC[C@H](NC(=O)c3nc(C(F)(F)F)c(CC)[nH]3)[C@H](OC)C2)sc1C,CCOC(=O)c1nc(N2CC[C@H](N)[C@H](OC)C2)sc1C,CO[C@@H]1CNCC[C@@H]1N,95,Likely stable,,95,low
CCOC(=O)c1nc(N2CC[C@H](NC(=O)c3nc(C(F)(F)F)c(CC)[nH]3)[C@H](OC)C2)sc1C,CCOC(=O)c1nc(N2CC[C@H](N)[C@H](OC)C2)sc1C,CCOC(=O)c1nc(Cl)sc1C,100,Likely stable,,95,low
CCOC(=O)c1nc(N2CC[C@H](NC(=O)c3nc(C(F)(F)F)c(CC)[nH]3)[C@H](OC)C2)sc1C,CCc1[nH]c(C(=O)O)nc1C(F)(F)F,CCc1cnc(C(F)(F)F)[nH]1,100,Likely stable,,95,low
CCOC(=O)c1nc(N2CC[C@H](NC(=O)c3nc(C(F)(F)F)c(CC)[nH]3)[C@H](OC)C2)sc1C,CCc1[nH]c(C(=O)O)nc1C(F)(F)F,O=C=O,65,Moderately stable,Contains carbene (highly reactive intermediate),95,low
CCOC(=O)c1nc(N2CC[C@H](NC(=O)c3nc(C(F)(F)F)c(CC)[nH]3)[C@H](OC)C2)sc1C,CCc1cnc(C(F)(F)F)[nH]1,CC(=O)c1cnc(C(F)(F)F)[nH]1,100,Likely stable,,95,low
CCOC(=O)c1nc(N2CC[C@H](NC(=O)c3nc(C(F)(F)F)c(CC)[nH]3)[C@H](OC)C2)sc1C,CC(=O)c1cnc(C(F)(F)F)[nH]1,CC(=O)Cl,100,Likely stable,,95,low
CCOC(=O)c1nc(N2CC[C@H](NC(=O)c3nc(C(F)(F)F)c(CC)[nH]3)[C@H](OC)C2)sc1C,CC(=O)c1cnc(C(F)(F)F)[nH]1,FC(F)(F)c1ncc[nH]1,100,Likely stable,,95,low
COC[C@H](C)COCc1ccc([C@@]2(O)CCNC[C@@H]2c2noc(-c3ccccc3CCNC(C)=O)c2Br)cc1,COC[C@H](C)COCc1ccc([C@@]2(O)CCNC[C@@H]2c2noc(-c3ccccc3CCNC(C)=O)c2Br)cc1,COC[C@H](C)CO,100,Likely stable,,95,low
COC[C@H](C)COCc1ccc([C@@]2(O)CCNC[C@@H]2c2noc(-c3ccccc3CCNC(C)=O)c2Br)cc1,COC[C@H](C)COCc1ccc([C@@]2(O)CCNC[C@@H]2c2noc(-c3ccccc3CCNC(C)=O)c2Br)cc1,CC(=O)NCCc1ccccc1-c1onc([C@H]2CNCC[C@]2(O)c2ccc(CBr)cc2)c1Br,,,,95,low
COC[C@H](C)COCc1ccc([C@@]2(O)CCNC[C@@H]2c2noc(-c3ccccc3CCNC(C)=O)c2Br)cc1,COC[C@H](C)CO,COC[C@H](C)C(=O)O,100,Likely stable,,95,low
COC[C@H](C)COCc1ccc([C@@]2(O)CCNC[C@@H]2c2noc(-c3ccccc3CCNC(C)=O)c2Br)cc1,CC(=O)NCCc1ccccc1-c1onc([C@H]2CNCC[C@]2(O)c2ccc(CBr)cc2)c1Br,NCCc1ccccc1-c1onc([C@H]2CNCC[C@]2(O)c2ccc(CBr)cc2)c1Br,,,,95,low
COC[C@H](C)COCc1ccc([C@@]2(O)CCNC[C@@H]2c2noc(-c3ccccc3CCNC(C)=O)c2Br)cc1,CC(=O)NCCc1ccccc1-c1onc([C@H]2CNCC[C@]2(O)c2ccc(CBr)cc2)c1Br,CC(=O)Cl,100,Likely stable,,95,low
COC[C@H](C)COCc1ccc([C@@]2(O)CCNC[C@@H]2c2noc(-c3ccccc3CCNC(C)=O)c2Br)cc1,NCCc1ccccc1-c1onc([C@H]2CNCC[C@]2(O)c2ccc(CBr)cc2)c1Br,NCCc1ccccc1-c1onc(CCNCCC(=O)c2ccc(CBr)cc2)c1Br,,,,45,medium
COC[C@H](C)COCc1ccc([C@@]2(O)CCNC[C@@H]2c2noc(-c3ccccc3CCNC(C)=O)c2Br)cc1,NCCc1ccccc1-c1onc(CCNCCC(=O)c2ccc(CBr)cc2)c1Br,O=CCC(=O)c1ccc(CBr)cc1,100,Likely stable,,95,low
COC[C@H](C)COCc1ccc([C@@]2(O)CCNC[C@@H]2c2noc(-c3ccccc3CCNC(C)=O)c2Br)cc1,NCCc1ccccc1-c1onc(CCNCCC(=O)c2ccc(CBr)cc2)c1Br,NCCc1ccccc1-c1onc(CCN)c1Br,,,,95,low
COC[C@H](C)COCc1ccc([C@@]2(O)CCNC[C@@H]2c2noc(-c3ccccc3CCNC(C)=O)c2Br)cc1,O=CCC(=O)c1ccc(CBr)cc1,Cc1ccc(C(=O)CC=O)cc1,100,Likely stable,,55,medium
COC[C@H](C)COCc1ccc([C@@]2(O)CCNC[C@@H]2c2noc(-c3ccccc3CCNC(C)=O)c2Br)cc1,O=CCC(=O)c1ccc(CBr)cc1,O=C1CCC(=O)N1Br,95,Likely stable,,55,medium
COC[C@H](C)COCc1ccc([C@@]2(O)CCNC[C@@H]2c2noc(-c3ccccc3CCNC(C)=O)c2Br)cc1,Cc1ccc(C(=O)CC=O)cc1,CCOC=O,100,Likely stable,,90,low
COC[C@H](C)COCc1ccc([C@@]2(O)CCNC[C@@H]2c2noc(-c3ccccc3CCNC(C)=O)c2Br)cc1,Cc1ccc(C(=O)CC=O)cc1,CC(=O)c1ccc(C)cc1,100,Likely stable,,90,low
COC[C@H](C)COCc1ccc([C@@]2(O)CCNC[C@@H]2c2noc(-c3ccccc3CCNC(C)=O)c2Br)cc1,NCCc1ccccc1-c1onc(CCN)c1Br,BrCCc1ccccc1-c1onc(CCBr)c1Br,,,,90,low
COC[C@H](C)COCc1ccc([C@@]2(O)CCNC[C@@H]2c2noc(-c3ccccc3CCNC(C)=O)c2Br)cc1,BrCCc1ccccc1-c1onc(CCBr)c1Br,CCc1ccccc1-c1onc(CC)c1Br,100,Likely stable,,80,low
COC[C@H](C)COCc1ccc([C@@]2(O)CCNC[C@@H]2c2noc(-c3ccccc3CCNC(C)=O)c2Br)cc1,CCc1ccccc1-c1onc(CC)c1Br,C=Cc1noc(-c2ccccc2CC)c1Br,100,Likely stable,,100,low
COC[C@H](C)COCc1ccc([C@@]2(O)CCNC[C@@H]2c2noc(-c3ccccc3CCNC(C)=O)c2Br)cc1,C=Cc1noc(-c2ccccc2CC)c1Br,C=CB1OC(C)(C)C(C)(C)O1,95,Likely stable,,20,high
COC[C@H](C)COCc1ccc([C@@]2(O)CCNC[C@@H]2c2noc(-c3ccccc3CCNC(C)=O)c2Br)cc1,C=Cc1noc(-c2ccccc2CC)c1Br,CCc1ccccc1-c1onc(Cl)c1Br,100,Likely stable,,20,high
COC[C@H](C)COCc1ccc([C@@]2(O)CCNC[C@@H]2c2noc(-c3ccccc3CCNC(C)=O)c2Br)cc1,CCc1ccccc1-c1onc(Cl)c1Br,O=C1CCC(=O)N1Br,95,Likely stable,,30,high
COC[C@H](C)COCc1ccc([C@@]2(O)CCNC[C@@H]2c2noc(-c3ccccc3CCNC(C)=O)c2Br)cc1,CCc1ccccc1-c1onc(Cl)c1Br,CCc1ccccc1-c1cc(Cl)no1,100,Likely stable,,30,high
COC[C@H](C)COCc1ccc([C@@]2(O)CCNC[C@@H]2c2noc(-c3ccccc3CCNC(C)=O)c2Br)cc1,CCc1ccccc1-c1cc(Cl)no1,O=[N+]([O-])CCl,100,Likely stable,,25,high
COC[C@H](C)COCc1ccc([C@@]2(O)CCNC[C@@H]2c2noc(-c3ccccc3CCNC(C)=O)c2Br)cc1,CCc1ccccc1-c1cc(Cl)no1,C#Cc1ccccc1CC,70,Moderately stable,Contains carbene (highly reactive intermediate),25,high
COCCCc1cc(CN(C(=O)[C@H]2CN(C(=O)OC(C)(C)C)CC[C@@H]2c2ccc(OCCOc3c(Cl)cc(C)cc3Cl)cc2)C2CC2)cc(OCCCC#N)c1,COCCCc1cc(CN(C(=O)[C@H]2CN(C(=O)OC(C)(C)C)CC[C@@H]2c2ccc(OCCOc3c(Cl)cc(C)cc3Cl)cc2)C2CC2)cc(OCCCC#N)c1,COCCCc1cc(C=O)cc(OCCCC#N)c1,70,Moderately stable,Contains carbene (highly reactive intermediate),90,low
COCCCc1cc(CN(C(=O)[C@H]2CN(C(=O)OC(C)(C)C)CC[C@@H]2c2ccc(OCCOc3c(Cl)cc(C)cc3Cl)cc2)C2CC2)cc(OCCCC#N)c1,COCCCc1cc(CN(C(=O)[C@H]2CN(C(=O)OC(C)(C)C)CC[C@@H]2c2ccc(OCCOc3c(Cl)cc(C)cc3Cl)cc2)C2CC2)cc(OCCCC#N)c1,NC1CC1,100,Likely stable,,90,low
COCCCc1cc(CN(C(=O)[C@H]2CN(C(=O)OC(C)(C)C)CC[C@@H]2c2ccc(OCCOc3c(Cl)cc(C)cc3Cl)cc2)C2CC2)cc(OCCCC#N)c1,COCCCc1cc(CN(C(=O)[C@H]2CN(C(=O)OC(C)(C)C)CC[C@@H]2c2ccc(OCCOc3c(Cl)cc(C)cc3Cl)cc2)C2CC2)cc(OCCCC#N)c1,Cc1cc(Cl)c(OCCOc2ccc([C@H]3CCN(C(=O)OC(C)(C)C)C[C@@H]3C(=O)O)cc2)c(Cl)c1,,,,90,low
COCCCc1cc(CN(C(=O)[C@H]2CN(C(=O)OC(C)(C)C)CC[C@@H]2c2ccc(OCCOc3c(Cl)cc(C)cc3Cl)cc2)C2CC2)cc(OCCCC#N)c1,COCCCc1cc(C=O)cc(OCCCC#N)c1,C=CCOC,100,Likely stable,,95,low
COCCCc1cc(CN(C(=O)[C@H]2CN(C(=O)OC(C)(C)C)CC[C@@H]2c2ccc(OCCOc3c(Cl)cc(C)cc3Cl)cc2)C2CC2)cc(OCCCC#N)c1,COCCCc1cc(C=O)cc(OCCCC#N)c1,N#CCCCOc1cc(Br)cc(C=O)c1,70,Moderately stable,Contains carbene (highly reactive intermediate),95,low
COCCCc1cc(CN(C(=O)[C@H]2CN(C(=O)OC(C)(C)C)CC[C@@H]2c2ccc(OCCOc3c(Cl)cc(C)cc3Cl)cc2)C2CC2)cc(OCCCC#N)c1,N#CCCCOc1cc(Br)cc(C=O)c1,N#CCCCBr,65,Moderately stable,Contains carbene (highly reactive intermediate),95,low
COCCCc1cc(CN(C(=O)[C@H]2CN(C(=O)OC(C)(C)C)CC[C@@H]2c2ccc(OCCOc3c(Cl)cc(C)cc3Cl)cc2)C2CC2)cc(OCCCC#N)c1,N#CCCCOc1cc(Br)cc(C=O)c1,O=Cc1cc(O)cc(Br)c1,100,Likely stable,,95,low
COCCCc1cc(CN(C(=O)[C@H]2CN(C(=O)OC(C)(C)C)CC[C@@H]2c2ccc(OCCOc3c(Cl)cc(C)cc3Cl)cc2)C2CC2)cc(OCCCC#N)c1,Cc1cc(Cl)c(OCCOc2ccc([C@H]3CCN(C(=O)OC(C)(C)C)C[C@@H]3C(=O)O)cc2)c(Cl)c1,Cc1cc(Cl)c(OCCOc2ccc([C@H]3CCNC[C@@H]3C(=O)O)cc2)c(Cl)c1,,,,75,medium
COCCCc1cc(CN(C(=O)[C@H]2CN(C(=O)OC(C)(C)C)CC[C@@H]2c2ccc(OCCOc3c(Cl)cc(C)cc3Cl)cc2)C2CC2)cc(OCCCC#N)c1,Cc1cc(Cl)c(OCCOc2ccc([C@H]3CCN(C(=O)OC(C)(C)C)C[C@@H]3C(=O)O)cc2)c(Cl)c1,CC(C)(C)OC(=O)OC(=O)OC(C)(C)C,100,Likely stable,,75,medium
COCCCc1cc(CN(C(=O)[C@H]2CN(C(=O)OC(C)(C)C)CC[C@@H]2c2ccc(OCCOc3c(Cl)cc(C)cc3Cl)cc2)C2CC2)cc(OCCCC#N)c1,Cc1cc(Cl)c(OCCOc2ccc([C@H]3CCNC[C@@H]3C(=O)O)cc2)c(Cl)c1,O=C(O)[C@H]1CNCC[C@@H]1c1ccc(O)cc1,100,Likely stable,,95,low
COCCCc1cc(CN(C(=O)[C@H]2CN(C(=O)OC(C)(C)C)CC[C@@H]2c2ccc(OCCOc3c(Cl)cc(C)cc3Cl)cc2)C2CC2)cc(OCCCC#N)c1,Cc1cc(Cl)c(OCCOc2ccc([C@H]3CCNC[C@@H]3C(=O)O)cc2)c(Cl)c1,Cc1cc(Cl)c(OCCCl)c(Cl)c1,100,Likely stable,,95,low
COCCCc1cc(CN(C(=O)[C@H]2CN(C(=O)OC(C)(C)C)CC[C@@H]2c2ccc(OCCOc3c(Cl)cc(C)cc3Cl)cc2)C2CC2)cc(OCCCC#N)c1,O=C(O)[C@H]1CNCC[C@@H]1c1ccc(O)cc1,OC[C@H]1CNCC[C@@H]1c1ccc(O)cc1,100,Likely stable,,90,low
COCCCc1cc(CN(C(=O)[C@H]2CN(C(=O)OC(C)(C)C)CC[C@@H]2c2ccc(OCCOc3c(Cl)cc(C)cc3Cl)cc2)C2CC2)cc(OCCCC#N)c1,OC[C@H]1CNCC[C@@H]1c1ccc(O)cc1,O=CC[C@H](CCNC[C@H](O)C=O)c1ccc(O)cc1,,,,40,medium
COCCCc1cc(CN(C(=O)[C@H]2CN(C(=O)OC(C)(C)C)CC[C@@H]2c2ccc(OCCOc3c(Cl)cc(C)cc3Cl)cc2)C2CC2)cc(OCCCC#N)c1,O=CC[C@H](CCNC[C@H](O)C=O)c1ccc(O)cc1,O=CCC(CC=O)c1ccc(O)cc1,,,,95,low
COCCCc1cc(CN(C(=O)[C@H]2CN(C(=O)OC(C)(C)C)CC[C@@H]2c2ccc(OCCOc3c(Cl)cc(C)cc3Cl)cc2)C2CC2)cc(OCCCC#N)c1,O=CC[C@H](CCNC[C@H](O)C=O)c1ccc(O)cc1,NC[C@H](O)C=O,100,Likely stable,,95,low
COCCCc1cc(CN(C(=O)[C@H]2CN(C(=O)OC(C)(C)C)CC[C@@H]2c2ccc(OCCOc3c(Cl)cc(C)cc3Cl)cc2)C2CC2)cc(OCCCC#N)c1,O=CCC(CC=O)c1ccc(O)cc1,OCCC(CCO)c1ccc(O)cc1,,,,100,low
COCCCc1cc(CN(C(=O)[C@H]2CN(C(=O)OC(C)(C)C)CC[C@@H]2c2ccc(OCCOc3c(Cl)cc(C)cc3Cl)cc2)C2CC2)cc(OCCCC#N)c1,OCCC(CCO)c1ccc(O)cc1,C=Cc1ccc(O)cc1,100,Likely stable,,60,medium
COCCCc1cc(CN(C(=O)[C@H]2CN(C(=O)OC(C)(C)C)CC[C@@H]2c2ccc(OCCOc3c(Cl)cc(C)cc3Cl)cc2)C2CC2)cc(OCCCC#N)c1,OCCC(CCO)c1ccc(O)cc1,C1CO1,80,Likely stable,Three-membered heterocycle (potentially unstable),60,medium
COCCCc1cc(CN(C(=O)[C@H]2CN(C(=O)OC(C)(C)C)CC[C@@H]2c2ccc(OCCOc3c(Cl)cc(C)cc3Cl)cc2)C2CC2)cc(OCCCC#N)c1,C=Cc1ccc(O)cc1,C=Cc1ccc(OC)cc1,100,Likely stable,,95,low
COCCCc1cc(CN(C(=O)[C@H]2CN(C(=O)OC(C)(C)C)CC[C@@H]2c2ccc(OCCOc3c(Cl)cc(C)cc3Cl)cc2)C2CC2)cc(OCCCC#N)c1,Cc1cc(Cl)c(OCCCl)c(Cl)c1,ClCCBr,100,Likely stable,,95,low
COCCCc1cc(CN(C(=O)[C@H]2CN(C(=O)OC(C)(C)C)CC[C@@H]2c2ccc(OCCOc3c(Cl)cc(C)cc3Cl)cc2)C2CC2)cc(OCCCC#N)c1,Cc1cc(Cl)c(OCCCl)c(Cl)c1,Cc1cc(Cl)c(O)c(Cl)c1,100,Likely stable,,95,low
COCCCc1cc(CN(C(=O)[C@H]2CN(C(=O)OC(C)(C)C)CC[C@@H]2c2ccc(OCCOc3c(Cl)cc(C)cc3Cl)cc2)C2CC2)cc(OCCCC#N)c1,CC(C)(C)OC(=O)OC(=O)OC(C)(C)C,C=C(C)C,100,Likely stable,,95,low
COCCCc1cc(CN(C(=O)[C@H]2CN(C(=O)OC(C)(C)C)CC[C@@H]2c2ccc(OCCOc3c(Cl)cc(C)cc3Cl)cc2)C2CC2)cc(OCCCC#N)c1,CC(C)(C)OC(=O)OC(=O)OC(C)(C)C,CC(C)(C)OC(=O)OC(=O)O,100,Likely stable,,95,low
COCCCc1cc(CN(C(=O)[C@H]2CN(C(=O)OC(C)(C)C)CC[C@@H]2c2ccc(OCCOc3c(Cl)cc(C)cc3Cl)cc2)C2CC2)cc(OCCCC#N)c1,CC(C)(C)OC(=O)OC(=O)O,C=C(C)C,100,Likely stable,,95,low
COCCCc1cc(CN(C(=O)[C@H]2CN(C(=O)OC(C)(C)C)CC[C@@H]2c2ccc(OCCOc3c(Cl)cc(C)cc3Cl)cc2)C2CC2)cc(OCCCC#N)c1,CC(C)(C)OC(=O)OC(=O)O,O=C(O)OC(=O)O,100,Likely stable,,95,low
C[C@@H](O)c1nc2cnc3ccsc3c2n1[C@H]1CC[C@H](CO)CC1,C[C@@H](O)c1nc2cnc3ccsc3c2n1[C@H]1CC[C@H](CO)CC1,COC(=O)[C@H]1CC[C@H](n2c([C@@H](C)O)nc3cnc4ccsc4c32)CC1,100,Likely stable,,95,low
C[C@@H](O)c1nc2cnc3ccsc3c2n1[C@H]1CC[C@H](CO)CC1,COC(=O)[C@H]1CC[C@H](n2c([C@@H](C)O)nc3cnc4ccsc4c32)CC1,C[C@@H](O)C(N)=O,100,Likely stable,,5,critical
C[C@@H](O)c1nc2cnc3ccsc3c2n1[C@H]1CC[C@H](CO)CC1,COC(=O)[C@H]1CC[C@H](n2c([C@@H](C)O)nc3cnc4ccsc4c32)CC1,COC(=O)[C@H]1CC[C@H](Nc2c(N)cnc3ccsc23)CC1,100,Likely stable,,5,critical
C[C@@H](O)c1nc2cnc3ccsc3c2n1[C@H]1CC[C@H](CO)CC1,COC(=O)[C@H]1CC[C@H](Nc2c(N)cnc3ccsc23)CC1,COC(=O)[C@H]1CC[C@H](Nc2c([N+](=O)[O-])cnc3ccsc23)CC1,100,Likely stable,,90,low
C[C@@H](O)c1nc2cnc3ccsc3c2n1[C@H]1CC[C@H](CO)CC1,COC(=O)[C@H]1CC[C@H](Nc2c([N+](=O)[O-])cnc3ccsc23)CC1,COC(=O)[C@H]1CC[C@H](N)CC1,100,Likely stable,,95,low
C[C@@H](O)c1nc2cnc3ccsc3c2n1[C@H]1CC[C@H](CO)CC1,COC(=O)[C@H]1CC[C@H](Nc2c([N+](=O)[O-])cnc3ccsc23)CC1,O=[N+]([O-])c1cnc2ccsc2c1Cl,100,Likely stable,,95,low
C#CC1(O)C(C)=CC2(CC1(C)C(F)(F)F)OC(C)C(C)O2,C#CC1(O)C(C)=CC2(CC1(C)C(F)(F)F)OC(C)C(C)O2,C#CC1(O)C(C)=CC(=O)CC1(C)C(F)(F)F,65,Moderately stable,Contains carbene (highly reactive intermediate),65,medium
C#CC1(O)C(C)=CC2(CC1(C)C(F)(F)F)OC(C)C(C)O2,C#CC1(O)C(C)=CC2(CC1(C)C(F)(F)F)OC(C)C(C)O2,CC(O)C(C)O,100,Likely stable,,65,medium
C#CC1(O)C(C)=CC2(CC1(C)C(F)(F)F)OC(C)C(C)O2,C#CC1(O)C(C)=CC(=O)CC1(C)C(F)(F)F,CC1=CC(=O)CC(C)(C(F)(F)F)C1=O,100,Likely stable,,95,low
C#CC1(O)C(C)=CC2(CC1(C)C(F)(F)F)OC(C)C(C)O2,C#CC1(O)C(C)=CC(=O)CC1(C)C(F)(F)F,C#C,100,Likely stable,,95,low
C#CC1(O)C(C)=CC2(CC1(C)C(F)(F)F)OC(C)C(C)O2,CC1=CC(=O)CC(C)(C(F)(F)F)C1=O,CC1=CC(=O)CCC1,100,Likely stable,,95,low
C#CC1(O)C(C)=CC2(CC1(C)C(F)(F)F)OC(C)C(C)O2,CC1=CC(=O)CC(C)(C(F)(F)F)C1=O,CC(=O)C(F)(F)F,100,Likely stable,,95,low
C#CC1(O)C(C)=CC2(CC1(C)C(F)(F)F)OC(C)C(C)O2,CC1=CC(=O)CCC1,CC(=O)O,100,Likely stable,,90,low
C#CC1(O)C(C)=CC2(CC1(C)C(F)(F)F)OC(C)C(C)O2,CC1=CC(=O)CCC1,CC1=CCCCC1,100,Likely stable,,90,low
CC(C)(C)OC(=O)N[C@@H]1c2cccnc2C(=O)CC[C@H]1c1cccc(F)c1F,CC(C)(C)OC(=O)N[C@@H]1c2cccnc2C(=O)CC[C@H]1c1cccc(F)c1F,CC(C)(C)OC(=O)N[C@@H](c1cccnc1C=O)[C@H](CCBr)c1cccc(F)c1F,100,Likely stable,,70,medium
CC(C)(C)OC(=O)N[C@@H]1c2cccnc2C(=O)CC[C@H]1c1cccc(F)c1F,CC(C)(C)OC(=O)N[C@@H](c1cccnc1C=O)[C@H](CCBr)c1cccc(F)c1F,CC(C)(C)OC(=O)N[C@H](C=O)c1cccnc1C=O,100,Likely stable,,95,low
CC(C)(C)OC(=O)N[C@@H]1c2cccnc2C(=O)CC[C@H]1c1cccc(F)c1F,CC(C)(C)OC(=O)N[C@@H](c1cccnc1C=O)[C@H](CCBr)c1cccc(F)c1F,N[C@H](CCBr)c1cccc(F)c1F,100,Likely stable,,95,low
CC(C)(C)OC(=O)N[C@@H]1c2cccnc2C(=O)CC[C@H]1c1cccc(F)c1F,CC(C)(C)OC(=O)N[C@H](C=O)c1cccnc1C=O,CN(C)C=O,100,Likely stable,,30,high
CC(C)(C)OC(=O)N[C@@H]1c2cccnc2C(=O)CC[C@H]1c1cccc(F)c1F,CC(C)(C)OC(=O)N[C@H](C=O)c1cccnc1C=O,CC(C)(C)OC(=O)N[C@H](C=O)c1cccnc1,100,Likely stable,,30,high
CC(C)(C)OC(=O)N[C@@H]1c2cccnc2C(=O)CC[C@H]1c1cccc(F)c1F,CC(C)(C)OC(=O)N[C@H](C=O)c1cccnc1,CC(C)(C)OC(=O)N[C@H](CO)c1cccnc1,100,Likely stable,,100,low
CC(C)(C)OC(=O)N[C@@H]1c2cccnc2C(=O)CC[C@H]1c1cccc(F)c1F,N[C@H](CCBr)c1cccc(F)c1F,O=C1CCC(=O)N1Br,95,Likely stable,,55,medium
CC(C)(C)OC(=O)N[C@@H]1c2cccnc2C(=O)CC[C@H]1c1cccc(F)c1F,N[C@H](CCBr)c1cccc(F)c1F,N[C@H](CCO)c1cccc(F)c1F,100,Likely stable,,55,medium
CC(C)(C)OC(=O)N[C@@H]1c2cccnc2C(=O)CC[C@H]1c1cccc(F)c1F,N[C@H](CCO)c1cccc(F)c1F,N[C@H](CC(=O)O)c1cccc(F)c1F,100,Likely stable,,95,low
CS(=O)(=O)CCN1CCC(c2ccc3c(c2)-n2nc(-c4ncnn4CC(F)(F)F)cc2CCO3)CC1,CS(=O)(=O)CCN1CCC(c2ccc3c(c2)-n2nc(-c4ncnn4CC(F)(F)F)cc2CCO3)CC1,CS(=O)(=O)CCN1CCC(c2ccc(O)c(-n3nc(-c4ncnn4CC(F)(F)F)cc3CCBr)c2)CC1,,,,70,medium
CS(=O)(=O)CCN1CCC(c2ccc3c(c2)-n2nc(-c4ncnn4CC(F)(F)F)cc2CCO3)CC1,CS(=O)(=O)CCN1CCC(c2ccc(O)c(-n3nc(-c4ncnn4CC(F)(F)F)cc3CCBr)c2)CC1,CCc1cc(-c2ncnn2CC(F)(F)F)nn1-c1cc(C2CCN(CCS(C)(=O)=O)CC2)ccc1O,,,,90,low
CS(=O)(=O)CCN1CCC(c2ccc3c(c2)-n2nc(-c4ncnn4CC(F)(F)F)cc2CCO3)CC1,CCc1cc(-c2ncnn2CC(F)(F)F)nn1-c1cc(C2CCN(CCS(C)(=O)=O)CC2)ccc1O,CCc1cc(-c2ncnn2CC(F)(F)F)nn1-c1cc(C2CCNCC2)ccc1O,,,,95,low
CS(=O)(=O)CCN1CCC(c2ccc3c(c2)-n2nc(-c4ncnn4CC(F)(F)F)cc2CCO3)CC1,CCc1cc(-c2ncnn2CC(F)(F)F)nn1-c1cc(C2CCN(CCS(C)(=O)=O)CC2)ccc1O,CS(=O)(=O)CCBr,100,Likely stable,,95,low
CS(=O)(=O)CCN1CCC(c2ccc3c(c2)-n2nc(-c4ncnn4CC(F)(F)F)cc2CCO3)CC1,CCc1cc(-c2ncnn2CC(F)(F)F)nn1-c1cc(C2CCNCC2)ccc1O,Oc1ccc(C2CCNCC2)cc1Br,100,Likely stable,,95,low
CS(=O)(=O)CCN1CCC(c2ccc3c(c2)-n2nc(-c4ncnn4CC(F)(F)F)cc2CCO3)CC1,CCc1cc(-c2ncnn2CC(F)(F)F)nn1-c1cc(C2CCNCC2)ccc1O,CCc1cc(-c2ncnn2CC(F)(F)F)n[nH]1,100,Likely stable,,95,low
CS(=O)(=O)CCN1CCC(c2ccc3c(c2)-n2nc(-c4ncnn4CC(F)(F)F)cc2CCO3)CC1,Oc1ccc(C2CCNCC2)cc1Br,O=C1CCC(=O)N1Br,95,Likely stable,,55,medium
CS(=O)(=O)CCN1CCC(c2ccc3c(c2)-n2nc(-c4ncnn4CC(F)(F)F)cc2CCO3)CC1,Oc1ccc(C2CCNCC2)cc1Br,Oc1ccc(C2CCNCC2)cc1,100,Likely stable,,55,medium
CS(=O)(=O)CCN1CCC(c2ccc3c(c2)-n2nc(-c4ncnn4CC(F)(F)F)cc2CCO3)CC1,CCc1cc(-c2ncnn2CC(F)(F)F)n[nH]1,FC(F)(F)CBr,100,Likely stable,,95,low
CS(=O)(=O)CCN1CCC(c2ccc3c(c2)-n2nc(-c4ncnn4CC(F)(F)F)cc2CCO3)CC1,CCc1cc(-c2ncnn2CC(F)(F)F)n[nH]1,CCc1cc(-c2ncn[nH]2)n[nH]1,100,Likely stable,,95,low
CS(=O)(=O)CCN1CCC(c2ccc3c(c2)-n2nc(-c4ncnn4CC(F)(F)F)cc2CCO3)CC1,CCc1cc(-c2ncn[nH]2)n[nH]1,NN,100,Likely stable,,0,critical
CS(=O)(=O)CCN1CCC(c2ccc3c(c2)-n2nc(-c4ncnn4CC(F)(F)F)cc2CCO3)CC1,CCc1cc(-c2ncn[nH]2)n[nH]1,CCC(=O)Cl,100,Likely stable,,0,critical
CS(=O)(=O)CCN1CCC(c2ccc3c(c2)-n2nc(-c4ncnn4CC(F)(F)F)cc2CCO3)CC1,CCc1cc(-c2ncn[nH]2)n[nH]1,CC(=O)c1ncn[nH]1,100,Likely stable,,0,critical
CS(=O)(=O)CCN1CCC(c2ccc3c(c2)-n2nc(-c4ncnn4CC(F)(F)F)cc2CCO3)CC1,NN,NN=O,100,Likely stable,,95,low
CS(=O)(=O)CCN1CCC(c2ccc3c(c2)-n2nc(-c4ncnn4CC(F)(F)F)cc2CCO3)CC1,NN=O,O=N[N+](=O)[O-],100,Likely stable,,90,low
C[C@@H]1CCCN1CCc1nnc2cc(Br)ccc2c1O,C[C@@H]1CCCN1CCc1nnc2cc(Br)ccc2c1O,C[C@@H]1CCCN1,95,Likely stable,,95,low
C[C@@H]1CCCN1CCc1nnc2cc(Br)ccc2c1O,C[C@@H]1CCCN1CCc1nnc2cc(Br)ccc2c1O,Oc1c(CCBr)nnc2cc(Br)ccc12,,,,95,low
C[C@@H]1CCCN1CCc1nnc2cc(Br)ccc2c1O,C[C@@H]1CCCN1,C[C@@H]1CCCN1Cc1ccccc1,100,Likely stable,,0,critical
C[C@@H]1CCCN1CCc1nnc2cc(Br)ccc2c1O,Oc1c(CCBr)nnc2cc(Br)ccc12,Oc1cnnc2cc(Br)ccc12,100,Likely stable,,95,low
C[C@@H]1CCCN1CCc1nnc2cc(Br)ccc2c1O,Oc1c(CCBr)nnc2cc(Br)ccc12,BrCCBr,100,Likely stable,,95,low
C[C@@H]1CCCN1CCc1nnc2cc(Br)ccc2c1O,Oc1cnnc2cc(Br)ccc12,CC(=O)Oc1cnnc2cc(Br)ccc12,100,Likely stable,,90,low
C[C@@H]1CCCN1CCc1nnc2cc(Br)ccc2c1O,CC(=O)Oc1cnnc2cc(Br)ccc12,O=C1CCC(=O)N1Br,95,Likely stable,,55,medium
C[C@@H]1CCCN1CCc1nnc2cc(Br)ccc2c1O,CC(=O)Oc1cnnc2cc(Br)ccc12,CC(=O)Oc1cnnc2ccccc12,100,Likely stable,,55,medium
C[C@@H]1CCCN1CCc1nnc2cc(Br)ccc2c1O,CC(=O)Oc1cnnc2ccccc12,CC(=O)OC(C)=O,100,Likely stable,,90,low
C[C@@H]1CCCN1CCc1nnc2cc(Br)ccc2c1O,CC(=O)Oc1cnnc2ccccc12,Oc1cnnc2ccccc12,100,Likely stable,,90,low
O=C(Cc1cccs1)NC1C(=O)N2C(C(=O)O)C(CBr)=CS[C@H]12,O=C(Cc1cccs1)NC1C(=O)N2C(C(=O)O)C(CBr)=CS[C@H]12,NC1C(=O)N2C(C(=O)O)C(CBr)=CSC12,,,,95,low
O=C(Cc1cccs1)NC1C(=O)N2C(C(=O)O)C(CBr)=CS[C@H]12,O=C(Cc1cccs1)NC1C(=O)N2C(C(=O)O)C(CBr)=CS[C@H]12,O=C(Cl)Cc1cccs1,100,Likely stable,,95,low
O=C(Cc1cccs1)NC1C(=O)N2C(C(=O)O)C(CBr)=CS[C@H]12,NC1C(=O)N2C(C(=O)O)C(CBr)=CSC12,CC1=CSC2C(N)C(=O)N2C1C(=O)O,,,,90,low
O=C(Cc1cccs1)NC1C(=O)N2C(C(=O)O)C(CBr)=CS[C@H]12,CC1=CSC2C(N)C(=O)N2C1C(=O)O,CC=CSC(N)C(=O)NC(C(=O)O)C(=O)O,,,,40,medium
O=C(Cc1cccs1)NC1C(=O)N2C(C(=O)O)C(CBr)=CS[C@H]12,CC=CSC(N)C(=O)NC(C(=O)O)C(=O)O,NC(C(=O)O)C(=O)O,,,,95,low
O=C(Cc1cccs1)NC1C(=O)N2C(C(=O)O)C(CBr)=CS[C@H]12,CC=CSC(N)C(=O)NC(C(=O)O)C(=O)O,CC=CSC(N)C(=O)Cl,,,,95,low
O=C(Cc1cccs1)NC1C(=O)N2C(C(=O)O)C(CBr)=CS[C@H]12,CC=CSC(N)C(=O)Cl,CC=CSC(N)C(=O)O,,,,95,low
O=C(Cc1cccs1)NC1C(=O)N2C(C(=O)O)C(CBr)=CS[C@H]12,CC=CSC(N)C(=O)O,NC(CS)C(=O)O,,,,95,low
O=C(Cc1cccs1)NC1C(=O)N2C(C(=O)O)C(CBr)=CS[C@H]12,CC=CSC(N)C(=O)O,C=CCBr,100,Likely stable,,95,low
O=C(Cc1cccs1)NC1C(=O)N2C(C(=O)O)C(CBr)=CS[C@H]12,O=C(Cl)Cc1cccs1,O=C(Cl)C(=O)Cl,100,Likely stable,,85,low
O=C(Cc1cccs1)NC1C(=O)N2C(C(=O)O)C(CBr)=CS[C@H]12,O=C(Cl)Cc1cccs1,O=C(O)Cc1cccs1,100,Likely stable,,85,low
CN1CCN(c2ccc3c(c2)[nH]c2c(C(N)=O)cc(-c4cnn(C)c4)nc23)CC1,CN1CCN(c2ccc3c(c2)[nH]c2c(C(N)=O)cc(-c4cnn(C)c4)nc23)CC1,CN1CCNCC1,95,Likely stable,,95,low
CN1CCN(c2ccc3c(c2)[nH]c2c(C(N)=O)cc(-c4cnn(C)c4)nc23)CC1,CN1CCN(c2ccc3c(c2)[nH]c2c(C(N)=O)cc(-c4cnn(C)c4)nc23)CC1,Cn1cc(-c2cc(C(N)=O)c3[nH]c4cc(Cl)ccc4c3n2)cn1,,,,95,low
CN1CCN(c2ccc3c(c2)[nH]c2c(C(N)=O)cc(-c4cnn(C)c4)nc23)CC1,CN1CCNCC1,CN1CCN(Cc2ccccc2)CC1,100,Likely stable,,0,critical
CN1CCN(c2ccc3c(c2)[nH]c2c(C(N)=O)cc(-c4cnn(C)c4)nc23)CC1,Cn1cc(-c2cc(C(N)=O)c3[nH]c4cc(Cl)ccc4c3n2)cn1,Cn1cc(-c2cc(C(=O)O)c3[nH]c4cc(Cl)ccc4c3n2)cn1,100,Likely stable,,95,low
CN1CCN(c2ccc3c(c2)[nH]c2c(C(N)=O)cc(-c4cnn(C)c4)nc23)CC1,Cn1cc(-c2cc(C(=O)O)c3[nH]c4cc(Cl)ccc4c3n2)cn1,Cn1cc(B2OC(C)(C)C(C)(C)O2)cn1,100,Likely stable,,20,high
CN1CCN(c2ccc3c(c2)[nH]c2c(C(N)=O)cc(-c4cnn(C)c4)nc23)CC1,Cn1cc(-c2cc(C(=O)O)c3[nH]c4cc(Cl)ccc4c3n2)cn1,O=C(O)c1cc(Cl)nc2c1[nH]c1cc(Cl)ccc12,100,Likely stable,,20,high
CN1CCN(c2ccc3c(c2)[nH]c2c(C(N)=O)cc(-c4cnn(C)c4)nc23)CC1,O=C(O)c1cc(Cl)nc2c1[nH]c1cc(Cl)ccc12,O=C(O)c1cc(Cl)ncc1Nc1cccc(Cl)c1,100,Likely stable,,70,medium
CN1CCN(c2ccc3c(c2)[nH]c2c(C(N)=O)cc(-c4cnn(C)c4)nc23)CC1,O=C(O)c1cc(Cl)ncc1Nc1cccc(Cl)c1,CC(C)(C)OC(=O)c1cc(Cl)ncc1Nc1cccc(Cl)c1,100,Likely stable,,80,low
CN1CCN(c2ccc3c(c2)[nH]c2c(C(N)=O)cc(-c4cnn(C)c4)nc23)CC1,CC(C)(C)OC(=O)c1cc(Cl)ncc1Nc1cccc(Cl)c1,Nc1cccc(Cl)c1,100,Likely stable,,95,low
CN1CCN(c2ccc3c(c2)[nH]c2c(C(N)=O)cc(-c4cnn(C)c4)nc23)CC1,CC(C)(C)OC(=O)c1cc(Cl)ncc1Nc1cccc(Cl)c1,CC(C)(C)OC(=O)c1cc(Cl)ncc1Br,100,Likely stable,,95,low
CN1CCN(c2ccc3c(c2)[nH]c2c(C(N)=O)cc(-c4cnn(C)c4)nc23)CC1,CC(C)(C)OC(=O)c1cc(Cl)ncc1Br,CC(C)(C)OC(=O)OC(=O)OC(C)(C)C,100,Likely stable,,70,medium
CN1CCN(c2ccc3c(c2)[nH]c2c(C(N)=O)cc(-c4cnn(C)c4)nc23)CC1,CC(C)(C)OC(=O)c1cc(Cl)ncc1Br,O=C(O)c1cc(Cl)ncc1Br,100,Likely stable,,70,medium
CC1(C)OCC(C)(C=O)N(Cc2ccccc2)C1=O,CC1(C)OCC(C)(C=O)N(Cc2ccccc2)C1=O,CC1(C)OCC(C)(CO)N(Cc2ccccc2)C1=O,100,Likely stable,,100,low
CC1(C)OCC(C)(C=O)N(Cc2ccccc2)C1=O,CC1(C)OCC(C)(CO)N(Cc2ccccc2)C1=O,CC1(CO)COC(C)(C)C(=O)N1,,,,95,low
CC1(C)OCC(C)(C=O)N(Cc2ccccc2)C1=O,CC1(C)OCC(C)(CO)N(Cc2ccccc2)C1=O,BrCc1ccccc1,100,Likely stable,,95,low
CC1(C)OCC(C)(C=O)N(Cc2ccccc2)C1=O,CC1(CO)COC(C)(C)C(=O)N1,CC(C)(O)CNC(C)(C)CO,100,Likely stable,,70,medium
CC1(C)OCC(C)(C=O)N(Cc2ccccc2)C1=O,CC1(CO)COC(C)(C)C(=O)N1,O=C=O,65,Moderately stable,Contains carbene (highly reactive intermediate),70,medium
CC1(C)OCC(C)(C=O)N(Cc2ccccc2)C1=O,CC(C)(O)CNC(C)(C)CO,CC1(C)CO1,80,Likely stable,Three-membered heterocycle (potentially unstable),75,medium
CC1(C)OCC(C)(C=O)N(Cc2ccccc2)C1=O,CC(C)(O)CNC(C)(C)CO,CC(C)(N)CO,100,Likely stable,,75,medium
CC1(C)OCC(C)(C=O)N(Cc2ccccc2)C1=O,BrCc1ccccc1,Cc1ccccc1,100,Likely stable,,55,medium
CC1(C)OCC(C)(C=O)N(Cc2ccccc2)C1=O,BrCc1ccccc1,O=C1CCC(=O)N1Br,95,Likely stable,,55,medium
COCCCc1cc(CN(C(=O)[C@H]2CN(C(=O)OC(C)(C)C)CC[C@@H]2c2ccc(OCCOc3c(Cl)cc(C)cc3Cl)cc2)C2CC2)cc(OS(=O)(=O)C(F)(F)F)c1,COCCCc1cc(CN(C(=O)[C@H]2CN(C(=O)OC(C)(C)C)CC[C@@H]2c2ccc(OCCOc3c(Cl)cc(C)cc3Cl)cc2)C2CC2)cc(OS(=O)(=O)C(F)(F)F)c1,COCCCc1cc(CNC2CC2)cc(OS(=O)(=O)C(F)(F)F)c1,100,Likely stable,,95,low
COCCCc1cc(CN(C(=O)[C@H]2CN(C(=O)OC(C)(C)C)CC[C@@H]2c2ccc(OCCOc3c(Cl)cc(C)cc3Cl)cc2)C2CC2)cc(OS(=O)(=O)C(F)(F)F)c1,COCCCc1cc(CN(C(=O)[C@H]2CN(C(=O)OC(C)(C)C)CC[C@@H]2c2ccc(OCCOc3c(Cl)cc(C)cc3Cl)cc2)C2CC2)cc(OS(=O)(=O)C(F)(F)F)c1,Cc1cc(Cl)c(OCCOc2ccc([C@H]3CCN(C(=O)OC(C)(C)C)C[C@@H]3C(=O)O)cc2)c(Cl)c1,,,,95,low
COCCCc1cc(CN(C(=O)[C@H]2CN(C(=O)OC(C)(C)C)CC[C@@H]2c2ccc(OCCOc3c(Cl)cc(C)cc3Cl)cc2)C2CC2)cc(OS(=O)(=O)C(F)(F)F)c1,COCCCc1cc(CNC2CC2)cc(OS(=O)(=O)C(F)(F)F)c1,COCCCc1cc(C=O)cc(OS(=O)(=O)C(F)(F)F)c1,100,Likely stable,,95,low
COCCCc1cc(CN(C(=O)[C@H]2CN(C(=O)OC(C)(C)C)CC[C@@H]2c2ccc(OCCOc3c(Cl)cc(C)cc3Cl)cc2)C2CC2)cc(OS(=O)(=O)C(F)(F)F)c1,COCCCc1cc(CNC2CC2)cc(OS(=O)(=O)C(F)(F)F)c1,CNC1CC1,100,Likely stable,,95,low
COCCCc1cc(CN(C(=O)[C@H]2CN(C(=O)OC(C)(C)C)CC[C@@H]2c2ccc(OCCOc3c(Cl)cc(C)cc3Cl)cc2)C2CC2)cc(OS(=O)(=O)C(F)(F)F)c1,COCCCc1cc(C=O)cc(OS(=O)(=O)C(F)(F)F)c1,COCCCc1cc(O)cc(C=O)c1,100,Likely stable,,85,low
COCCCc1cc(CN(C(=O)[C@H]2CN(C(=O)OC(C)(C)C)CC[C@@H]2c2ccc(OCCOc3c(Cl)cc(C)cc3Cl)cc2)C2CC2)cc(OS(=O)(=O)C(F)(F)F)c1,COCCCc1cc(C=O)cc(OS(=O)(=O)C(F)(F)F)c1,O=S(=O)(OS(=O)(=O)C(F)(F)F)C(F)(F)F,100,Likely stable,,85,low
COCCCc1cc(CN(C(=O)[C@H]2CN(C(=O)OC(C)(C)C)CC[C@@H]2c2ccc(OCCOc3c(Cl)cc(C)cc3Cl)cc2)C2CC2)cc(OS(=O)(=O)C(F)(F)F)c1,COCCCc1cc(O)cc(C=O)c1,C=CCOC,100,Likely stable,,95,low
COCCCc1cc(CN(C(=O)[C@H]2CN(C(=O)OC(C)(C)C)CC[C@@H]2c2ccc(OCCOc3c(Cl)cc(C)cc3Cl)cc2)C2CC2)cc(OS(=O)(=O)C(F)(F)F)c1,COCCCc1cc(O)cc(C=O)c1,O=Cc1cc(O)cc(Br)c1,100,Likely stable,,95,low
COCCCc1cc(CN(C(=O)[C@H]2CN(C(=O)OC(C)(C)C)CC[C@@H]2c2ccc(OCCOc3c(Cl)cc(C)cc3Cl)cc2)C2CC2)cc(OS(=O)(=O)C(F)(F)F)c1,Cc1cc(Cl)c(OCCOc2ccc([C@H]3CCN(C(=O)OC(C)(C)C)C[C@@H]3C(=O)O)cc2)c(Cl)c1,Cc1cc(Cl)c(OCCOc2ccc([C@H]3CCNC[C@@H]3C(=O)O)cc2)c(Cl)c1,,,,75,medium
COCCCc1cc(CN(C(=O)[C@H]2CN(C(=O)OC(C)(C)C)CC[C@@H]2c2ccc(OCCOc3c(Cl)cc(C)cc3Cl)cc2)C2CC2)cc(OS(=O)(=O)C(F)(F)F)c1,Cc1cc(Cl)c(OCCOc2ccc([C@H]3CCN(C(=O)OC(C)(C)C)C[C@@H]3C(=O)O)cc2)c(Cl)c1,CC(C)(C)OC(=O)OC(=O)OC(C)(C)C,100,Likely stable,,75,medium
COCCCc1cc(CN(C(=O)[C@H]2CN(C(=O)OC(C)(C)C)CC[C@@H]2c2ccc(OCCOc3c(Cl)cc(C)cc3Cl)cc2)C2CC2)cc(OS(=O)(=O)C(F)(F)F)c1,Cc1cc(Cl)c(OCCOc2ccc([C@H]3CCNC[C@@H]3C(=O)O)cc2)c(Cl)c1,O=C(O)[C@H]1CNCC[C@@H]1c1ccc(O)cc1,100,Likely stable,,95,low
COCCCc1cc(CN(C(=O)[C@H]2CN(C(=O)OC(C)(C)C)CC[C@@H]2c2ccc(OCCOc3c(Cl)cc(C)cc3Cl)cc2)C2CC2)cc(OS(=O)(=O)C(F)(F)F)c1,Cc1cc(Cl)c(OCCOc2ccc([C@H]3CCNC[C@@H]3C(=O)O)cc2)c(Cl)c1,Cc1cc(Cl)c(OCCCl)c(Cl)c1,100,Likely stable,,95,low
COCCCc1cc(CN(C(=O)[C@H]2CN(C(=O)OC(C)(C)C)CC[C@@H]2c2ccc(OCCOc3c(Cl)cc(C)cc3Cl)cc2)C2CC2)cc(OS(=O)(=O)C(F)(F)F)c1,O=C(O)[C@H]1CNCC[C@@H]1c1ccc(O)cc1,OC[C@H]1CNCC[C@@H]1c1ccc(O)cc1,100,Likely stable,,90,low
COCCCc1cc(CN(C(=O)[C@H]2CN(C(=O)OC(C)(C)C)CC[C@@H]2c2ccc(OCCOc3c(Cl)cc(C)cc3Cl)cc2)C2CC2)cc(OS(=O)(=O)C(F)(F)F)c1,OC[C@H]1CNCC[C@@H]1c1ccc(O)cc1,O=CC[C@H](CCNC[C@H](O)C=O)c1ccc(O)cc1,,,,40,medium
COCCCc1cc(CN(C(=O)[C@H]2CN(C(=O)OC(C)(C)C)CC[C@@H]2c2ccc(OCCOc3c(Cl)cc(C)cc3Cl)cc2)C2CC2)cc(OS(=O)(=O)C(F)(F)F)c1,O=CC[C@H](CCNC[C@H](O)C=O)c1ccc(O)cc1,O=CCC(CC=O)c1ccc(O)cc1,,,,95,low
COCCCc1cc(CN(C(=O)[C@H]2CN(C(=O)OC(C)(C)C)CC[C@@H]2c2ccc(OCCOc3c(Cl)cc(C)cc3Cl)cc2)C2CC2)cc(OS(=O)(=O)C(F)(F)F)c1,O=CC[C@H](CCNC[C@H](O)C=O)c1ccc(O)cc1,NC[C@H](O)C=O,100,Likely stable,,95,low
COCCCc1cc(CN(C(=O)[C@H]2CN(C(=O)OC(C)(C)C)CC[C@@H]2c2ccc(OCCOc3c(Cl)cc(C)cc3Cl)cc2)C2CC2)cc(OS(=O)(=O)C(F)(F)F)c1,O=CCC(CC=O)c1ccc(O)cc1,OCCC(CCO)c1ccc(O)cc1,,,,100,low
COCCCc1cc(CN(C(=O)[C@H]2CN(C(=O)OC(C)(C)C)CC[C@@H]2c2ccc(OCCOc3c(Cl)cc(C)cc3Cl)cc2)C2CC2)cc(OS(=O)(=O)C(F)(F)F)c1,OCCC(CCO)c1ccc(O)cc1,C=Cc1ccc(O)cc1,100,Likely stable,,60,medium
COCCCc1cc(CN(C(=O)[C@H]2CN(C(=O)OC(C)(C)C)CC[C@@H]2c2ccc(OCCOc3c(Cl)cc(C)cc3Cl)cc2)C2CC2)cc(OS(=O)(=O)C(F)(F)F)c1,OCCC(CCO)c1ccc(O)cc1,C1CO1,80,Likely stable,Three-membered heterocycle (potentially unstable),60,medium
COCCCc1cc(CN(C(=O)[C@H]2CN(C(=O)OC(C)(C)C)CC[C@@H]2c2ccc(OCCOc3c(Cl)cc(C)cc3Cl)cc2)C2CC2)cc(OS(=O)(=O)C(F)(F)F)c1,C=Cc1ccc(O)cc1,C=Cc1ccc(OC)cc1,100,Likely stable,,95,low
COCCCc1cc(CN(C(=O)[C@H]2CN(C(=O)OC(C)(C)C)CC[C@@H]2c2ccc(OCCOc3c(Cl)cc(C)cc3Cl)cc2)C2CC2)cc(OS(=O)(=O)C(F)(F)F)c1,Cc1cc(Cl)c(OCCCl)c(Cl)c1,ClCCBr,100,Likely stable,,95,low
COCCCc1cc(CN(C(=O)[C@H]2CN(C(=O)OC(C)(C)C)CC[C@@H]2c2ccc(OCCOc3c(Cl)cc(C)cc3Cl)cc2)C2CC2)cc(OS(=O)(=O)C(F)(F)F)c1,Cc1cc(Cl)c(OCCCl)c(Cl)c1,Cc1cc(Cl)c(O)c(Cl)c1,100,Likely stable,,95,low
COCCCc1cc(CN(C(=O)[C@H]2CN(C(=O)OC(C)(C)C)CC[C@@H]2c2ccc(OCCOc3c(Cl)cc(C)cc3Cl)cc2)C2CC2)cc(OS(=O)(=O)C(F)(F)F)c1,CC(C)(C)OC(=O)OC(=O)OC(C)(C)C,C=C(C)C,100,Likely stable,,95,low
COCCCc1cc(CN(C(=O)[C@H]2CN(C(=O)OC(C)(C)C)CC[C@@H]2c2ccc(OCCOc3c(Cl)cc(C)cc3Cl)cc2)C2CC2)cc(OS(=O)(=O)C(F)(F)F)c1,CC(C)(C)OC(=O)OC(=O)OC(C)(C)C,CC(C)(C)OC(=O)OC(=O)O,100,Likely stable,,95,low
COCCCc1cc(CN(C(=O)[C@H]2CN(C(=O)OC(C)(C)C)CC[C@@H]2c2ccc(OCCOc3c(Cl)cc(C)cc3Cl)cc2)C2CC2)cc(OS(=O)(=O)C(F)(F)F)c1,CC(C)(C)OC(=O)OC(=O)O,C=C(C)C,100,Likely stable,,95,low
COCCCc1cc(CN(C(=O)[C@H]2CN(C(=O)OC(C)(C)C)CC[C@@H]2c2ccc(OCCOc3c(Cl)cc(C)cc3Cl)cc2)C2CC2)cc(OS(=O)(=O)C(F)(F)F)c1,CC(C)(C)OC(=O)OC(=O)O,O=C(O)OC(=O)O,100,Likely stable,,95,low
OC1CCCc2sc(-c3ccncc3)cc2C1c1ccc(Cl)cc1,OC1CCCc2sc(-c3ccncc3)cc2C1c1ccc(Cl)cc1,O=C1CCCc2sc(-c3ccncc3)cc2C1,100,Likely stable,,95,low
OC1CCCc2sc(-c3ccncc3)cc2C1c1ccc(Cl)cc1,OC1CCCc2sc(-c3ccncc3)cc2C1c1ccc(Cl)cc1,Clc1ccc(Br)cc1,100,Likely stable,,95,low
OC1CCCc2sc(-c3ccncc3)cc2C1c1ccc(Cl)cc1,O=C1CCCc2sc(-c3ccncc3)cc2C1,OB(O)c1ccncc1,100,Likely stable,,90,low
OC1CCCc2sc(-c3ccncc3)cc2C1c1ccc(Cl)cc1,O=C1CCCc2sc(-c3ccncc3)cc2C1,O=C1CCCc2sc(Br)cc2C1,100,Likely stable,,90,low
OC1CCCc2sc(-c3ccncc3)cc2C1c1ccc(Cl)cc1,O=C1CCCc2sc(Br)cc2C1,O=C1CCCc2sccc2C1,100,Likely stable,,30,high
OC1CCCc2sc(-c3ccncc3)cc2C1c1ccc(Cl)cc1,O=C1CCCc2sc(Br)cc2C1,O=C1CCC(=O)N1Br,95,Likely stable,,30,high
OC1CCCc2sc(-c3ccncc3)cc2C1c1ccc(Cl)cc1,Clc1ccc(Br)cc1,Clc1ccccc1,100,Likely stable,,55,medium
OC1CCCc2sc(-c3ccncc3)cc2C1c1ccc(Cl)cc1,Clc1ccc(Br)cc1,O=C1CCC(=O)N1Br,95,Likely stable,,55,medium
N[C@H]1CC[C@H]1c1ccc(Cl)cc1,N[C@H]1CC[C@H]1c1ccc(Cl)cc1,CC(C)(C)OC(=O)N[C@H]1CC[C@H]1c1ccc(Cl)cc1,100,Likely stable,,75,medium
N[C@H]1CC[C@H]1c1ccc(Cl)cc1,CC(C)(C)OC(=O)N[C@H]1CC[C@H]1c1ccc(Cl)cc1,O=C1CCC(=O)N1Cl,95,Likely stable,,55,medium
N[C@H]1CC[C@H]1c1ccc(Cl)cc1,CC(C)(C)OC(=O)N[C@H]1CC[C@H]1c1ccc(Cl)cc1,CC(C)(C)OC(=O)N[C@H]1CC[C@H]1c1ccccc1,100,Likely stable,,55,medium
N[C@H]1CC[C@H]1c1ccc(Cl)cc1,CC(C)(C)OC(=O)N[C@H]1CC[C@H]1c1ccccc1,N[C@H]1CC[C@H]1c1ccccc1,100,Likely stable,,75,medium
N[C@H]1CC[C@H]1c1ccc(Cl)cc1,CC(C)(C)OC(=O)N[C@H]1CC[C@H]1c1ccccc1,CC(C)(C)OC(=O)OC(=O)OC(C)(C)C,100,Likely stable,,75,medium
CN(C)CC(OCC1(c2ccc(F)cc2)CCN(C(=O)OC(C)(C)C)CC1)c1cc(Cl)cc2cn(COCC[Si](C)(C)C)nc12,CN(C)CC(OCC1(c2ccc(F)cc2)CCN(C(=O)OC(C)(C)C)CC1)c1cc(Cl)cc2cn(COCC[Si](C)(C)C)nc12,CN(C)CC(O)c1cc(Cl)cc2cn(COCC[Si](C)(C)C)nc12,100,Likely stable,,95,low
CN(C)CC(OCC1(c2ccc(F)cc2)CCN(C(=O)OC(C)(C)C)CC1)c1cc(Cl)cc2cn(COCC[Si](C)(C)C)nc12,CN(C)CC(OCC1(c2ccc(F)cc2)CCN(C(=O)OC(C)(C)C)CC1)c1cc(Cl)cc2cn(COCC[Si](C)(C)C)nc12,CC(C)(C)OC(=O)N1CCC(CBr)(c2ccc(F)cc2)CC1,100,Likely stable,,95,low
CN(C)CC(OCC1(c2ccc(F)cc2)CCN(C(=O)OC(C)(C)C)CC1)c1cc(Cl)cc2cn(COCC[Si](C)(C)C)nc12,CN(C)CC(O)c1cc(Cl)cc2cn(COCC[Si](C)(C)C)nc12,C[Si](C)(C)CCOCCl,100,Likely stable,,95,low
CN(C)CC(OCC1(c2ccc(F)cc2)CCN(C(=O)OC(C)(C)C)CC1)c1cc(Cl)cc2cn(COCC[Si](C)(C)C)nc12,CN(C)CC(O)c1cc(Cl)cc2cn(COCC[Si](C)(C)C)nc12,CN(C)CC(O)c1cc(Cl)cc2c[nH]nc12,100,Likely stable,,95,low
CN(C)CC(OCC1(c2ccc(F)cc2)CCN(C(=O)OC(C)(C)C)CC1)c1cc(Cl)cc2cn(COCC[Si](C)(C)C)nc12,CN(C)CC(O)c1cc(Cl)cc2c[nH]nc12,CN(C)CC=O,100,Likely stable,,95,low
CN(C)CC(OCC1(c2ccc(F)cc2)CCN(C(=O)OC(C)(C)C)CC1)c1cc(Cl)cc2cn(COCC[Si](C)(C)C)nc12,CN(C)CC(O)c1cc(Cl)cc2c[nH]nc12,Clc1cc(Br)c2n[nH]cc2c1,100,Likely stable,,95,low
CN(C)CC(OCC1(c2ccc(F)cc2)CCN(C(=O)OC(C)(C)C)CC1)c1cc(Cl)cc2cn(COCC[Si](C)(C)C)nc12,CC(C)(C)OC(=O)N1CCC(CBr)(c2ccc(F)cc2)CC1,Fc1ccc(CCBr)cc1,100,Likely stable,,40,medium
CN(C)CC(OCC1(c2ccc(F)cc2)CCN(C(=O)OC(C)(C)C)CC1)c1cc(Cl)cc2cn(COCC[Si](C)(C)C)nc12,CC(C)(C)OC(=O)N1CCC(CBr)(c2ccc(F)cc2)CC1,CC(C)(C)OC(=O)N(CCCl)CCCl,100,Likely stable,,40,medium
C=C(C[C@@H](Cc1ccc(-c2ccccc2)cc1)NC(=O)OC(C)(C)C)C(=O)O,C=C(C[C@@H](Cc1ccc(-c2ccccc2)cc1)NC(=O)OC(C)(C)C)C(=O)O,CC(C)(C)OC(=O)N[C@@H](CC=O)Cc1ccc(-c2ccccc2)cc1,100,Likely stable,,55,medium
C=C(C[C@@H](Cc1ccc(-c2ccccc2)cc1)NC(=O)OC(C)(C)C)C(=O)O,C=C(C[C@@H](Cc1ccc(-c2ccccc2)cc1)NC(=O)OC(C)(C)C)C(=O)O,CCOC(=O)C(C(=O)OCC)=[PH](=O)(OCC)OCC,,,,55,medium
C=C(C[C@@H](Cc1ccc(-c2ccccc2)cc1)NC(=O)OC(C)(C)C)C(=O)O,CC(C)(C)OC(=O)N[C@@H](CC=O)Cc1ccc(-c2ccccc2)cc1,Brc1ccccc1,100,Likely stable,,95,low
C=C(C[C@@H](Cc1ccc(-c2ccccc2)cc1)NC(=O)OC(C)(C)C)C(=O)O,CC(C)(C)OC(=O)N[C@@H](CC=O)Cc1ccc(-c2ccccc2)cc1,Cc1ccc(C[C@H](CC=O)NC(=O)OC(C)(C)C)cc1,100,Likely stable,,95,low
C=C(C[C@@H](Cc1ccc(-c2ccccc2)cc1)NC(=O)OC(C)(C)C)C(=O)O,Cc1ccc(C[C@H](CC=O)NC(=O)OC(C)(C)C)cc1,Cc1ccc(C[C@H](CC(=O)O)NC(=O)OC(C)(C)C)cc1,100,Likely stable,,95,low
C=C(C[C@@H](Cc1ccc(-c2ccccc2)cc1)NC(=O)OC(C)(C)C)C(=O)O,Cc1ccc(C[C@H](CC(=O)O)NC(=O)OC(C)(C)C)cc1,Cc1ccc(C[C@@H](N)CC(=O)O)cc1,100,Likely stable,,75,medium
C=C(C[C@@H](Cc1ccc(-c2ccccc2)cc1)NC(=O)OC(C)(C)C)C(=O)O,Cc1ccc(C[C@H](CC(=O)O)NC(=O)OC(C)(C)C)cc1,CC(C)(C)OC(=O)OC(=O)OC(C)(C)C,100,Likely stable,,75,medium
C=C(C[C@@H](Cc1ccc(-c2ccccc2)cc1)NC(=O)OC(C)(C)C)C(=O)O,CCOC(=O)C(C(=O)OCC)=[PH](=O)(OCC)OCC,CCOP(OCC)OCC,,,,90,low
C=C(C[C@@H](Cc1ccc(-c2ccccc2)cc1)NC(=O)OC(C)(C)C)C(=O)O,CCOC(=O)C(C(=O)OCC)=[PH](=O)(OCC)OCC,CCOC(=O)C(Br)C(=O)OCC,100,Likely stable,,90,low
C=C(C[C@@H](Cc1ccc(-c2ccccc2)cc1)NC(=O)OC(C)(C)C)C(=O)O,CCOP(OCC)OCC,ClP(Cl)Cl,100,Likely stable,,60,medium
C=C(C[C@@H](Cc1ccc(-c2ccccc2)cc1)NC(=O)OC(C)(C)C)C(=O)O,CCOP(OCC)OCC,CCO,100,Likely stable,,60,medium
C=C(C[C@@H](Cc1ccc(-c2ccccc2)cc1)NC(=O)OC(C)(C)C)C(=O)O,CCOC(=O)C(Br)C(=O)OCC,CCOC(=O)CC(=O)OCC,100,Likely stable,,55,medium
C=C(C[C@@H](Cc1ccc(-c2ccccc2)cc1)NC(=O)OC(C)(C)C)C(=O)O,CCOC(=O)C(Br)C(=O)OCC,O=C1CCC(=O)N1Br,95,Likely stable,,55,medium
Nc1ccc(OC2(S(=O)(=O)c3ccccc3)CC2)nc1Cl,Nc1ccc(OC2(S(=O)(=O)c3ccccc3)CC2)nc1Cl,Nc1ccc(F)nc1Cl,100,Likely stable,,95,low
Nc1ccc(OC2(S(=O)(=O)c3ccccc3)CC2)nc1Cl,Nc1ccc(OC2(S(=O)(=O)c3ccccc3)CC2)nc1Cl,O=S(=O)(c1ccccc1)C1(O)CC1,,,,95,low
Nc1ccc(OC2(S(=O)(=O)c3ccccc3)CC2)nc1Cl,Nc1ccc(F)nc1Cl,O=[N+]([O-])c1ccc(F)nc1Cl,100,Likely stable,,90,low
Nc1ccc(OC2(S(=O)(=O)c3ccccc3)CC2)nc1Cl,O=S(=O)(c1ccccc1)C1(O)CC1,O=C1CC1,100,Likely stable,,95,low
Nc1ccc(OC2(S(=O)(=O)c3ccccc3)CC2)nc1Cl,O=S(=O)(c1ccccc1)C1(O)CC1,O=[SH](=O)c1ccccc1,100,Likely stable,,95,low
Nc1ccc(OC2(S(=O)(=O)c3ccccc3)CC2)nc1Cl,O=[SH](=O)c1ccccc1,Nc1ccc([SH](=O)=O)cc1,100,Likely stable,,35,high
C[C@]1(F)CC(F)(F)[C@@](C)(c2cc(N)ccc2F)N=C1N,C[C@]1(F)CC(F)(F)[C@@](C)(c2cc(N)ccc2F)N=C1N,C[C@]1(F)CC(F)(F)[C@@](C)(c2cc(N)ccc2F)NC1=O,100,Likely stable,,95,low
C[C@]1(F)CC(F)(F)[C@@](C)(c2cc(N)ccc2F)N=C1N,C[C@]1(F)CC(F)(F)[C@@](C)(c2cc(N)ccc2F)NC1=O,C[C@](F)(CC(F)(F)[C@@](C)(N)c1cc(N)ccc1F)C(=O)O,100,Likely stable,,45,medium
C[C@]1(F)CC(F)(F)[C@@](C)(c2cc(N)ccc2F)N=C1N,C[C@](F)(CC(F)(F)[C@@](C)(N)c1cc(N)ccc1F)C(=O)O,C[C@](F)(Br)C(=O)O,100,Likely stable,,95,low
C[C@]1(F)CC(F)(F)[C@@](C)(c2cc(N)ccc2F)N=C1N,C[C@](F)(CC(F)(F)[C@@](C)(N)c1cc(N)ccc1F)C(=O)O,CC(F)(F)[C@@](C)(N)c1cc(N)ccc1F,100,Likely stable,,95,low
C[C@]1(F)CC(F)(F)[C@@](C)(c2cc(N)ccc2F)N=C1N,CC(F)(F)[C@@](C)(N)c1cc(N)ccc1F,CC(F)(F)C(=O)c1cc(N)ccc1F,100,Likely stable,,90,low
C[C@]1(F)CC(F)(F)[C@@](C)(c2cc(N)ccc2F)N=C1N,CC(F)(F)[C@@](C)(N)c1cc(N)ccc1F,N,100,Likely stable,,90,low
C[C@]1(F)CC(F)(F)[C@@](C)(c2cc(N)ccc2F)N=C1N,CC(F)(F)C(=O)c1cc(N)ccc1F,CCOC(=O)C(C)(F)F,100,Likely stable,,90,low
C[C@]1(F)CC(F)(F)[C@@](C)(c2cc(N)ccc2F)N=C1N,CC(F)(F)C(=O)c1cc(N)ccc1F,Nc1ccc(F)c(Br)c1,100,Likely stable,,90,low
N[C@H]1CCOC[C@H]1c1ccc(I)cc1,N[C@H]1CCOC[C@H]1c1ccc(I)cc1,O=C1CCOC[C@H]1c1ccc(I)cc1,100,Likely stable,,95,low
N[C@H]1CCOC[C@H]1c1ccc(I)cc1,N[C@H]1CCOC[C@H]1c1ccc(I)cc1,N,100,Likely stable,,95,low
N[C@H]1CCOC[C@H]1c1ccc(I)cc1,O=C1CCOC[C@H]1c1ccc(I)cc1,O=C(O)CCC[C@H](O)c1ccc(I)cc1,100,Likely stable,,45,medium
N[C@H]1CCOC[C@H]1c1ccc(I)cc1,O=C(O)CCC[C@H](O)c1ccc(I)cc1,O=C(O)CCCC(=O)c1ccc(I)cc1,100,Likely stable,,100,low
N[C@H]1CCOC[C@H]1c1ccc(I)cc1,O=C(O)CCCC(=O)c1ccc(I)cc1,O=C(O)CCCC(=O)O,100,Likely stable,,35,high
N[C@H]1CCOC[C@H]1c1ccc(I)cc1,O=C(O)CCCC(=O)c1ccc(I)cc1,Ic1ccccc1,100,Likely stable,,35,high
COc1ccc2c(Nc3c(Cl)cncc3Cl)cc(=O)[nH]c2c1OCCCCCCN1CCCNCC1,COc1ccc2c(Nc3c(Cl)cncc3Cl)cc(=O)[nH]c2c1OCCCCCCN1CCCNCC1,COc1ccc2c(N)cc(=O)[nH]c2c1OCCCCCCN1CCCNCC1,80,Likely stable,Large (7-membered) heterocycle with N (potentially unstable),95,low
COc1ccc2c(Nc3c(Cl)cncc3Cl)cc(=O)[nH]c2c1OCCCCCCN1CCCNCC1,COc1ccc2c(Nc3c(Cl)cncc3Cl)cc(=O)[nH]c2c1OCCCCCCN1CCCNCC1,Clc1cncc(Cl)c1Cl,100,Likely stable,,95,low
COc1ccc2c(Nc3c(Cl)cncc3Cl)cc(=O)[nH]c2c1OCCCCCCN1CCCNCC1,COc1ccc2c(N)cc(=O)[nH]c2c1OCCCCCCN1CCCNCC1,COc1ccc2c(N)cc(=O)[nH]c2c1O,100,Likely stable,,95,low
COc1ccc2c(Nc3c(Cl)cncc3Cl)cc(=O)[nH]c2c1OCCCCCCN1CCCNCC1,COc1ccc2c(N)cc(=O)[nH]c2c1OCCCCCCN1CCCNCC1,BrCCCCCCN1CCCNCC1,70,Moderately stable,Large (7-membered) heterocycle with N (potentially unstable),95,low
COc1ccc2c(Nc3c(Cl)cncc3Cl)cc(=O)[nH]c2c1OCCCCCCN1CCCNCC1,COc1ccc2c(N)cc(=O)[nH]c2c1O,COc1ccc2c(Br)cc(=O)[nH]c2c1O,100,Likely stable,,95,low
COc1ccc2c(Nc3c(Cl)cncc3Cl)cc(=O)[nH]c2c1OCCCCCCN1CCCNCC1,COc1ccc2c(N)cc(=O)[nH]c2c1O,N,100,Likely stable,,95,low
COc1ccc2c(Nc3c(Cl)cncc3Cl)cc(=O)[nH]c2c1OCCCCCCN1CCCNCC1,COc1ccc2c(Br)cc(=O)[nH]c2c1O,COc1ccc2c(Br)cc(=O)[nH]c2c1OC,100,Likely stable,,35,high
COc1ccc2c(Nc3c(Cl)cncc3Cl)cc(=O)[nH]c2c1OCCCCCCN1CCCNCC1,COc1ccc2c(Br)cc(=O)[nH]c2c1OC,COc1cccc(NC(=O)CC(=O)Br)c1OC,100,Likely stable,,5,critical
COc1ccc2c(Nc3c(Cl)cncc3Cl)cc(=O)[nH]c2c1OCCCCCCN1CCCNCC1,COc1cccc(NC(=O)CC(=O)Br)c1OC,COc1cccc(N)c1OC,100,Likely stable,,90,low
COc1ccc2c(Nc3c(Cl)cncc3Cl)cc(=O)[nH]c2c1OCCCCCCN1CCCNCC1,COc1cccc(NC(=O)CC(=O)Br)c1OC,CCOC(=O)CC(=O)Br,100,Likely stable,,90,low
COc1ccc2c(Nc3c(Cl)cncc3Cl)cc(=O)[nH]c2c1OCCCCCCN1CCCNCC1,CCOC(=O)CC(=O)Br,CCOC(=O)OCC,100,Likely stable,,90,low
COc1ccc2c(Nc3c(Cl)cncc3Cl)cc(=O)[nH]c2c1OCCCCCCN1CCCNCC1,CCOC(=O)CC(=O)Br,CC(=O)Br,100,Likely stable,,90,low
COc1ccc2c(Nc3c(Cl)cncc3Cl)cc(=O)[nH]c2c1OCCCCCCN1CCCNCC1,BrCCCCCCN1CCCNCC1,C1CNCCNC1,70,Moderately stable,Large (7-membered) heterocycle with N (potentially unstable),95,low
COc1ccc2c(Nc3c(Cl)cncc3Cl)cc(=O)[nH]c2c1OCCCCCCN1CCCNCC1,BrCCCCCCN1CCCNCC1,ClCCCCCCBr,100,Likely stable,,95,low
COc1ccc2c(Nc3c(Cl)cncc3Cl)cc(=O)[nH]c2c1OCCCCCCN1CCCNCC1,Clc1cncc(Cl)c1Cl,O=P(Cl)(Cl)Cl,100,Likely stable,,30,high
COc1ccc2c(Nc3c(Cl)cncc3Cl)cc(=O)[nH]c2c1OCCCCCCN1CCCNCC1,Clc1cncc(Cl)c1Cl,Oc1c(Cl)cncc1Cl,100,Likely stable,,30,high
COc1cc2ncc3c(N)nc(-c4cncc(OCCNCc5ccc(F)cc5)c4)cc3c2cc1OC,COc1cc2ncc3c(N)nc(-c4cncc(OCCNCc5ccc(F)cc5)c4)cc3c2cc1OC,COc1cc2ncc3c(N)nc(Br)cc3c2cc1OC,100,Likely stable,,90,low
COc1cc2ncc3c(N)nc(-c4cncc(OCCNCc5ccc(F)cc5)c4)cc3c2cc1OC,COc1cc2ncc3c(N)nc(-c4cncc(OCCNCc5ccc(F)cc5)c4)cc3c2cc1OC,OB(O)c1cncc(OCCNCc2ccc(F)cc2)c1,100,Likely stable,,90,low
COc1cc2ncc3c(N)nc(-c4cncc(OCCNCc5ccc(F)cc5)c4)cc3c2cc1OC,COc1cc2ncc3c(N)nc(Br)cc3c2cc1OC,COc1cc2ncc3c(N)nccc3c2cc1OC,100,Likely stable,,90,low
COc1cc2ncc3c(N)nc(-c4cncc(OCCNCc5ccc(F)cc5)c4)cc3c2cc1OC,COc1cc2ncc3c(N)nccc3c2cc1OC,COc1cc2ncc3c(Cl)nccc3c2cc1OC,100,Likely stable,,95,low
COc1cc2ncc3c(N)nc(-c4cncc(OCCNCc5ccc(F)cc5)c4)cc3c2cc1OC,COc1cc2ncc3c(Cl)nccc3c2cc1OC,Oc1cc2ncc3c(Cl)nccc3c2cc1O,100,Likely stable,,90,low
COc1cc2ncc3c(N)nc(-c4cncc(OCCNCc5ccc(F)cc5)c4)cc3c2cc1OC,COc1cc2ncc3c(Cl)nccc3c2cc1OC,CI,100,Likely stable,,90,low
COc1cc2ncc3c(N)nc(-c4cncc(OCCNCc5ccc(F)cc5)c4)cc3c2cc1OC,Oc1cc2ncc3c(Cl)nccc3c2cc1O,Oc1cc2ncc3cnccc3c2cc1O,100,Likely stable,,90,low
COc1cc2ncc3c(N)nc(-c4cncc(OCCNCc5ccc(F)cc5)c4)cc3c2cc1OC,Oc1cc2ncc3cnccc3c2cc1O,c1ccc2c(c1)ncc1cnccc12,100,Likely stable,,80,low
COc1cc2ncc3c(N)nc(-c4cncc(OCCNCc5ccc(F)cc5)c4)cc3c2cc1OC,c1ccc2c(c1)ncc1cnccc12,Clc1nc2ccccc2c2ccncc12,100,Likely stable,,95,low
COc1cc2ncc3c(N)nc(-c4cncc(OCCNCc5ccc(F)cc5)c4)cc3c2cc1OC,Clc1nc2ccccc2c2ccncc12,O=P(Cl)(Cl)Cl,100,Likely stable,,90,low
COc1cc2ncc3c(N)nc(-c4cncc(OCCNCc5ccc(F)cc5)c4)cc3c2cc1OC,Clc1nc2ccccc2c2ccncc12,O=c1[nH]c2ccccc2c2ccncc12,100,Likely stable,,90,low
COc1cc2ncc3c(N)nc(-c4cncc(OCCNCc5ccc(F)cc5)c4)cc3c2cc1OC,O=c1[nH]c2ccccc2c2ccncc12,Nc1ccccc1B(O)O,100,Likely stable,,35,high
COc1cc2ncc3c(N)nc(-c4cncc(OCCNCc5ccc(F)cc5)c4)cc3c2cc1OC,O=c1[nH]c2ccccc2c2ccncc12,COC(=O)c1cnccc1Br,100,Likely stable,,35,high
COc1cc2ncc3c(N)nc(-c4cncc(OCCNCc5ccc(F)cc5)c4)cc3c2cc1OC,OB(O)c1cncc(OCCNCc2ccc(F)cc2)c1,NCc1ccc(F)cc1,100,Likely stable,,95,low
COc1cc2ncc3c(N)nc(-c4cncc(OCCNCc5ccc(F)cc5)c4)cc3c2cc1OC,OB(O)c1cncc(OCCNCc2ccc(F)cc2)c1,OB(O)c1cncc(OCCBr)c1,100,Likely stable,,95,low
COc1cc2ncc3c(N)nc(-c4cncc(OCCNCc5ccc(F)cc5)c4)cc3c2cc1OC,OB(O)c1cncc(OCCBr)c1,OB(O)c1cncc(O)c1,100,Likely stable,,95,low
COc1cc2ncc3c(N)nc(-c4cncc(OCCNCc5ccc(F)cc5)c4)cc3c2cc1OC,OB(O)c1cncc(OCCBr)c1,BrCCBr,100,Likely stable,,95,low
CC(C)c1ccc2c(c1)OC1(O)c3ccccc3C(=O)C21NC(=O)c1cc(-c2ccccc2)n[nH]1,CC(C)c1ccc2c(c1)OC1(O)c3ccccc3C(=O)C21NC(=O)c1cc(-c2ccccc2)n[nH]1,CC(C)c1ccc2c(c1)OC1(O)c3ccccc3C(=O)C21N,100,Likely stable,,95,low
CC(C)c1ccc2c(c1)OC1(O)c3ccccc3C(=O)C21NC(=O)c1cc(-c2ccccc2)n[nH]1,CC(C)c1ccc2c(c1)OC1(O)c3ccccc3C(=O)C21NC(=O)c1cc(-c2ccccc2)n[nH]1,O=C(O)c1cc(-c2ccccc2)n[nH]1,100,Likely stable,,95,low
CC(C)c1ccc2c(c1)OC1(O)c3ccccc3C(=O)C21NC(=O)c1cc(-c2ccccc2)n[nH]1,CC(C)c1ccc2c(c1)OC1(O)c3ccccc3C(=O)C21N,CC(C)c1ccc(O)c(C2(O)c3ccccc3C(=O)C2N)c1,,,,45,medium
CC(C)c1ccc2c(c1)OC1(O)c3ccccc3C(=O)C21NC(=O)c1cc(-c2ccccc2)n[nH]1,CC(C)c1ccc(O)c(C2(O)c3ccccc3C(=O)C2N)c1,CC(C)c1ccc(O)c(Br)c1,100,Likely stable,,95,low
CC(C)c1ccc2c(c1)OC1(O)c3ccccc3C(=O)C21NC(=O)c1cc(-c2ccccc2)n[nH]1,CC(C)c1ccc(O)c(C2(O)c3ccccc3C(=O)C2N)c1,NC1C(=O)c2ccccc2C1=O,100,Likely stable,,95,low
CC(C)c1ccc2c(c1)OC1(O)c3ccccc3C(=O)C21NC(=O)c1cc(-c2ccccc2)n[nH]1,CC(C)c1ccc(O)c(Br)c1,CC(C)c1ccc(O)cc1,100,Likely stable,,55,medium
CC(C)c1ccc2c(c1)OC1(O)c3ccccc3C(=O)C21NC(=O)c1cc(-c2ccccc2)n[nH]1,CC(C)c1ccc(O)c(Br)c1,O=C1CCC(=O)N1Br,95,Likely stable,,55,medium
CC(C)c1ccc2c(c1)OC1(O)c3ccccc3C(=O)C21NC(=O)c1cc(-c2ccccc2)n[nH]1,NC1C(=O)c2ccccc2C1=O,O=C1c2ccccc2C(=O)C1[N+](=O)[O-],100,Likely stable,,90,low
CC(C)c1ccc2c(c1)OC1(O)c3ccccc3C(=O)C21NC(=O)c1cc(-c2ccccc2)n[nH]1,O=C(O)c1cc(-c2ccccc2)n[nH]1,CCOC(=O)c1cc(-c2ccccc2)n[nH]1,100,Likely stable,,90,low
N#Cc1cc(F)cc([C@H]2C[C@H](F)CN2c2ccn3ncc(C(N)=O)c3c2)c1,N#Cc1cc(F)cc([C@H]2C[C@H](F)CN2c2ccn3ncc(C(N)=O)c3c2)c1,N#Cc1cc(F)cc([C@H]2C[C@H](F)CN2)c1,65,Moderately stable,Contains carbene (highly reactive intermediate),95,low
N#Cc1cc(F)cc([C@H]2C[C@H](F)CN2c2ccn3ncc(C(N)=O)c3c2)c1,N#Cc1cc(F)cc([C@H]2C[C@H](F)CN2c2ccn3ncc(C(N)=O)c3c2)c1,NC(=O)c1cnn2ccc(Br)cc12,100,Likely stable,,95,low
N#Cc1cc(F)cc([C@H]2C[C@H](F)CN2c2ccn3ncc(C(N)=O)c3c2)c1,N#Cc1cc(F)cc([C@H]2C[C@H](F)CN2)c1,N#Cc1cc(F)cc(Br)c1,70,Moderately stable,Contains carbene (highly reactive intermediate),95,low
N#Cc1cc(F)cc([C@H]2C[C@H](F)CN2c2ccn3ncc(C(N)=O)c3c2)c1,N#Cc1cc(F)cc([C@H]2C[C@H](F)CN2)c1,F[C@H]1C[CH]NC1,,,,95,low
N#Cc1cc(F)cc([C@H]2C[C@H](F)CN2c2ccn3ncc(C(N)=O)c3c2)c1,N#Cc1cc(F)cc(Br)c1,NC(=O)c1cc(F)cc(Br)c1,100,Likely stable,,95,low
N#Cc1cc(F)cc([C@H]2C[C@H](F)CN2c2ccn3ncc(C(N)=O)c3c2)c1,NC(=O)c1cnn2ccc(Br)cc12,NC(=O)c1cnn2ccccc12,100,Likely stable,,30,high
N#Cc1cc(F)cc([C@H]2C[C@H](F)CN2c2ccn3ncc(C(N)=O)c3c2)c1,NC(=O)c1cnn2ccc(Br)cc12,O=C1CCC(=O)N1Br,95,Likely stable,,30,high
NC(=O)c1cc(-c2ccc3c(cnn3CCN3CCOCC3)c2)nc2c1[nH]c1cc(N3CCOCC3)ccc12,NC(=O)c1cc(-c2ccc3c(cnn3CCN3CCOCC3)c2)nc2c1[nH]c1cc(N3CCOCC3)ccc12,O=C(O)c1cc(-c2ccc3c(cnn3CCN3CCOCC3)c2)nc2c1[nH]c1cc(N3CCOCC3)ccc12,100,Likely stable,,95,low
NC(=O)c1cc(-c2ccc3c(cnn3CCN3CCOCC3)c2)nc2c1[nH]c1cc(N3CCOCC3)ccc12,NC(=O)c1cc(-c2ccc3c(cnn3CCN3CCOCC3)c2)nc2c1[nH]c1cc(N3CCOCC3)ccc12,N,100,Likely stable,,95,low
NC(=O)c1cc(-c2ccc3c(cnn3CCN3CCOCC3)c2)nc2c1[nH]c1cc(N3CCOCC3)ccc12,O=C(O)c1cc(-c2ccc3c(cnn3CCN3CCOCC3)c2)nc2c1[nH]c1cc(N3CCOCC3)ccc12,O=C(O)c1cc(Br)nc2c1[nH]c1cc(N3CCOCC3)ccc12,100,Likely stable,,90,low
NC(=O)c1cc(-c2ccc3c(cnn3CCN3CCOCC3)c2)nc2c1[nH]c1cc(N3CCOCC3)ccc12,O=C(O)c1cc(-c2ccc3c(cnn3CCN3CCOCC3)c2)nc2c1[nH]c1cc(N3CCOCC3)ccc12,OB(O)c1ccc2c(cnn2CCN2CCOCC2)c1,100,Likely stable,,90,low
NC(=O)c1cc(-c2ccc3c(cnn3CCN3CCOCC3)c2)nc2c1[nH]c1cc(N3CCOCC3)ccc12,O=C(O)c1cc(Br)nc2c1[nH]c1cc(N3CCOCC3)ccc12,O=C(O)c1ccnc2c1[nH]c1cc(N3CCOCC3)ccc12,100,Likely stable,,90,low
NC(=O)c1cc(-c2ccc3c(cnn3CCN3CCOCC3)c2)nc2c1[nH]c1cc(N3CCOCC3)ccc12,O=C(O)c1ccnc2c1[nH]c1cc(N3CCOCC3)ccc12,CC(=O)O,100,Likely stable,,90,low
NC(=O)c1cc(-c2ccc3c(cnn3CCN3CCOCC3)c2)nc2c1[nH]c1cc(N3CCOCC3)ccc12,O=C(O)c1ccnc2c1[nH]c1cc(N3CCOCC3)ccc12,N#Cc1ccnc2c1[nH]c1cc(N3CCOCC3)ccc12,75,Moderately stable,Contains carbene (highly reactive intermediate),90,low
NC(=O)c1cc(-c2ccc3c(cnn3CCN3CCOCC3)c2)nc2c1[nH]c1cc(N3CCOCC3)ccc12,N#Cc1ccnc2c1[nH]c1cc(N3CCOCC3)ccc12,C1COCCN1,95,Likely stable,,95,low
NC(=O)c1cc(-c2ccc3c(cnn3CCN3CCOCC3)c2)nc2c1[nH]c1cc(N3CCOCC3)ccc12,N#Cc1ccnc2c1[nH]c1cc(N3CCOCC3)ccc12,N#Cc1ccnc2c1[nH]c1cc(Br)ccc12,80,Likely stable,Contains carbene (highly reactive intermediate),95,low
NC(=O)c1cc(-c2ccc3c(cnn3CCN3CCOCC3)c2)nc2c1[nH]c1cc(N3CCOCC3)ccc12,N#Cc1ccnc2c1[nH]c1cc(Br)ccc12,N#Cc1ccncc1Nc1cccc(Br)c1,75,Moderately stable,Contains carbene (highly reactive intermediate),70,medium
NC(=O)c1cc(-c2ccc3c(cnn3CCN3CCOCC3)c2)nc2c1[nH]c1cc(N3CCOCC3)ccc12,N#Cc1ccncc1Nc1cccc(Br)c1,Nc1cccc(Br)c1,100,Likely stable,,35,high
NC(=O)c1cc(-c2ccc3c(cnn3CCN3CCOCC3)c2)nc2c1[nH]c1cc(N3CCOCC3)ccc12,N#Cc1ccncc1Nc1cccc(Br)c1,N#Cc1ccncc1Br,70,Moderately stable,Contains carbene (highly reactive intermediate),35,high
NC(=O)c1cc(-c2ccc3c(cnn3CCN3CCOCC3)c2)nc2c1[nH]c1cc(N3CCOCC3)ccc12,OB(O)c1ccc2c(cnn2CCN2CCOCC2)c1,ClCCN1CCOCC1,95,Likely stable,,95,low
NC(=O)c1cc(-c2ccc3c(cnn3CCN3CCOCC3)c2)nc2c1[nH]c1cc(N3CCOCC3)ccc12,OB(O)c1ccc2c(cnn2CCN2CCOCC2)c1,OB(O)c1ccc2[nH]ncc2c1,100,Likely stable,,95,low
Cn1oc(=O)nc1/C(=N\OCc1cccc(N)n1)c1ccccc1,Cn1oc(=O)nc1/C(=N\OCc1cccc(N)n1)c1ccccc1,Cn1oc(=O)nc1C(=O)c1ccccc1,100,Likely stable,,95,low
Cn1oc(=O)nc1/C(=N\OCc1cccc(N)n1)c1ccccc1,Cn1oc(=O)nc1/C(=N\OCc1cccc(N)n1)c1ccccc1,NOCc1cccc(N)n1,100,Likely stable,,95,low
Cn1oc(=O)nc1/C(=N\OCc1cccc(N)n1)c1ccccc1,Cn1oc(=O)nc1C(=O)c1ccccc1,Cn1cnc(=O)o1,,,,95,low
Cn1oc(=O)nc1/C(=N\OCc1cccc(N)n1)c1ccccc1,Cn1oc(=O)nc1C(=O)c1ccccc1,O=C(Cl)c1ccccc1,100,Likely stable,,95,low
Cn1oc(=O)nc1/C(=N\OCc1cccc(N)n1)c1ccccc1,O=C(Cl)c1ccccc1,O=S(Cl)Cl,100,Likely stable,,90,low
Cn1oc(=O)nc1/C(=N\OCc1cccc(N)n1)c1ccccc1,O=C(Cl)c1ccccc1,O=C(O)c1ccccc1,100,Likely stable,,90,low
Cn1oc(=O)nc1/C(=N\OCc1cccc(N)n1)c1ccccc1,NOCc1cccc(N)n1,Nc1cccc(CON2C(=O)c3ccccc3C2=O)n1,100,Likely stable,,0,critical
Cn1oc(=O)nc1/C(=N\OCc1cccc(N)n1)c1ccccc1,Nc1cccc(CON2C(=O)c3ccccc3C2=O)n1,Nc1cccc(CO)n1,100,Likely stable,,95,low
Cn1oc(=O)nc1/C(=N\OCc1cccc(N)n1)c1ccccc1,Nc1cccc(CON2C(=O)c3ccccc3C2=O)n1,O=C1c2ccccc2C(=O)N1O,100,Likely stable,,95,low
CN1CCN(c2ccc3c(c2)[nH]c2c(C(N)=O)cc(-c4ccc(O)c(Cl)c4)nc23)CC1,CN1CCN(c2ccc3c(c2)[nH]c2c(C(N)=O)cc(-c4ccc(O)c(Cl)c4)nc23)CC1,NC(=O)c1cc(-c2ccc(O)c(Cl)c2)nc2c1[nH]c1cc(Cl)ccc12,,,,95,low
CN1CCN(c2ccc3c(c2)[nH]c2c(C(N)=O)cc(-c4ccc(O)c(Cl)c4)nc23)CC1,CN1CCN(c2ccc3c(c2)[nH]c2c(C(N)=O)cc(-c4ccc(O)c(Cl)c4)nc23)CC1,CN1CCNCC1,95,Likely stable,,95,low
CN1CCN(c2ccc3c(c2)[nH]c2c(C(N)=O)cc(-c4ccc(O)c(Cl)c4)nc23)CC1,NC(=O)c1cc(-c2ccc(O)c(Cl)c2)nc2c1[nH]c1cc(Cl)ccc12,NC(=O)c1cc(Br)nc2c1[nH]c1cc(Cl)ccc12,,,,90,low
CN1CCN(c2ccc3c(c2)[nH]c2c(C(N)=O)cc(-c4ccc(O)c(Cl)c4)nc23)CC1,NC(=O)c1cc(-c2ccc(O)c(Cl)c2)nc2c1[nH]c1cc(Cl)ccc12,OB(O)c1ccc(O)c(Cl)c1,100,Likely stable,,90,low
CN1CCN(c2ccc3c(c2)[nH]c2c(C(N)=O)cc(-c4ccc(O)c(Cl)c4)nc23)CC1,NC(=O)c1cc(Br)nc2c1[nH]c1cc(Cl)ccc12,O=C(O)c1cc(Br)nc2c1[nH]c1cc(Cl)ccc12,100,Likely stable,,95,low
CN1CCN(c2ccc3c(c2)[nH]c2c(C(N)=O)cc(-c4ccc(O)c(Cl)c4)nc23)CC1,O=C(O)c1cc(Br)nc2c1[nH]c1cc(Cl)ccc12,O=C(O)c1cc(Br)ncc1Nc1cccc(Cl)c1,100,Likely stable,,70,medium
CN1CCN(c2ccc3c(c2)[nH]c2c(C(N)=O)cc(-c4ccc(O)c(Cl)c4)nc23)CC1,O=C(O)c1cc(Br)ncc1Nc1cccc(Cl)c1,Nc1cnc(Br)cc1C(=O)O,100,Likely stable,,95,low
CN1CCN(c2ccc3c(c2)[nH]c2c(C(N)=O)cc(-c4ccc(O)c(Cl)c4)nc23)CC1,O=C(O)c1cc(Br)ncc1Nc1cccc(Cl)c1,Clc1cccc(I)c1,100,Likely stable,,95,low
CN1CCN(c2ccc3c(c2)[nH]c2c(C(N)=O)cc(-c4ccc(O)c(Cl)c4)nc23)CC1,OB(O)c1ccc(O)c(Cl)c1,O=C1CCC(=O)N1Cl,95,Likely stable,,55,medium
CN1CCN(c2ccc3c(c2)[nH]c2c(C(N)=O)cc(-c4ccc(O)c(Cl)c4)nc23)CC1,OB(O)c1ccc(O)c(Cl)c1,OB(O)c1ccc(O)cc1,100,Likely stable,,55,medium
CN1CCN(c2ccc3c(c2)[nH]c2c(C(N)=O)cc(-c4ccc(O)c(Cl)c4)nc23)CC1,CN1CCNCC1,CN1CCN(Cc2ccccc2)CC1,100,Likely stable,,0,critical
COC(=O)CCc1cc2cc(-c3noc(-c4ccc(OC(C)C)c(Cl)c4)n3)ccc2n1C,COC(=O)CCc1cc2cc(-c3noc(-c4ccc(OC(C)C)c(Cl)c4)n3)ccc2n1C,COC(=O)CCc1cc2cc(Br)ccc2n1C,100,Likely stable,,90,low
COC(=O)CCc1cc2cc(-c3noc(-c4ccc(OC(C)C)c(Cl)c4)n3)ccc2n1C,COC(=O)CCc1cc2cc(-c3noc(-c4ccc(OC(C)C)c(Cl)c4)n3)ccc2n1C,CC(C)Oc1ccc(-c2noc(B(O)O)n2)cc1Cl,100,Likely stable,,90,low
COC(=O)CCc1cc2cc(-c3noc(-c4ccc(OC(C)C)c(Cl)c4)n3)ccc2n1C,COC(=O)CCc1cc2cc(Br)ccc2n1C,Cn1c(CCC(=O)O)cc2cc(Br)ccc21,100,Likely stable,,95,low
COC(=O)CCc1cc2cc(-c3noc(-c4ccc(OC(C)C)c(Cl)c4)n3)ccc2n1C,COC(=O)CCc1cc2cc(Br)ccc2n1C,CO,100,Likely stable,,95,low
COC(=O)CCc1cc2cc(-c3noc(-c4ccc(OC(C)C)c(Cl)c4)n3)ccc2n1C,Cn1c(CCC(=O)O)cc2cc(Br)ccc21,O=C(O)CC(=O)O,100,Likely stable,,85,low
COC(=O)CCc1cc2cc(-c3noc(-c4ccc(OC(C)C)c(Cl)c4)n3)ccc2n1C,Cn1c(CCC(=O)O)cc2cc(Br)ccc21,Cn1c(C=O)cc2cc(Br)ccc21,100,Likely stable,,85,low
COC(=O)CCc1cc2cc(-c3noc(-c4ccc(OC(C)C)c(Cl)c4)n3)ccc2n1C,CC(C)Oc1ccc(-c2noc(B(O)O)n2)cc1Cl,OB(O)c1nc(-c2ccc(O)c(Cl)c2)no1,,,,95,low
COC(=O)CCc1cc2cc(-c3noc(-c4ccc(OC(C)C)c(Cl)c4)n3)ccc2n1C,CC(C)Oc1ccc(-c2noc(B(O)O)n2)cc1Cl,CC(C)Br,100,Likely stable,,95,low
COC(=O)CCc1cc2cc(-c3noc(-c4ccc(OC(C)C)c(Cl)c4)n3)ccc2n1C,OB(O)c1nc(-c2ccc(O)c(Cl)c2)no1,OB(O)c1ccc(O)c(Cl)c1,100,Likely stable,,90,low
COC(=O)CCc1cc2cc(-c3noc(-c4ccc(OC(C)C)c(Cl)c4)n3)ccc2n1C,OB(O)c1nc(-c2ccc(O)c(Cl)c2)no1,OB(O)c1nc(Br)no1,,,,90,low
COC(=O)CCc1cc2cc(-c3noc(-c4ccc(OC(C)C)c(Cl)c4)n3)ccc2n1C,OB(O)c1ccc(O)c(Cl)c1,O=C1CCC(=O)N1Cl,95,Likely stable,,55,medium
COC(=O)CCc1cc2cc(-c3noc(-c4ccc(OC(C)C)c(Cl)c4)n3)ccc2n1C,OB(O)c1ccc(O)c(Cl)c1,OB(O)c1ccc(O)cc1,100,Likely stable,,55,medium
CCOP(=O)(Cc1ccc(Nc2ncc(C(F)(F)F)c(Nc3ccc([C@H]4CC[C@H](N5CCN(C)CC5)CC4)c4c3C(=O)N(C)C4)n2)c(OC)c1)OCC,CCOP(=O)(Cc1ccc(Nc2ncc(C(F)(F)F)c(Nc3ccc([C@H]4CC[C@H](N5CCN(C)CC5)CC4)c4c3C(=O)N(C)C4)n2)c(OC)c1)OCC,COc1cc(Br)ccc1Nc1ncc(C(F)(F)F)c(Nc2ccc([C@H]3CC[C@H](N4CCN(C)CC4)CC3)c3c2C(=O)N(C)C3)n1,,,,90,low
CCOP(=O)(Cc1ccc(Nc2ncc(C(F)(F)F)c(Nc3ccc([C@H]4CC[C@H](N5CCN(C)CC5)CC4)c4c3C(=O)N(C)C4)n2)c(OC)c1)OCC,CCOP(=O)(Cc1ccc(Nc2ncc(C(F)(F)F)c(Nc3ccc([C@H]4CC[C@H](N5CCN(C)CC5)CC4)c4c3C(=O)N(C)C4)n2)c(OC)c1)OCC,CCO[PH](=O)OCC,,,,90,low
CCOP(=O)(Cc1ccc(Nc2ncc(C(F)(F)F)c(Nc3ccc([C@H]4CC[C@H](N5CCN(C)CC5)CC4)c4c3C(=O)N(C)C4)n2)c(OC)c1)OCC,COc1cc(Br)ccc1Nc1ncc(C(F)(F)F)c(Nc2ccc([C@H]3CC[C@H](N4CCN(C)CC4)CC3)c3c2C(=O)N(C)C3)n1,FC(F)(F)c1cnc(Cl)nc1Cl,100,Likely stable,,90,low
CCOP(=O)(Cc1ccc(Nc2ncc(C(F)(F)F)c(Nc3ccc([C@H]4CC[C@H](N5CCN(C)CC5)CC4)c4c3C(=O)N(C)C4)n2)c(OC)c1)OCC,COc1cc(Br)ccc1Nc1ncc(C(F)(F)F)c(Nc2ccc([C@H]3CC[C@H](N4CCN(C)CC4)CC3)c3c2C(=O)N(C)C3)n1,COc1cc(Br)ccc1N,100,Likely stable,,90,low
CCOP(=O)(Cc1ccc(Nc2ncc(C(F)(F)F)c(Nc3ccc([C@H]4CC[C@H](N5CCN(C)CC5)CC4)c4c3C(=O)N(C)C4)n2)c(OC)c1)OCC,COc1cc(Br)ccc1Nc1ncc(C(F)(F)F)c(Nc2ccc([C@H]3CC[C@H](N4CCN(C)CC4)CC3)c3c2C(=O)N(C)C3)n1,CN1CCN([C@H]2CC[C@H](c3ccc(N)c4c3CN(C)C4=O)CC2)CC1,,,,90,low
CCOP(=O)(Cc1ccc(Nc2ncc(C(F)(F)F)c(Nc3ccc([C@H]4CC[C@H](N5CCN(C)CC5)CC4)c4c3C(=O)N(C)C4)n2)c(OC)c1)OCC,FC(F)(F)c1cnc(Cl)nc1Cl,Clc1ccnc(Cl)n1,100,Likely stable,,35,high
CCOP(=O)(Cc1ccc(Nc2ncc(C(F)(F)F)c(Nc3ccc([C@H]4CC[C@H](N5CCN(C)CC5)CC4)c4c3C(=O)N(C)C4)n2)c(OC)c1)OCC,FC(F)(F)c1cnc(Cl)nc1Cl,FC(F)(F)I,100,Likely stable,,35,high
CCOP(=O)(Cc1ccc(Nc2ncc(C(F)(F)F)c(Nc3ccc([C@H]4CC[C@H](N5CCN(C)CC5)CC4)c4c3C(=O)N(C)C4)n2)c(OC)c1)OCC,COc1cc(Br)ccc1N,COc1cc(Br)ccc1[N+](=O)[O-],100,Likely stable,,90,low
CCOP(=O)(Cc1ccc(Nc2ncc(C(F)(F)F)c(Nc3ccc([C@H]4CC[C@H](N5CCN(C)CC5)CC4)c4c3C(=O)N(C)C4)n2)c(OC)c1)OCC,CN1CCN([C@H]2CC[C@H](c3ccc(N)c4c3CN(C)C4=O)CC2)CC1,CN1Cc2c(c(N)ccc2[C@H]2CC[C@H](Br)CC2)C1=O,,,,95,low
CCOP(=O)(Cc1ccc(Nc2ncc(C(F)(F)F)c(Nc3ccc([C@H]4CC[C@H](N5CCN(C)CC5)CC4)c4c3C(=O)N(C)C4)n2)c(OC)c1)OCC,CN1CCN([C@H]2CC[C@H](c3ccc(N)c4c3CN(C)C4=O)CC2)CC1,CN1CCNCC1,95,Likely stable,,95,low
CCOP(=O)(Cc1ccc(Nc2ncc(C(F)(F)F)c(Nc3ccc([C@H]4CC[C@H](N5CCN(C)CC5)CC4)c4c3C(=O)N(C)C4)n2)c(OC)c1)OCC,CN1Cc2c(c(N)ccc2[C@H]2CC[C@H](Br)CC2)C1=O,CN1Cc2c(C3CCCCC3)ccc(N)c2C1=O,100,Likely stable,,90,low
CCOP(=O)(Cc1ccc(Nc2ncc(C(F)(F)F)c(Nc3ccc([C@H]4CC[C@H](N5CCN(C)CC5)CC4)c4c3C(=O)N(C)C4)n2)c(OC)c1)OCC,CN1Cc2c(C3CCCCC3)ccc(N)c2C1=O,CN1Cc2c(C3=CCCCC3)ccc(N)c2C1=O,100,Likely stable,,100,low
CCOP(=O)(Cc1ccc(Nc2ncc(C(F)(F)F)c(Nc3ccc([C@H]4CC[C@H](N5CCN(C)CC5)CC4)c4c3C(=O)N(C)C4)n2)c(OC)c1)OCC,CN1Cc2c(C3=CCCCC3)ccc(N)c2C1=O,OB(O)C1=CCCCC1,100,Likely stable,,90,low
CCOP(=O)(Cc1ccc(Nc2ncc(C(F)(F)F)c(Nc3ccc([C@H]4CC[C@H](N5CCN(C)CC5)CC4)c4c3C(=O)N(C)C4)n2)c(OC)c1)OCC,CN1Cc2c(C3=CCCCC3)ccc(N)c2C1=O,CN1Cc2c(Br)ccc(N)c2C1=O,100,Likely stable,,90,low
CCOP(=O)(Cc1ccc(Nc2ncc(C(F)(F)F)c(Nc3ccc([C@H]4CC[C@H](N5CCN(C)CC5)CC4)c4c3C(=O)N(C)C4)n2)c(OC)c1)OCC,CN1CCNCC1,CN1CCN(Cc2ccccc2)CC1,100,Likely stable,,0,critical
COc1ccc(C[C@H](C[C@H](O[Si](C)(C)C(C)(C)C)[C@H](CC2CCCCC2)NC(=O)OC(C)(C)C)C(=O)O)c(OC)c1OC,COc1ccc(C[C@H](C[C@H](O[Si](C)(C)C(C)(C)C)[C@H](CC2CCCCC2)NC(=O)OC(C)(C)C)C(=O)O)c(OC)c1OC,COc1ccc(C[C@@H](CO)C[C@H](O[Si](C)(C)C(C)(C)C)[C@H](CC2CCCCC2)NC(=O)OC(C)(C)C)c(OC)c1OC,,,,90,low
COc1ccc(C[C@H](C[C@H](O[Si](C)(C)C(C)(C)C)[C@H](CC2CCCCC2)NC(=O)OC(C)(C)C)C(=O)O)c(OC)c1OC,COc1ccc(C[C@@H](CO)C[C@H](O[Si](C)(C)C(C)(C)C)[C@H](CC2CCCCC2)NC(=O)OC(C)(C)C)c(OC)c1OC,COc1ccc(C[C@@H](CO)C[C@H](O)[C@H](CC2CCCCC2)NC(=O)OC(C)(C)C)c(OC)c1OC,,,,95,low
COc1ccc(C[C@H](C[C@H](O[Si](C)(C)C(C)(C)C)[C@H](CC2CCCCC2)NC(=O)OC(C)(C)C)C(=O)O)c(OC)c1OC,COc1ccc(C[C@@H](CO)C[C@H](O[Si](C)(C)C(C)(C)C)[C@H](CC2CCCCC2)NC(=O)OC(C)(C)C)c(OC)c1OC,CC(C)(C)[Si](C)(C)Cl,,,,95,low
COc1ccc(C[C@H](C[C@H](O[Si](C)(C)C(C)(C)C)[C@H](CC2CCCCC2)NC(=O)OC(C)(C)C)C(=O)O)c(OC)c1OC,COc1ccc(C[C@@H](CO)C[C@H](O)[C@H](CC2CCCCC2)NC(=O)OC(C)(C)C)c(OC)c1OC,COc1ccc(C[C@@H](C=O)C[C@H](O)[C@H](CC2CCCCC2)NC(=O)OC(C)(C)C)c(OC)c1OC,,,,100,low
COc1ccc(C[C@H](C[C@H](O[Si](C)(C)C(C)(C)C)[C@H](CC2CCCCC2)NC(=O)OC(C)(C)C)C(=O)O)c(OC)c1OC,CC(C)(C)[Si](C)(C)Cl,C[SiH](C)C(C)(C)C,,,,95,low
COc1ccc(C[C@H](C[C@H](O[Si](C)(C)C(C)(C)C)[C@H](CC2CCCCC2)NC(=O)OC(C)(C)C)C(=O)O)c(OC)c1OC,CC(C)(C)[Si](C)(C)Cl,ClCl,,,,95,low
COc1ccc(C[C@H](C[C@H](O[Si](C)(C)C(C)(C)C)[C@H](CC2CCCCC2)NC(=O)OC(C)(C)C)C(=O)O)c(OC)c1OC,C[SiH](C)C(C)(C)C,C[SiH2]C,,,,95,low
COc1ccc(C[C@H](C[C@H](O[Si](C)(C)C(C)(C)C)[C@H](CC2CCCCC2)NC(=O)OC(C)(C)C)C(=O)O)c(OC)c1OC,C[SiH](C)C(C)(C)C,C=C(C)C,100,Likely stable,,95,low
CC1(C)COCc2nc3cnc(Br)cc3n21,CC1(C)COCc2nc3cnc(Br)cc3n21,O=C1CCC(=O)N1Br,95,Likely stable,,30,high
CC1(C)COCc2nc3cnc(Br)cc3n21,CC1(C)COCc2nc3cnc(Br)cc3n21,CC1(C)COCc2nc3cnccc3n21,100,Likely stable,,30,high
CC1(C)COCc2nc3cnc(Br)cc3n21,CC1(C)COCc2nc3cnccc3n21,CC1(C)COCC(=O)N1,95,Likely stable,,20,high
CC1(C)COCc2nc3cnc(Br)cc3n21,CC1(C)COCc2nc3cnccc3n21,O=[N+]([O-])c1cnccc1I,100,Likely stable,,20,high
CC(C)S(=O)(=O)N[C@H]1CCOC[C@H]1c1ccc(-c2ccc(C#N)s2)cc1,CC(C)S(=O)(=O)N[C@H]1CCOC[C@H]1c1ccc(-c2ccc(C#N)s2)cc1,N#Cc1ccc(-c2ccc([C@@H]3COCC[C@@H]3N)cc2)s1,,,,95,low
CC(C)S(=O)(=O)N[C@H]1CCOC[C@H]1c1ccc(-c2ccc(C#N)s2)cc1,CC(C)S(=O)(=O)N[C@H]1CCOC[C@H]1c1ccc(-c2ccc(C#N)s2)cc1,CC(C)S(=O)(=O)Cl,100,Likely stable,,95,low
CC(C)S(=O)(=O)N[C@H]1CCOC[C@H]1c1ccc(-c2ccc(C#N)s2)cc1,N#Cc1ccc(-c2ccc([C@@H]3COCC[C@@H]3N)cc2)s1,N[C@H]1CCOC[C@H]1Br,95,Likely stable,,90,low
CC(C)S(=O)(=O)N[C@H]1CCOC[C@H]1c1ccc(-c2ccc(C#N)s2)cc1,N#Cc1ccc(-c2ccc([C@@H]3COCC[C@@H]3N)cc2)s1,N#Cc1ccc(-c2ccc(B(O)O)cc2)s1,75,Moderately stable,Contains carbene (highly reactive intermediate),90,low
CC(C)S(=O)(=O)N[C@H]1CCOC[C@H]1c1ccc(-c2ccc(C#N)s2)cc1,N[C@H]1CCOC[C@H]1Br,NC1CCOCC1,95,Likely stable,,90,low
CC(C)S(=O)(=O)N[C@H]1CCOC[C@H]1c1ccc(-c2ccc(C#N)s2)cc1,NC1CCOCC1,CC(C)(C)OC(=O)NC1CCOCC1,95,Likely stable,,75,medium
CC(C)S(=O)(=O)N[C@H]1CCOC[C@H]1c1ccc(-c2ccc(C#N)s2)cc1,N#Cc1ccc(-c2ccc(B(O)O)cc2)s1,OB(O)c1ccc(B(O)O)cc1,100,Likely stable,,30,high
CC(C)S(=O)(=O)N[C@H]1CCOC[C@H]1c1ccc(-c2ccc(C#N)s2)cc1,N#Cc1ccc(-c2ccc(B(O)O)cc2)s1,N#Cc1ccc(I)s1,70,Moderately stable,Contains carbene (highly reactive intermediate),30,high
C[C@H](c1ccccc1)N1C[C@]2(C(=O)OC(C)(C)C)C=CC[C@@H]2C1=O,C[C@H](c1ccccc1)N1C[C@]2(C(=O)OC(C)(C)C)C=CC[C@@H]2C1=O,CC(C)(C)OC(=O)[C@]12C=CC[C@H]1C(=O)NC2,,,,95,low
C[C@H](c1ccccc1)N1C[C@]2(C(=O)OC(C)(C)C)C=CC[C@@H]2C1=O,C[C@H](c1ccccc1)N1C[C@]2(C(=O)OC(C)(C)C)C=CC[C@@H]2C1=O,C[C@H](Br)c1ccccc1,100,Likely stable,,95,low
C[C@H](c1ccccc1)N1C[C@]2(C(=O)OC(C)(C)C)C=CC[C@@H]2C1=O,CC(C)(C)OC(=O)[C@]12C=CC[C@H]1C(=O)NC2,CC(C)(C)OC(=O)[C@]1(CN)C=CC[C@H]1C(=O)O,,,,45,medium
C[C@H](c1ccccc1)N1C[C@]2(C(=O)OC(C)(C)C)C=CC[C@@H]2C1=O,CC(C)(C)OC(=O)[C@]1(CN)C=CC[C@H]1C(=O)O,CC(C)(C)OC(=O)[C]1C=CC[C@H]1C(=O)O,,,,85,low
C[C@H](c1ccccc1)N1C[C@]2(C(=O)OC(C)(C)C)C=CC[C@@H]2C1=O,CC(C)(C)OC(=O)[C]1C=CC[C@H]1C(=O)O,C=CC[C@@H]([C](C=C)C(=O)OC(C)(C)C)C(=O)O,,,,65,medium
C[C@H](c1ccccc1)N1C[C@]2(C(=O)OC(C)(C)C)C=CC[C@@H]2C1=O,C=CC[C@@H]([C](C=C)C(=O)OC(C)(C)C)C(=O)O,C=CC[C@H](C(=O)O)[C@](C=C)(C(=O)O)C(=O)OC(C)(C)C,,,,90,low
C[C@H](c1ccccc1)N1C[C@]2(C(=O)OC(C)(C)C)C=CC[C@@H]2C1=O,C=CC[C@H](C(=O)O)[C@](C=C)(C(=O)O)C(=O)OC(C)(C)C,C=CC[C@H](C(=O)O)C(C(=O)O)(C(=O)O)C(=O)OC(C)(C)C,,,,90,low
C[C@H](c1ccccc1)N1C[C@]2(C(=O)OC(C)(C)C)C=CC[C@@H]2C1=O,C=CC[C@H](C(=O)O)C(C(=O)O)(C(=O)O)C(=O)OC(C)(C)C,C=CC[C@H](C(=O)O)C(C(=O)O)(C(=O)O)C(=O)O,,,,95,low
C[C@H](c1ccccc1)N1C[C@]2(C(=O)OC(C)(C)C)C=CC[C@@H]2C1=O,C=CC[C@H](C(=O)O)C(C(=O)O)(C(=O)O)C(=O)OC(C)(C)C,CC(C)(C)O,100,Likely stable,,95,low
C[C@H](c1ccccc1)N1C[C@]2(C(=O)OC(C)(C)C)C=CC[C@@H]2C1=O,C=CC[C@H](C(=O)O)C(C(=O)O)(C(=O)O)C(=O)O,C=CCC(C(=O)O)C(=O)O,100,Likely stable,,95,low
C[C@H](c1ccccc1)N1C[C@]2(C(=O)OC(C)(C)C)C=CC[C@@H]2C1=O,C=CC[C@H](C(=O)O)C(C(=O)O)(C(=O)O)C(=O)O,O=C(O)C(=O)C(=O)O,100,Likely stable,,95,low
C[C@H](c1ccccc1)N1C[C@]2(C(=O)OC(C)(C)C)C=CC[C@@H]2C1=O,C=CCC(C(=O)O)C(=O)O,C=CCC(C(=O)OCC)C(=O)OCC,100,Likely stable,,80,low
C[C@H](c1ccccc1)N1C[C@]2(C(=O)OC(C)(C)C)C=CC[C@@H]2C1=O,C[C@H](Br)c1ccccc1,C[C@H](Br)c1ccccc1N,100,Likely stable,,35,high
C[C@H](c1ccccc1)N1C[C@]2(C(=O)OC(C)(C)C)C=CC[C@@H]2C1=O,C[C@H](Br)c1ccccc1N,C[C@H](Br)c1ccccc1[N+](=O)[O-],100,Likely stable,,90,low
CCc1nc(C)c(C(=O)Nc2ccc(-c3ccc(C45CCC(CC(=O)OC)(CC4)OC5)cc3)cc2)o1,CCc1nc(C)c(C(=O)Nc2ccc(-c3ccc(C45CCC(CC(=O)OC)(CC4)OC5)cc3)cc2)o1,CCc1nc(C)c(C(=O)O)o1,100,Likely stable,,95,low
CCc1nc(C)c(C(=O)Nc2ccc(-c3ccc(C45CCC(CC(=O)OC)(CC4)OC5)cc3)cc2)o1,CCc1nc(C)c(C(=O)Nc2ccc(-c3ccc(C45CCC(CC(=O)OC)(CC4)OC5)cc3)cc2)o1,COC(=O)CC12CCC(c3ccc(-c4ccc(N)cc4)cc3)(CC1)CO2,,,,95,low
CCc1nc(C)c(C(=O)Nc2ccc(-c3ccc(C45CCC(CC(=O)OC)(CC4)OC5)cc3)cc2)o1,CCc1nc(C)c(C(=O)O)o1,CCc1nc(C)c(C(=O)OC)o1,100,Likely stable,,95,low
CCc1nc(C)c(C(=O)Nc2ccc(-c3ccc(C45CCC(CC(=O)OC)(CC4)OC5)cc3)cc2)o1,COC(=O)CC12CCC(c3ccc(-c4ccc(N)cc4)cc3)(CC1)CO2,Nc1ccc(Br)cc1,100,Likely stable,,90,low
CCc1nc(C)c(C(=O)Nc2ccc(-c3ccc(C45CCC(CC(=O)OC)(CC4)OC5)cc3)cc2)o1,COC(=O)CC12CCC(c3ccc(-c4ccc(N)cc4)cc3)(CC1)CO2,COC(=O)CC12CCC(c3ccc(Br)cc3)(CC1)CO2,,,,90,low
CCc1nc(C)c(C(=O)Nc2ccc(-c3ccc(C45CCC(CC(=O)OC)(CC4)OC5)cc3)cc2)o1,Nc1ccc(Br)cc1,O=[N+]([O-])c1ccc(Br)cc1,100,Likely stable,,90,low
CCc1nc(C)c(C(=O)Nc2ccc(-c3ccc(C45CCC(CC(=O)OC)(CC4)OC5)cc3)cc2)o1,COC(=O)CC12CCC(c3ccc(Br)cc3)(CC1)CO2,O=C(O)CC12CCC(c3ccc(Br)cc3)(CC1)CO2,,,,95,low
CCc1nc(C)c(C(=O)Nc2ccc(-c3ccc(C45CCC(CC(=O)OC)(CC4)OC5)cc3)cc2)o1,COC(=O)CC12CCC(c3ccc(Br)cc3)(CC1)CO2,CO,100,Likely stable,,95,low
CCc1nc(C)c(C(=O)Nc2ccc(-c3ccc(C45CCC(CC(=O)OC)(CC4)OC5)cc3)cc2)o1,O=C(O)CC12CCC(c3ccc(Br)cc3)(CC1)CO2,O=C(O)CC1(O)CCC(CO)(c2ccc(Br)cc2)CC1,100,Likely stable,,45,medium
CCc1nc(C)c(C(=O)Nc2ccc(-c3ccc(C45CCC(CC(=O)OC)(CC4)OC5)cc3)cc2)o1,O=C(O)CC1(O)CCC(CO)(c2ccc(Br)cc2)CC1,O=C1CCC(=O)N1Br,95,Likely stable,,55,medium
CCc1nc(C)c(C(=O)Nc2ccc(-c3ccc(C45CCC(CC(=O)OC)(CC4)OC5)cc3)cc2)o1,O=C(O)CC1(O)CCC(CO)(c2ccc(Br)cc2)CC1,O=C(O)CC1(O)CCC(CO)(c2ccccc2)CC1,100,Likely stable,,55,medium
CCc1nc(C)c(C(=O)Nc2ccc(-c3ccc(C45CCC(CC(=O)OC)(CC4)OC5)cc3)cc2)o1,O=C(O)CC1(O)CCC(CO)(c2ccccc2)CC1,CCOC(=O)CC1(O)CCC(CO)(c2ccccc2)CC1,100,Likely stable,,90,low
CCc1nc(C)c(C(=O)Nc2ccc(-c3ccc(C45CCC(CC(=O)OC)(CC4)OC5)cc3)cc2)o1,CCOC(=O)CC1(O)CCC(CO)(c2ccccc2)CC1,CCOC(=O)CBr,100,Likely stable,,95,low
CCc1nc(C)c(C(=O)Nc2ccc(-c3ccc(C45CCC(CC(=O)OC)(CC4)OC5)cc3)cc2)o1,CCOC(=O)CC1(O)CCC(CO)(c2ccccc2)CC1,O=C1CCC(CO)(c2ccccc2)CC1,100,Likely stable,,95,low
COc1cc2c(Oc3cc(C)c(C)nc3-c3cccc(C)n3)ccnc2cc1OCCNCCO,COc1cc2c(Oc3cc(C)c(C)nc3-c3cccc(C)n3)ccnc2cc1OCCNCCO,COc1cc2c(Oc3cc(C)c(C)nc3-c3cccc(C)n3)ccnc2cc1O,100,Likely stable,,95,low
COc1cc2c(Oc3cc(C)c(C)nc3-c3cccc(C)n3)ccnc2cc1OCCNCCO,COc1cc2c(Oc3cc(C)c(C)nc3-c3cccc(C)n3)ccnc2cc1OCCNCCO,OCCNCCCl,,,,95,low
COc1cc2c(Oc3cc(C)c(C)nc3-c3cccc(C)n3)ccnc2cc1OCCNCCO,COc1cc2c(Oc3cc(C)c(C)nc3-c3cccc(C)n3)ccnc2cc1O,COc1cc2c(Oc3cc(C)c(C)nc3Br)ccnc2cc1O,100,Likely stable,,90,low
COc1cc2c(Oc3cc(C)c(C)nc3-c3cccc(C)n3)ccnc2cc1OCCNCCO,COc1cc2c(Oc3cc(C)c(C)nc3-c3cccc(C)n3)ccnc2cc1O,Cc1cccc(B(O)O)n1,100,Likely stable,,90,low
COc1cc2c(Oc3cc(C)c(C)nc3-c3cccc(C)n3)ccnc2cc1OCCNCCO,COc1cc2c(Oc3cc(C)c(C)nc3Br)ccnc2cc1O,Cc1cc(O)c(Br)nc1C,100,Likely stable,,95,low
COc1cc2c(Oc3cc(C)c(C)nc3-c3cccc(C)n3)ccnc2cc1OCCNCCO,COc1cc2c(Oc3cc(C)c(C)nc3Br)ccnc2cc1O,COc1cc2c(Cl)ccnc2cc1O,100,Likely stable,,95,low
COc1cc2c(Oc3cc(C)c(C)nc3-c3cccc(C)n3)ccnc2cc1OCCNCCO,Cc1cc(O)c(Br)nc1C,Cc1cc(O)cnc1C,100,Likely stable,,55,medium
COc1cc2c(Oc3cc(C)c(C)nc3-c3cccc(C)n3)ccnc2cc1OCCNCCO,Cc1cc(O)c(Br)nc1C,O=C1CCC(=O)N1Br,95,Likely stable,,55,medium
COc1cc2c(Oc3cc(C)c(C)nc3-c3cccc(C)n3)ccnc2cc1OCCNCCO,Cc1cccc(B(O)O)n1,Cc1cccc(Br)n1,100,Likely stable,,55,medium
COc1cc2c(Oc3cc(C)c(C)nc3-c3cccc(C)n3)ccnc2cc1OCCNCCO,Cc1cccc(B(O)O)n1,CC(C)OB(OC(C)C)OC(C)C,100,Likely stable,,55,medium
O=C(CO)N1CCC(c2ccc3c(c2)-n2nc(-c4ncnn4CC(F)(F)F)cc2CCO3)CC1,O=C(CO)N1CCC(c2ccc3c(c2)-n2nc(-c4ncnn4CC(F)(F)F)cc2CCO3)CC1,O=C(Cl)CO,,,,95,low
O=C(CO)N1CCC(c2ccc3c(c2)-n2nc(-c4ncnn4CC(F)(F)F)cc2CCO3)CC1,O=C(CO)N1CCC(c2ccc3c(c2)-n2nc(-c4ncnn4CC(F)(F)F)cc2CCO3)CC1,FC(F)(F)Cn1ncnc1-c1cc2n(n1)-c1c(cccc1C1CCNCC1)OCC2,,,,95,low
O=C(CO)N1CCC(c2ccc3c(c2)-n2nc(-c4ncnn4CC(F)(F)F)cc2CCO3)CC1,FC(F)(F)Cn1ncnc1-c1cc2n(n1)-c1c(cccc1C1CCNCC1)OCC2,Oc1cccc(C2CCNCC2)c1-n1nc(-c2ncnn2CC(F)(F)F)cc1CCBr,,,,70,medium
O=C(CO)N1CCC(c2ccc3c(c2)-n2nc(-c4ncnn4CC(F)(F)F)cc2CCO3)CC1,Oc1cccc(C2CCNCC2)c1-n1nc(-c2ncnn2CC(F)(F)F)cc1CCBr,CCc1cc(-c2ncnn2CC(F)(F)F)nn1-c1c(O)cccc1C1CCNCC1,,,,90,low
O=C(CO)N1CCC(c2ccc3c(c2)-n2nc(-c4ncnn4CC(F)(F)F)cc2CCO3)CC1,CCc1cc(-c2ncnn2CC(F)(F)F)nn1-c1c(O)cccc1C1CCNCC1,CCc1cc(Br)nn1-c1c(O)cccc1C1CCNCC1,,,,90,low
O=C(CO)N1CCC(c2ccc3c(c2)-n2nc(-c4ncnn4CC(F)(F)F)cc2CCO3)CC1,CCc1cc(-c2ncnn2CC(F)(F)F)nn1-c1c(O)cccc1C1CCNCC1,OB(O)c1cnnn1CC(F)(F)F,,,,90,low
O=C(CO)N1CCC(c2ccc3c(c2)-n2nc(-c4ncnn4CC(F)(F)F)cc2CCO3)CC1,CCc1cc(Br)nn1-c1c(O)cccc1C1CCNCC1,Oc1cccc(Br)c1C1CCNCC1,100,Likely stable,,95,low
O=C(CO)N1CCC(c2ccc3c(c2)-n2nc(-c4ncnn4CC(F)(F)F)cc2CCO3)CC1,CCc1cc(Br)nn1-c1c(O)cccc1C1CCNCC1,CCc1cc(Br)n[nH]1,100,Likely stable,,95,low
O=C(CO)N1CCC(c2ccc3c(c2)-n2nc(-c4ncnn4CC(F)(F)F)cc2CCO3)CC1,Oc1cccc(Br)c1C1CCNCC1,COc1cccc(Br)c1C1CCNCC1,100,Likely stable,,95,low
O=C(CO)N1CCC(c2ccc3c(c2)-n2nc(-c4ncnn4CC(F)(F)F)cc2CCO3)CC1,COc1cccc(Br)c1C1CCNCC1,COc1cccc(Br)c1C1=CCN(Cc2ccccc2)CC1,100,Likely stable,,0,critical
O=C(CO)N1CCC(c2ccc3c(c2)-n2nc(-c4ncnn4CC(F)(F)F)cc2CCO3)CC1,COc1cccc(Br)c1C1=CCN(Cc2ccccc2)CC1,COc1cccc(Br)c1C1(O)CCN(Cc2ccccc2)CC1,100,Likely stable,,95,low
O=C(CO)N1CCC(c2ccc3c(c2)-n2nc(-c4ncnn4CC(F)(F)F)cc2CCO3)CC1,COc1cccc(Br)c1C1(O)CCN(Cc2ccccc2)CC1,COc1cccc(Br)c1,100,Likely stable,,0,critical
O=C(CO)N1CCC(c2ccc3c(c2)-n2nc(-c4ncnn4CC(F)(F)F)cc2CCO3)CC1,COc1cccc(Br)c1C1(O)CCN(Cc2ccccc2)CC1,O=C1CCN(Cc2ccccc2)CC1,100,Likely stable,,0,critical
O=C(CO)N1CCC(c2ccc3c(c2)-n2nc(-c4ncnn4CC(F)(F)F)cc2CCO3)CC1,CCc1cc(Br)n[nH]1,CCc1ccn[nH]1,100,Likely stable,,30,high
O=C(CO)N1CCC(c2ccc3c(c2)-n2nc(-c4ncnn4CC(F)(F)F)cc2CCO3)CC1,CCc1cc(Br)n[nH]1,O=C1CCC(=O)N1Br,95,Likely stable,,30,high
CC(C)(C)OC(=O)NC1(C2CCc3cc(Sc4cccc(OCc5ccccc5)c4)ccc3C2)COC(C)(C)OC1,CC(C)(C)OC(=O)NC1(C2CCc3cc(Sc4cccc(OCc5ccccc5)c4)ccc3C2)COC(C)(C)OC1,CC1(C)OCC(N)(C2CCc3cc(Sc4cccc(OCc5ccccc5)c4)ccc3C2)CO1,,,,45,medium
CC(C)(C)OC(=O)NC1(C2CCc3cc(Sc4cccc(OCc5ccccc5)c4)ccc3C2)COC(C)(C)OC1,CC1(C)OCC(N)(C2CCc3cc(Sc4cccc(OCc5ccccc5)c4)ccc3C2)CO1,Sc1cccc(OCc2ccccc2)c1,100,Likely stable,,95,low
CC(C)(C)OC(=O)NC1(C2CCc3cc(Sc4cccc(OCc5ccccc5)c4)ccc3C2)COC(C)(C)OC1,CC1(C)OCC(N)(C2CCc3cc(Sc4cccc(OCc5ccccc5)c4)ccc3C2)CO1,CC1(C)OCC(N)(C2CCc3cc(Br)ccc3C2)CO1,,,,95,low
CC(C)(C)OC(=O)NC1(C2CCc3cc(Sc4cccc(OCc5ccccc5)c4)ccc3C2)COC(C)(C)OC1,Sc1cccc(OCc2ccccc2)c1,CCOC(=S)Sc1cccc(OCc2ccccc2)c1,100,Likely stable,,85,low
CC(C)(C)OC(=O)NC1(C2CCc3cc(Sc4cccc(OCc5ccccc5)c4)ccc3C2)COC(C)(C)OC1,CCOC(=S)Sc1cccc(OCc2ccccc2)c1,CCOC(=S)S,100,Likely stable,,95,low
CC(C)(C)OC(=O)NC1(C2CCc3cc(Sc4cccc(OCc5ccccc5)c4)ccc3C2)COC(C)(C)OC1,CCOC(=S)Sc1cccc(OCc2ccccc2)c1,Nc1cccc(OCc2ccccc2)c1,100,Likely stable,,95,low
CC(C)(C)OC(=O)NC1(C2CCc3cc(Sc4cccc(OCc5ccccc5)c4)ccc3C2)COC(C)(C)OC1,CC1(C)OCC(N)(C2CCc3cc(Br)ccc3C2)CO1,CC1(C)OCC(C#N)(C2CCc3cc(Br)ccc3C2)CO1,,,,95,low
CC(C)(C)OC(=O)NC1(C2CCc3cc(Sc4cccc(OCc5ccccc5)c4)ccc3C2)COC(C)(C)OC1,CC1(C)OCC(C#N)(C2CCc3cc(Br)ccc3C2)CO1,CC1(C)OCC(C#N)CO1,60,Moderately stable,Contains carbene (highly reactive intermediate),95,low
CC(C)(C)OC(=O)NC1(C2CCc3cc(Sc4cccc(OCc5ccccc5)c4)ccc3C2)COC(C)(C)OC1,CC1(C)OCC(C#N)(C2CCc3cc(Br)ccc3C2)CO1,Brc1ccc2c(c1)CCC(Br)C2,,,,95,low
CC(C)(C)OC(=O)NC1(C2CCc3cc(Sc4cccc(OCc5ccccc5)c4)ccc3C2)COC(C)(C)OC1,CC1(C)OCC(C#N)CO1,CC1(C)OCC(C(N)=O)CO1,95,Likely stable,,95,low
CC(C)(C)OC(=O)NC1(C2CCc3cc(Sc4cccc(OCc5ccccc5)c4)ccc3C2)COC(C)(C)OC1,CC1(C)OCC(C(N)=O)CO1,CCN(CC)CC,100,Likely stable,,70,medium
CC(C)(C)OC(=O)NC1(C2CCc3cc(Sc4cccc(OCc5ccccc5)c4)ccc3C2)COC(C)(C)OC1,CC1(C)OCC(C(N)=O)CO1,CC1(C)OCC(C(=O)O)CO1,95,Likely stable,,70,medium
CC(C)(C)OC(=O)NC1(C2CCc3cc(Sc4cccc(OCc5ccccc5)c4)ccc3C2)COC(C)(C)OC1,Brc1ccc2c(c1)CCC(Br)C2,c1ccc2c(c1)CCCC2,100,Likely stable,,80,low
CC(C)(C)OC(=O)NC1(C2CCc3cc(Sc4cccc(OCc5ccccc5)c4)ccc3C2)COC(C)(C)OC1,c1ccc2c(c1)CCCC2,O=C1CCCc2ccccc21,100,Likely stable,,95,low
CCC[C@@H](CCO)Nc1nc(N)nc(C)c1Cc1ccc(CN2CCC[C@@H]2C(=O)O)cc1OC,CCC[C@@H](CCO)Nc1nc(N)nc(C)c1Cc1ccc(CN2CCC[C@@H]2C(=O)O)cc1OC,CCC[C@H](N)CCO,100,Likely stable,,95,low
CCC[C@@H](CCO)Nc1nc(N)nc(C)c1Cc1ccc(CN2CCC[C@@H]2C(=O)O)cc1OC,CCC[C@@H](CCO)Nc1nc(N)nc(C)c1Cc1ccc(CN2CCC[C@@H]2C(=O)O)cc1OC,COc1cc(CN2CCC[C@@H]2C(=O)O)ccc1Cc1c(C)nc(N)nc1Cl,100,Likely stable,,95,low
CCC[C@@H](CCO)Nc1nc(N)nc(C)c1Cc1ccc(CN2CCC[C@@H]2C(=O)O)cc1OC,CCC[C@H](N)CCO,CCC[C@H](N)CC(=O)O,100,Likely stable,,95,low
CCC[C@@H](CCO)Nc1nc(N)nc(C)c1Cc1ccc(CN2CCC[C@@H]2C(=O)O)cc1OC,COc1cc(CN2CCC[C@@H]2C(=O)O)ccc1Cc1c(C)nc(N)nc1Cl,O=P(Cl)(Cl)Cl,100,Likely stable,,90,low
CCC[C@@H](CCO)Nc1nc(N)nc(C)c1Cc1ccc(CN2CCC[C@@H]2C(=O)O)cc1OC,COc1cc(CN2CCC[C@@H]2C(=O)O)ccc1Cc1c(C)nc(N)nc1Cl,COc1cc(CN2CCC[C@@H]2C(=O)O)ccc1Cc1c(C)nc(N)nc1O,100,Likely stable,,90,low
CCC[C@@H](CCO)Nc1nc(N)nc(C)c1Cc1ccc(CN2CCC[C@@H]2C(=O)O)cc1OC,COc1cc(CN2CCC[C@@H]2C(=O)O)ccc1Cc1c(C)nc(N)nc1O,Cc1nc(N)nc(O)c1CO,100,Likely stable,,95,low
CCC[C@@H](CCO)Nc1nc(N)nc(C)c1Cc1ccc(CN2CCC[C@@H]2C(=O)O)cc1OC,COc1cc(CN2CCC[C@@H]2C(=O)O)ccc1Cc1c(C)nc(N)nc1O,COc1cccc(CN2CCC[C@@H]2C(=O)O)c1,100,Likely stable,,95,low
CCC[C@@H](CCO)Nc1nc(N)nc(C)c1Cc1ccc(CN2CCC[C@@H]2C(=O)O)cc1OC,Cc1nc(N)nc(O)c1CO,N=C(N)N,100,Likely stable,,25,high
CCC[C@@H](CCO)Nc1nc(N)nc(C)c1Cc1ccc(CN2CCC[C@@H]2C(=O)O)cc1OC,Cc1nc(N)nc(O)c1CO,CCOC(=O)C(CO)C(C)=O,100,Likely stable,,25,high
CCC[C@@H](CCO)Nc1nc(N)nc(C)c1Cc1ccc(CN2CCC[C@@H]2C(=O)O)cc1OC,CCOC(=O)C(CO)C(C)=O,CCOC(=O)C(C=O)C(C)=O,100,Likely stable,,100,low
CCC[C@@H](CCO)Nc1nc(N)nc(C)c1Cc1ccc(CN2CCC[C@@H]2C(=O)O)cc1OC,CCOC(=O)C(C=O)C(C)=O,CCOC=O,100,Likely stable,,90,low
CCC[C@@H](CCO)Nc1nc(N)nc(C)c1Cc1ccc(CN2CCC[C@@H]2C(=O)O)cc1OC,CCOC(=O)C(C=O)C(C)=O,CCOC(=O)CC(C)=O,100,Likely stable,,90,low
COc1cc(-c2cccc(C(F)(F)F)c2)c(F)cc1-c1nncc2cc(S(=O)(=O)Nc3ccon3)ccc12,COc1cc(-c2cccc(C(F)(F)F)c2)c(F)cc1-c1nncc2cc(S(=O)(=O)Nc3ccon3)ccc12,COc1cc(-c2cccc(C(F)(F)F)c2)c(F)cc1-c1nncc2cc(S(=O)(=O)Cl)ccc12,100,Likely stable,,95,low
COc1cc(-c2cccc(C(F)(F)F)c2)c(F)cc1-c1nncc2cc(S(=O)(=O)Nc3ccon3)ccc12,COc1cc(-c2cccc(C(F)(F)F)c2)c(F)cc1-c1nncc2cc(S(=O)(=O)Nc3ccon3)ccc12,Nc1ccon1,100,Likely stable,,95,low
COc1cc(-c2cccc(C(F)(F)F)c2)c(F)cc1-c1nncc2cc(S(=O)(=O)Nc3ccon3)ccc12,COc1cc(-c2cccc(C(F)(F)F)c2)c(F)cc1-c1nncc2cc(S(=O)(=O)Cl)ccc12,COc1cc(-c2cccc(C(F)(F)F)c2)c(F)cc1-c1nncc2cc(S(=O)(=O)O)ccc12,100,Likely stable,,95,low
COc1cc(-c2cccc(C(F)(F)F)c2)c(F)cc1-c1nncc2cc(S(=O)(=O)Nc3ccon3)ccc12,COc1cc(-c2cccc(C(F)(F)F)c2)c(F)cc1-c1nncc2cc(S(=O)(=O)O)ccc12,COc1cc(-c2cccc(C(F)(F)F)c2)c(F)cc1Br,100,Likely stable,,95,low
COc1cc(-c2cccc(C(F)(F)F)c2)c(F)cc1-c1nncc2cc(S(=O)(=O)Nc3ccon3)ccc12,COc1cc(-c2cccc(C(F)(F)F)c2)c(F)cc1-c1nncc2cc(S(=O)(=O)O)ccc12,OB(O)c1nncc2cc(O)ccc12,,,,95,low
COc1cc(-c2cccc(C(F)(F)F)c2)c(F)cc1-c1nncc2cc(S(=O)(=O)Nc3ccon3)ccc12,COc1cc(-c2cccc(C(F)(F)F)c2)c(F)cc1Br,Nc1cccc(C(F)(F)F)c1,100,Likely stable,,95,low
COc1cc(-c2cccc(C(F)(F)F)c2)c(F)cc1-c1nncc2cc(S(=O)(=O)Nc3ccon3)ccc12,COc1cc(-c2cccc(C(F)(F)F)c2)c(F)cc1Br,COc1ccc(F)cc1Br,100,Likely stable,,95,low
COc1cc(-c2cccc(C(F)(F)F)c2)c(F)cc1-c1nncc2cc(S(=O)(=O)Nc3ccon3)ccc12,OB(O)c1nncc2cc(O)ccc12,Oc1ccc2c(Br)nncc2c1,100,Likely stable,,80,low
COc1cc(-c2cccc(C(F)(F)F)c2)c(F)cc1-c1nncc2cc(S(=O)(=O)Nc3ccon3)ccc12,Oc1ccc2c(Br)nncc2c1,CC(=O)Oc1ccc2c(Br)nncc2c1,100,Likely stable,,90,low
COc1cc(-c2cccc(C(F)(F)F)c2)c(F)cc1-c1nncc2cc(S(=O)(=O)Nc3ccon3)ccc12,CC(=O)Oc1ccc2c(Br)nncc2c1,CC(=O)OO,100,Likely stable,,90,low
COc1cc(-c2cccc(C(F)(F)F)c2)c(F)cc1-c1nncc2cc(S(=O)(=O)Nc3ccon3)ccc12,CC(=O)Oc1ccc2c(Br)nncc2c1,CC(=O)c1ccc2c(Br)nncc2c1,100,Likely stable,,90,low
COc1cc(-c2cccc(C(F)(F)F)c2)c(F)cc1-c1nncc2cc(S(=O)(=O)Nc3ccon3)ccc12,CC(=O)c1ccc2c(Br)nncc2c1,CC(=O)Cl,100,Likely stable,,95,low
COc1cc(-c2cccc(C(F)(F)F)c2)c(F)cc1-c1nncc2cc(S(=O)(=O)Nc3ccon3)ccc12,CC(=O)c1ccc2c(Br)nncc2c1,Brc1nncc2ccccc12,100,Likely stable,,95,low
CCC/C=C/[C@H]1CC[C@H](C(C(=O)O)C(=O)O)CC1,CCC/C=C/[C@H]1CC[C@H](C(C(=O)O)C(=O)O)CC1,CCOC(=O)CC(=O)OCC,100,Likely stable,,80,low
CCC/C=C/[C@H]1CC[C@H](C(C(=O)O)C(=O)O)CC1,CCC/C=C/[C@H]1CC[C@H](C(C(=O)O)C(=O)O)CC1,CCC/C=C/[C@H]1CC[C@H](Br)CC1,100,Likely stable,,80,low
CCC/C=C/[C@H]1CC[C@H](C(C(=O)O)C(=O)O)CC1,CCOC(=O)CC(=O)OCC,CCOC(C)=O,100,Likely stable,,90,low
CCC/C=C/[C@H]1CC[C@H](C(C(=O)O)C(=O)O)CC1,CCOC(=O)CC(=O)OCC,CCOC(=O)OCC,100,Likely stable,,90,low
CCC/C=C/[C@H]1CC[C@H](C(C(=O)O)C(=O)O)CC1,CCC/C=C/[C@H]1CC[C@H](Br)CC1,CCCC(Br)[C@H]1CC[C@H](Br)CC1,100,Likely stable,,95,low
CCC/C=C/[C@H]1CC[C@H](C(C(=O)O)C(=O)O)CC1,CCCC(Br)[C@H]1CC[C@H](Br)CC1,CCCC=C1CC=CCC1,100,Likely stable,,80,low
CCC/C=C/[C@H]1CC[C@H](C(C(=O)O)C(=O)O)CC1,CCCC=C1CC=CCC1,C=CCCC,100,Likely stable,,90,low
CCC/C=C/[C@H]1CC[C@H](C(C(=O)O)C(=O)O)CC1,CCCC=C1CC=CCC1,C=C1CC=CCC1,100,Likely stable,,90,low
CCC/C=C/[C@H]1CC[C@H](C(C(=O)O)C(=O)O)CC1,C=C1CC=CCC1,C1CCOC1,95,Likely stable,,60,medium
CCC/C=C/[C@H]1CC[C@H](C(C(=O)O)C(=O)O)CC1,C=C1CC=CCC1,O=C1CC=CCC1,100,Likely stable,,60,medium
CCOC(=O)[C@@H]1C[C@H]1COc1cc(CCCOC)cc(CN(C(=O)[C@H]2CNCC[C@@H]2c2ccc(OCCOc3c(Cl)cc(C)cc3Cl)cc2)C2CC2)c1,CCOC(=O)[C@@H]1C[C@H]1COc1cc(CCCOC)cc(CN(C(=O)[C@H]2CNCC[C@@H]2c2ccc(OCCOc3c(Cl)cc(C)cc3Cl)cc2)C2CC2)c1,CCOC(=O)[C@H]1C[C@@H]1COc1cc(CCCOC)cc(CNC2CC2)c1,100,Likely stable,,95,low
CCOC(=O)[C@@H]1C[C@H]1COc1cc(CCCOC)cc(CN(C(=O)[C@H]2CNCC[C@@H]2c2ccc(OCCOc3c(Cl)cc(C)cc3Cl)cc2)C2CC2)c1,CCOC(=O)[C@@H]1C[C@H]1COc1cc(CCCOC)cc(CN(C(=O)[C@H]2CNCC[C@@H]2c2ccc(OCCOc3c(Cl)cc(C)cc3Cl)cc2)C2CC2)c1,Cc1cc(Cl)c(OCCOc2ccc([C@H]3CCNC[C@@H]3C(=O)O)cc2)c(Cl)c1,,,,95,low
CCOC(=O)[C@@H]1C[C@H]1COc1cc(CCCOC)cc(CN(C(=O)[C@H]2CNCC[C@@H]2c2ccc(OCCOc3c(Cl)cc(C)cc3Cl)cc2)C2CC2)c1,CCOC(=O)[C@H]1C[C@@H]1COc1cc(CCCOC)cc(CNC2CC2)c1,CCOC(=O)[C@H]1C[C@@H]1CO,100,Likely stable,,95,low
CCOC(=O)[C@@H]1C[C@H]1COc1cc(CCCOC)cc(CN(C(=O)[C@H]2CNCC[C@@H]2c2ccc(OCCOc3c(Cl)cc(C)cc3Cl)cc2)C2CC2)c1,CCOC(=O)[C@H]1C[C@@H]1COc1cc(CCCOC)cc(CNC2CC2)c1,COCCCc1cc(F)cc(CNC2CC2)c1,100,Likely stable,,95,low
CCOC(=O)[C@@H]1C[C@H]1COc1cc(CCCOC)cc(CN(C(=O)[C@H]2CNCC[C@@H]2c2ccc(OCCOc3c(Cl)cc(C)cc3Cl)cc2)C2CC2)c1,COCCCc1cc(F)cc(CNC2CC2)c1,COCCCc1cc(F)cc(C(=O)NC2CC2)c1,100,Likely stable,,95,low
CCOC(=O)[C@@H]1C[C@H]1COc1cc(CCCOC)cc(CN(C(=O)[C@H]2CNCC[C@@H]2c2ccc(OCCOc3c(Cl)cc(C)cc3Cl)cc2)C2CC2)c1,COCCCc1cc(F)cc(C(=O)NC2CC2)c1,NC1CC1,100,Likely stable,,95,low
CCOC(=O)[C@@H]1C[C@H]1COc1cc(CCCOC)cc(CN(C(=O)[C@H]2CNCC[C@@H]2c2ccc(OCCOc3c(Cl)cc(C)cc3Cl)cc2)C2CC2)c1,COCCCc1cc(F)cc(C(=O)NC2CC2)c1,COCCCc1cc(F)cc(C(=O)O)c1,100,Likely stable,,95,low
CCOC(=O)[C@@H]1C[C@H]1COc1cc(CCCOC)cc(CN(C(=O)[C@H]2CNCC[C@@H]2c2ccc(OCCOc3c(Cl)cc(C)cc3Cl)cc2)C2CC2)c1,Cc1cc(Cl)c(OCCOc2ccc([C@H]3CCNC[C@@H]3C(=O)O)cc2)c(Cl)c1,O=C(O)[C@H]1CNCC[C@@H]1c1ccc(O)cc1,100,Likely stable,,95,low
CCOC(=O)[C@@H]1C[C@H]1COc1cc(CCCOC)cc(CN(C(=O)[C@H]2CNCC[C@@H]2c2ccc(OCCOc3c(Cl)cc(C)cc3Cl)cc2)C2CC2)c1,Cc1cc(Cl)c(OCCOc2ccc([C@H]3CCNC[C@@H]3C(=O)O)cc2)c(Cl)c1,Cc1cc(Cl)c(OCCCl)c(Cl)c1,100,Likely stable,,95,low
CCOC(=O)[C@@H]1C[C@H]1COc1cc(CCCOC)cc(CN(C(=O)[C@H]2CNCC[C@@H]2c2ccc(OCCOc3c(Cl)cc(C)cc3Cl)cc2)C2CC2)c1,O=C(O)[C@H]1CNCC[C@@H]1c1ccc(O)cc1,OC[C@H]1CNCC[C@@H]1c1ccc(O)cc1,100,Likely stable,,90,low
CCOC(=O)[C@@H]1C[C@H]1COc1cc(CCCOC)cc(CN(C(=O)[C@H]2CNCC[C@@H]2c2ccc(OCCOc3c(Cl)cc(C)cc3Cl)cc2)C2CC2)c1,OC[C@H]1CNCC[C@@H]1c1ccc(O)cc1,O=CC[C@H](CCNC[C@H](O)C=O)c1ccc(O)cc1,,,,40,medium
CCOC(=O)[C@@H]1C[C@H]1COc1cc(CCCOC)cc(CN(C(=O)[C@H]2CNCC[C@@H]2c2ccc(OCCOc3c(Cl)cc(C)cc3Cl)cc2)C2CC2)c1,O=CC[C@H](CCNC[C@H](O)C=O)c1ccc(O)cc1,O=CCC(CC=O)c1ccc(O)cc1,,,,95,low
CCOC(=O)[C@@H]1C[C@H]1COc1cc(CCCOC)cc(CN(C(=O)[C@H]2CNCC[C@@H]2c2ccc(OCCOc3c(Cl)cc(C)cc3Cl)cc2)C2CC2)c1,O=CC[C@H](CCNC[C@H](O)C=O)c1ccc(O)cc1,NC[C@H](O)C=O,100,Likely stable,,95,low
CCOC(=O)[C@@H]1C[C@H]1COc1cc(CCCOC)cc(CN(C(=O)[C@H]2CNCC[C@@H]2c2ccc(OCCOc3c(Cl)cc(C)cc3Cl)cc2)C2CC2)c1,O=CCC(CC=O)c1ccc(O)cc1,OCCC(CCO)c1ccc(O)cc1,,,,100,low
CCOC(=O)[C@@H]1C[C@H]1COc1cc(CCCOC)cc(CN(C(=O)[C@H]2CNCC[C@@H]2c2ccc(OCCOc3c(Cl)cc(C)cc3Cl)cc2)C2CC2)c1,OCCC(CCO)c1ccc(O)cc1,C=Cc1ccc(O)cc1,100,Likely stable,,60,medium
CCOC(=O)[C@@H]1C[C@H]1COc1cc(CCCOC)cc(CN(C(=O)[C@H]2CNCC[C@@H]2c2ccc(OCCOc3c(Cl)cc(C)cc3Cl)cc2)C2CC2)c1,OCCC(CCO)c1ccc(O)cc1,C1CO1,80,Likely stable,Three-membered heterocycle (potentially unstable),60,medium
CCOC(=O)[C@@H]1C[C@H]1COc1cc(CCCOC)cc(CN(C(=O)[C@H]2CNCC[C@@H]2c2ccc(OCCOc3c(Cl)cc(C)cc3Cl)cc2)C2CC2)c1,C=Cc1ccc(O)cc1,C=Cc1ccc(OC)cc1,100,Likely stable,,95,low
CCOC(=O)[C@@H]1C[C@H]1COc1cc(CCCOC)cc(CN(C(=O)[C@H]2CNCC[C@@H]2c2ccc(OCCOc3c(Cl)cc(C)cc3Cl)cc2)C2CC2)c1,Cc1cc(Cl)c(OCCCl)c(Cl)c1,ClCCBr,100,Likely stable,,95,low
CCOC(=O)[C@@H]1C[C@H]1COc1cc(CCCOC)cc(CN(C(=O)[C@H]2CNCC[C@@H]2c2ccc(OCCOc3c(Cl)cc(C)cc3Cl)cc2)C2CC2)c1,Cc1cc(Cl)c(OCCCl)c(Cl)c1,Cc1cc(Cl)c(O)c(Cl)c1,100,Likely stable,,95,low
CCCCOC(=O)N1CCN(C(=O)[C@H](CCCO[Si](c2ccccc2)(c2ccccc2)C(C)(C)C)NC(=O)OC(C)(C)C)CC1,CCCCOC(=O)N1CCN(C(=O)[C@H](CCCO[Si](c2ccccc2)(c2ccccc2)C(C)(C)C)NC(=O)OC(C)(C)C)CC1,CC(C)(C)OC(=O)N[C@@H](CCCO[Si](c1ccccc1)(c1ccccc1)C(C)(C)C)C(=O)N1CCNCC1,,,,95,low
CCCCOC(=O)N1CCN(C(=O)[C@H](CCCO[Si](c2ccccc2)(c2ccccc2)C(C)(C)C)NC(=O)OC(C)(C)C)CC1,CCCCOC(=O)N1CCN(C(=O)[C@H](CCCO[Si](c2ccccc2)(c2ccccc2)C(C)(C)C)NC(=O)OC(C)(C)C)CC1,CCCCOC(=O)Cl,100,Likely stable,,95,low
CCCCOC(=O)N1CCN(C(=O)[C@H](CCCO[Si](c2ccccc2)(c2ccccc2)C(C)(C)C)NC(=O)OC(C)(C)C)CC1,CC(C)(C)OC(=O)N[C@@H](CCCO[Si](c1ccccc1)(c1ccccc1)C(C)(C)C)C(=O)N1CCNCC1,C1CNCCN1,95,Likely stable,,95,low
CCCCOC(=O)N1CCN(C(=O)[C@H](CCCO[Si](c2ccccc2)(c2ccccc2)C(C)(C)C)NC(=O)OC(C)(C)C)CC1,CC(C)(C)OC(=O)N[C@@H](CCCO[Si](c1ccccc1)(c1ccccc1)C(C)(C)C)C(=O)N1CCNCC1,CC(C)(C)OC(=O)N[C@@H](CCCO[Si](c1ccccc1)(c1ccccc1)C(C)(C)C)C(=O)O,100,Likely stable,,95,low
CCCCOC(=O)N1CCN(C(=O)[C@H](CCCO[Si](c2ccccc2)(c2ccccc2)C(C)(C)C)NC(=O)OC(C)(C)C)CC1,CC(C)(C)OC(=O)N[C@@H](CCCO[Si](c1ccccc1)(c1ccccc1)C(C)(C)C)C(=O)O,CC(C)(C)[Si](OCCC[C@H](N)C(=O)O)(c1ccccc1)c1ccccc1,,,,75,medium
CCCCOC(=O)N1CCN(C(=O)[C@H](CCCO[Si](c2ccccc2)(c2ccccc2)C(C)(C)C)NC(=O)OC(C)(C)C)CC1,CC(C)(C)OC(=O)N[C@@H](CCCO[Si](c1ccccc1)(c1ccccc1)C(C)(C)C)C(=O)O,CC(C)(C)OC(=O)OC(=O)OC(C)(C)C,100,Likely stable,,75,medium
CCCCOC(=O)N1CCN(C(=O)[C@H](CCCO[Si](c2ccccc2)(c2ccccc2)C(C)(C)C)NC(=O)OC(C)(C)C)CC1,CC(C)(C)[Si](OCCC[C@H](N)C(=O)O)(c1ccccc1)c1ccccc1,N[C@@H](CCCO)C(=O)O,100,Likely stable,,95,low
CCCCOC(=O)N1CCN(C(=O)[C@H](CCCO[Si](c2ccccc2)(c2ccccc2)C(C)(C)C)NC(=O)OC(C)(C)C)CC1,CC(C)(C)[Si](OCCC[C@H](N)C(=O)O)(c1ccccc1)c1ccccc1,CC(C)(C)[Si](Cl)(c1ccccc1)c1ccccc1,,,,95,low
CCCCOC(=O)N1CCN(C(=O)[C@H](CCCO[Si](c2ccccc2)(c2ccccc2)C(C)(C)C)NC(=O)OC(C)(C)C)CC1,N[C@@H](CCCO)C(=O)O,N[C@@H](CCCOCc1ccccc1)C(=O)O,100,Likely stable,,0,critical
CCCCOC(=O)N1CCN(C(=O)[C@H](CCCO[Si](c2ccccc2)(c2ccccc2)C(C)(C)C)NC(=O)OC(C)(C)C)CC1,CC(C)(C)[Si](Cl)(c1ccccc1)c1ccccc1,CC(C)(C)[SiH](c1ccccc1)c1ccccc1,,,,90,low
CCCCOC(=O)N1CCN(C(=O)[C@H](CCCO[Si](c2ccccc2)(c2ccccc2)C(C)(C)C)NC(=O)OC(C)(C)C)CC1,CC(C)(C)[SiH](c1ccccc1)c1ccccc1,Cl[SiH](c1ccccc1)c1ccccc1,,,,95,low
CCCCOC(=O)N1CCN(C(=O)[C@H](CCCO[Si](c2ccccc2)(c2ccccc2)C(C)(C)C)NC(=O)OC(C)(C)C)CC1,CC(C)(C)[SiH](c1ccccc1)c1ccccc1,[Li]C(C)(C)C,,,,95,low
CCCCOC(=O)N1CCN(C(=O)[C@H](CCCO[Si](c2ccccc2)(c2ccccc2)C(C)(C)C)NC(=O)OC(C)(C)C)CC1,Cl[SiH](c1ccccc1)c1ccccc1,Cl[Si](Cl)(Cl)c1ccccc1,,,,90,low
CCCCOC(=O)N1CCN(C(=O)[C@H](CCCO[Si](c2ccccc2)(c2ccccc2)C(C)(C)C)NC(=O)OC(C)(C)C)CC1,Cl[SiH](c1ccccc1)c1ccccc1,Br[Mg]c1ccccc1,,,,90,low
CCCCOC(=O)N1CCN(C(=O)[C@H](CCCO[Si](c2ccccc2)(c2ccccc2)C(C)(C)C)NC(=O)OC(C)(C)C)CC1,Cl[Si](Cl)(Cl)c1ccccc1,[SiH3]c1ccccc1,,,,85,low
CCCCOC(=O)N1CCN(C(=O)[C@H](CCCO[Si](c2ccccc2)(c2ccccc2)C(C)(C)C)NC(=O)OC(C)(C)C)CC1,Cl[Si](Cl)(Cl)c1ccccc1,ClCl,100,Likely stable,,85,low
CCCCOC(=O)N1CCN(C(=O)[C@H](CCCO[Si](c2ccccc2)(c2ccccc2)C(C)(C)C)NC(=O)OC(C)(C)C)CC1,[SiH3]c1ccccc1,Brc1ccccc1,100,Likely stable,,90,low
CCCCOC(=O)N1CCN(C(=O)[C@H](CCCO[Si](c2ccccc2)(c2ccccc2)C(C)(C)C)NC(=O)OC(C)(C)C)CC1,[SiH3]c1ccccc1,Cl[SiH2]Cl,100,Likely stable,,90,low
CCCCOC(=O)N1CCN(C(=O)[C@H](CCCO[Si](c2ccccc2)(c2ccccc2)C(C)(C)C)NC(=O)OC(C)(C)C)CC1,Brc1ccccc1,c1ccccc1,100,Likely stable,,55,medium
CCCCOC(=O)N1CCN(C(=O)[C@H](CCCO[Si](c2ccccc2)(c2ccccc2)C(C)(C)C)NC(=O)OC(C)(C)C)CC1,Brc1ccccc1,O=C1CCC(=O)N1Br,95,Likely stable,,55,medium
CCCCOC(=O)N1CCN(C(=O)[C@H](CCCO[Si](c2ccccc2)(c2ccccc2)C(C)(C)C)NC(=O)OC(C)(C)C)CC1,Br[Mg]c1ccccc1,[Mg],100,Likely stable,,0,critical
CCCCOC(=O)N1CCN(C(=O)[C@H](CCCO[Si](c2ccccc2)(c2ccccc2)C(C)(C)C)NC(=O)OC(C)(C)C)CC1,CC(C)(C)OC(=O)OC(=O)OC(C)(C)C,C=C(C)C,100,Likely stable,,95,low
CCCCOC(=O)N1CCN(C(=O)[C@H](CCCO[Si](c2ccccc2)(c2ccccc2)C(C)(C)C)NC(=O)OC(C)(C)C)CC1,CC(C)(C)OC(=O)OC(=O)OC(C)(C)C,CC(C)(C)OC(=O)OC(=O)O,100,Likely stable,,95,low
CCCCOC(=O)N1CCN(C(=O)[C@H](CCCO[Si](c2ccccc2)(c2ccccc2)C(C)(C)C)NC(=O)OC(C)(C)C)CC1,CC(C)(C)OC(=O)OC(=O)O,C=C(C)C,100,Likely stable,,95,low
CCCCOC(=O)N1CCN(C(=O)[C@H](CCCO[Si](c2ccccc2)(c2ccccc2)C(C)(C)C)NC(=O)OC(C)(C)C)CC1,CC(C)(C)OC(=O)OC(=O)O,O=C(O)OC(=O)O,100,Likely stable,,95,low
CCCCOC(=O)N1CCN(C(=O)[C@H](CCCO[Si](c2ccccc2)(c2ccccc2)C(C)(C)C)NC(=O)OC(C)(C)C)CC1,CCCCOC(=O)Cl,CCCCO,100,Likely stable,,95,low
CCCCOC(=O)N1CCN(C(=O)[C@H](CCCO[Si](c2ccccc2)(c2ccccc2)C(C)(C)C)NC(=O)OC(C)(C)C)CC1,CCCCOC(=O)Cl,O=C(Cl)Cl,100,Likely stable,,95,low
CC1(C)OCC(C)(CO)N(Cc2ccccc2)C1=O,CC1(C)OCC(C)(CO)N(Cc2ccccc2)C1=O,CC1(CO)COC(C)(C)C(=O)N1,,,,95,low
CC1(C)OCC(C)(CO)N(Cc2ccccc2)C1=O,CC1(C)OCC(C)(CO)N(Cc2ccccc2)C1=O,BrCc1ccccc1,100,Likely stable,,95,low
CC1(C)OCC(C)(CO)N(Cc2ccccc2)C1=O,CC1(CO)COC(C)(C)C(=O)N1,CC(C)(O)CNC(C)(C)CO,100,Likely stable,,70,medium
CC1(C)OCC(C)(CO)N(Cc2ccccc2)C1=O,CC1(CO)COC(C)(C)C(=O)N1,O=C=O,65,Moderately stable,Contains carbene (highly reactive intermediate),70,medium
CC1(C)OCC(C)(CO)N(Cc2ccccc2)C1=O,CC(C)(O)CNC(C)(C)CO,CC1(C)CO1,80,Likely stable,Three-membered heterocycle (potentially unstable),75,medium
CC1(C)OCC(C)(CO)N(Cc2ccccc2)C1=O,CC(C)(O)CNC(C)(C)CO,CC(C)(N)CO,100,Likely stable,,75,medium
CC1(C)OCC(C)(CO)N(Cc2ccccc2)C1=O,BrCc1ccccc1,Cc1ccccc1,100,Likely stable,,55,medium
CC1(C)OCC(C)(CO)N(Cc2ccccc2)C1=O,BrCc1ccccc1,O=C1CCC(=O)N1Br,95,Likely stable,,55,medium
CCc1[nH]c(C(=O)N[C@H]2CCN(c3cccc(C(=O)O)c3)C[C@H]2OC)nc1C(F)(F)F,CCc1[nH]c(C(=O)N[C@H]2CCN(c3cccc(C(=O)O)c3)C[C@H]2OC)nc1C(F)(F)F,CCc1[nH]c(C(=O)O)nc1C(F)(F)F,100,Likely stable,,95,low
CCc1[nH]c(C(=O)N[C@H]2CCN(c3cccc(C(=O)O)c3)C[C@H]2OC)nc1C(F)(F)F,CCc1[nH]c(C(=O)N[C@H]2CCN(c3cccc(C(=O)O)c3)C[C@H]2OC)nc1C(F)(F)F,CO[C@@H]1CN(c2cccc(C(=O)O)c2)CC[C@@H]1N,100,Likely stable,,95,low
CCc1[nH]c(C(=O)N[C@H]2CCN(c3cccc(C(=O)O)c3)C[C@H]2OC)nc1C(F)(F)F,CCc1[nH]c(C(=O)O)nc1C(F)(F)F,CCc1[nH]c(Br)nc1C(F)(F)F,100,Likely stable,,80,low
CCc1[nH]c(C(=O)N[C@H]2CCN(c3cccc(C(=O)O)c3)C[C@H]2OC)nc1C(F)(F)F,CCc1[nH]c(Br)nc1C(F)(F)F,CCc1[nH]cnc1C(F)(F)F,100,Likely stable,,90,low
CCc1[nH]c(C(=O)N[C@H]2CCN(c3cccc(C(=O)O)c3)C[C@H]2OC)nc1C(F)(F)F,CCc1[nH]cnc1C(F)(F)F,C#Cc1[nH]cnc1C(F)(F)F,70,Moderately stable,Contains carbene (highly reactive intermediate),100,low
CCc1[nH]c(C(=O)N[C@H]2CCN(c3cccc(C(=O)O)c3)C[C@H]2OC)nc1C(F)(F)F,C#Cc1[nH]cnc1C(F)(F)F,CC(C)(O)C#Cc1[nH]cnc1C(F)(F)F,70,Moderately stable,Contains carbene (highly reactive intermediate),85,low
CCc1[nH]c(C(=O)N[C@H]2CCN(c3cccc(C(=O)O)c3)C[C@H]2OC)nc1C(F)(F)F,CC(C)(O)C#Cc1[nH]cnc1C(F)(F)F,CC(C)(O)C#Cc1c(C(F)(F)F)ncn1COCC[Si](C)(C)C,70,Moderately stable,Contains carbene (highly reactive intermediate),70,medium
CCc1[nH]c(C(=O)N[C@H]2CCN(c3cccc(C(=O)O)c3)C[C@H]2OC)nc1C(F)(F)F,CC(C)(O)C#Cc1c(C(F)(F)F)ncn1COCC[Si](C)(C)C,C#CC(C)(C)O,65,Moderately stable,Contains carbene (highly reactive intermediate),95,low
CCc1[nH]c(C(=O)N[C@H]2CCN(c3cccc(C(=O)O)c3)C[C@H]2OC)nc1C(F)(F)F,CC(C)(O)C#Cc1c(C(F)(F)F)ncn1COCC[Si](C)(C)C,C[Si](C)(C)CCOCn1cnc(C(F)(F)F)c1Br,100,Likely stable,,95,low
CCc1[nH]c(C(=O)N[C@H]2CCN(c3cccc(C(=O)O)c3)C[C@H]2OC)nc1C(F)(F)F,C[Si](C)(C)CCOCn1cnc(C(F)(F)F)c1Br,C[Si](C)(C)CCOCCl,100,Likely stable,,95,low
CCc1[nH]c(C(=O)N[C@H]2CCN(c3cccc(C(=O)O)c3)C[C@H]2OC)nc1C(F)(F)F,C[Si](C)(C)CCOCn1cnc(C(F)(F)F)c1Br,FC(F)(F)c1nc[nH]c1Br,100,Likely stable,,95,low
CCc1[nH]c(C(=O)N[C@H]2CCN(c3cccc(C(=O)O)c3)C[C@H]2OC)nc1C(F)(F)F,CO[C@@H]1CN(c2cccc(C(=O)O)c2)CC[C@@H]1N,COC(=O)c1cccc(N2CC[C@H](N)[C@H](OC)C2)c1,100,Likely stable,,95,low
CCc1[nH]c(C(=O)N[C@H]2CCN(c3cccc(C(=O)O)c3)C[C@H]2OC)nc1C(F)(F)F,COC(=O)c1cccc(N2CC[C@H](N)[C@H](OC)C2)c1,CO[C@@H]1CNCC[C@@H]1N,95,Likely stable,,95,low
CCc1[nH]c(C(=O)N[C@H]2CCN(c3cccc(C(=O)O)c3)C[C@H]2OC)nc1C(F)(F)F,COC(=O)c1cccc(N2CC[C@H](N)[C@H](OC)C2)c1,COC(=O)c1cccc(Br)c1,100,Likely stable,,95,low
CC(C)(C)OC(=O)N[C@@H]1c2cccnc2[C@H](N2C(=O)c3ccccc3C2=O)CC[C@H]1c1cccc(F)c1F,CC(C)(C)OC(=O)N[C@@H]1c2cccnc2[C@H](N2C(=O)c3ccccc3C2=O)CC[C@H]1c1cccc(F)c1F,C=C[C@@H]1c2cccnc2[C@H](N2C(=O)c3ccccc3C2=O)CC[C@H]1NC(=O)OC(C)(C)C,100,Likely stable,,90,low
CC(C)(C)OC(=O)N[C@@H]1c2cccnc2[C@H](N2C(=O)c3ccccc3C2=O)CC[C@H]1c1cccc(F)c1F,CC(C)(C)OC(=O)N[C@@H]1c2cccnc2[C@H](N2C(=O)c3ccccc3C2=O)CC[C@H]1c1cccc(F)c1F,Fc1ccccc1F,100,Likely stable,,90,low
CC(C)(C)OC(=O)N[C@@H]1c2cccnc2[C@H](N2C(=O)c3ccccc3C2=O)CC[C@H]1c1cccc(F)c1F,C=C[C@@H]1c2cccnc2[C@H](N2C(=O)c3ccccc3C2=O)CC[C@H]1NC(=O)OC(C)(C)C,C=C[C@@H]1c2cccnc2[C@H](Br)CC[C@H]1NC(=O)OC(C)(C)C,100,Likely stable,,95,low
CC(C)(C)OC(=O)N[C@@H]1c2cccnc2[C@H](N2C(=O)c3ccccc3C2=O)CC[C@H]1c1cccc(F)c1F,C=C[C@@H]1c2cccnc2[C@H](N2C(=O)c3ccccc3C2=O)CC[C@H]1NC(=O)OC(C)(C)C,O=C1NC(=O)c2ccccc21,100,Likely stable,,95,low
CC(C)(C)OC(=O)N[C@@H]1c2cccnc2[C@H](N2C(=O)c3ccccc3C2=O)CC[C@H]1c1cccc(F)c1F,C=C[C@@H]1c2cccnc2[C@H](Br)CC[C@H]1NC(=O)OC(C)(C)C,C=C[C@@H]1c2cccnc2[C@H](Br)CC[C@H]1N,100,Likely stable,,75,medium
CC(C)(C)OC(=O)N[C@@H]1c2cccnc2[C@H](N2C(=O)c3ccccc3C2=O)CC[C@H]1c1cccc(F)c1F,C=C[C@@H]1c2cccnc2[C@H](Br)CC[C@H]1NC(=O)OC(C)(C)C,CC(C)(C)OC(=O)OC(=O)OC(C)(C)C,100,Likely stable,,75,medium
CC(C)(C)OC(=O)N[C@@H]1c2cccnc2[C@H](N2C(=O)c3ccccc3C2=O)CC[C@H]1c1cccc(F)c1F,C=C[C@@H]1c2cccnc2[C@H](Br)CC[C@H]1N,C=C[CH]c1cccnc1[C@H](Br)CC[C@H](N)C=C,,,,65,medium
CC(C)(C)OC(=O)N[C@@H]1c2cccnc2[C@H](N2C(=O)c3ccccc3C2=O)CC[C@H]1c1cccc(F)c1F,C=C[CH]c1cccnc1[C@H](Br)CC[C@H](N)C=C,C=C[CH]c1cccnc1CC[C@H](N)C=C,,,,85,low
CC(C)(C)OC(=O)N[C@@H]1c2cccnc2[C@H](N2C(=O)c3ccccc3C2=O)CC[C@H]1c1cccc(F)c1F,C=C[CH]c1cccnc1CC[C@H](N)C=C,C=C[C@@H](N)CCc1ncccc1Br,,,,90,low
CC(C)(C)OC(=O)N[C@@H]1c2cccnc2[C@H](N2C(=O)c3ccccc3C2=O)CC[C@H]1c1cccc(F)c1F,C=C[CH]c1cccnc1CC[C@H](N)C=C,C=CB(O)O,100,Likely stable,,90,low
CC(C)(C)OC(=O)N[C@@H]1c2cccnc2[C@H](N2C(=O)c3ccccc3C2=O)CC[C@H]1c1cccc(F)c1F,C=C[C@@H](N)CCc1ncccc1Br,C=CC(=O)CCc1ncccc1Br,,,,95,low
CC(C)(C)OC(=O)N[C@@H]1c2cccnc2[C@H](N2C(=O)c3ccccc3C2=O)CC[C@H]1c1cccc(F)c1F,C=C[C@@H](N)CCc1ncccc1Br,N,100,Likely stable,,95,low
CC(C)(C)OC(=O)N[C@@H]1c2cccnc2[C@H](N2C(=O)c3ccccc3C2=O)CC[C@H]1c1cccc(F)c1F,C=CC(=O)CCc1ncccc1Br,CC(=O)CCc1ncccc1Br,100,Likely stable,,95,low
CC(C)(C)OC(=O)N[C@@H]1c2cccnc2[C@H](N2C(=O)c3ccccc3C2=O)CC[C@H]1c1cccc(F)c1F,C=CC(=O)CCc1ncccc1Br,C=O,100,Likely stable,,95,low
CC(C)(C)OC(=O)N[C@@H]1c2cccnc2[C@H](N2C(=O)c3ccccc3C2=O)CC[C@H]1c1cccc(F)c1F,CC(=O)CCc1ncccc1Br,CC(=O)CC(C)=O,100,Likely stable,,90,low
CC(C)(C)OC(=O)N[C@@H]1c2cccnc2[C@H](N2C(=O)c3ccccc3C2=O)CC[C@H]1c1cccc(F)c1F,CC(=O)CCc1ncccc1Br,ClCc1ncccc1Br,100,Likely stable,,90,low
CC(C)(C)OC(=O)N[C@@H]1c2cccnc2[C@H](N2C(=O)c3ccccc3C2=O)CC[C@H]1c1cccc(F)c1F,CC(C)(C)OC(=O)OC(=O)OC(C)(C)C,C=C(C)C,100,Likely stable,,95,low
CC(C)(C)OC(=O)N[C@@H]1c2cccnc2[C@H](N2C(=O)c3ccccc3C2=O)CC[C@H]1c1cccc(F)c1F,CC(C)(C)OC(=O)OC(=O)OC(C)(C)C,CC(C)(C)OC(=O)OC(=O)O,100,Likely stable,,95,low
CC(C)(C)OC(=O)N[C@@H]1c2cccnc2[C@H](N2C(=O)c3ccccc3C2=O)CC[C@H]1c1cccc(F)c1F,CC(C)(C)OC(=O)OC(=O)O,C=C(C)C,100,Likely stable,,95,low
CC(C)(C)OC(=O)N[C@@H]1c2cccnc2[C@H](N2C(=O)c3ccccc3C2=O)CC[C@H]1c1cccc(F)c1F,CC(C)(C)OC(=O)OC(=O)O,O=C(O)OC(=O)O,100,Likely stable,,95,low
CC(C)(C)OC(=O)N[C@@H]1c2cccnc2[C@H](N2C(=O)c3ccccc3C2=O)CC[C@H]1c1cccc(F)c1F,O=C1NC(=O)c2ccccc21,NC(N)=O,100,Likely stable,,90,low
CC(C)(C)OC(=O)N[C@@H]1c2cccnc2[C@H](N2C(=O)c3ccccc3C2=O)CC[C@H]1c1cccc(F)c1F,O=C1NC(=O)c2ccccc21,O=C1OC(=O)c2ccccc21,100,Likely stable,,90,low
CC(C)(C)OC(=O)N[C@@H]1c2cccnc2[C@H](N2C(=O)c3ccccc3C2=O)CC[C@H]1c1cccc(F)c1F,Fc1ccccc1F,Oc1ccc(F)c(F)c1,100,Likely stable,,95,low
CC(C)c1ccc(OC2CCC3(CC2)N[C@@H](C(=O)O)C(C)(C)S3)cc1,CC(C)c1ccc(OC2CCC3(CC2)N[C@@H](C(=O)O)C(C)(C)S3)cc1,CC(C)c1ccc(O)cc1,100,Likely stable,,95,low
CC(C)c1ccc(OC2CCC3(CC2)N[C@@H](C(=O)O)C(C)(C)S3)cc1,CC(C)c1ccc(OC2CCC3(CC2)N[C@@H](C(=O)O)C(C)(C)S3)cc1,CC1(C)SC2(CCC(Cl)CC2)N[C@H]1C(=O)O,,,,95,low
CC(C)c1ccc(OC2CCC3(CC2)N[C@@H](C(=O)O)C(C)(C)S3)cc1,CC(C)c1ccc(O)cc1,COc1ccc(C(C)C)cc1,100,Likely stable,,95,low
CC(C)c1ccc(OC2CCC3(CC2)N[C@@H](C(=O)O)C(C)(C)S3)cc1,CC1(C)SC2(CCC(Cl)CC2)N[C@H]1C(=O)O,CC(C)(S)[C@@H](N)C(=O)O,100,Likely stable,,65,medium
CC(C)c1ccc(OC2CCC3(CC2)N[C@@H](C(=O)O)C(C)(C)S3)cc1,CC1(C)SC2(CCC(Cl)CC2)N[C@H]1C(=O)O,O=C1CCC(Cl)CC1,100,Likely stable,,65,medium
CC(C)c1ccc(OC2CCC3(CC2)N[C@@H](C(=O)O)C(C)(C)S3)cc1,CC(C)(S)[C@@H](N)C(=O)O,COC(=O)[C@H](N)C(C)(C)S,100,Likely stable,,95,low
CC(C)c1ccc(OC2CCC3(CC2)N[C@@H](C(=O)O)C(C)(C)S3)cc1,O=C1CCC(Cl)CC1,OC1CCC(Cl)CC1,100,Likely stable,,100,low
CCOC(=O)CCc1cc2cc(-c3noc(-c4ccc(OC(C)C)c(Cl)c4)n3)ccc2[nH]1,CCOC(=O)CCc1cc2cc(-c3noc(-c4ccc(OC(C)C)c(Cl)c4)n3)ccc2[nH]1,CC(C)Oc1ccc(-c2nc(-c3ccc4[nH]ccc4c3)no2)cc1Cl,100,Likely stable,,95,low
CCOC(=O)CCc1cc2cc(-c3noc(-c4ccc(OC(C)C)c(Cl)c4)n3)ccc2[nH]1,CCOC(=O)CCc1cc2cc(-c3noc(-c4ccc(OC(C)C)c(Cl)c4)n3)ccc2[nH]1,CCOC(=O)CCBr,100,Likely stable,,95,low
CCOC(=O)CCc1cc2cc(-c3noc(-c4ccc(OC(C)C)c(Cl)c4)n3)ccc2[nH]1,CC(C)Oc1ccc(-c2nc(-c3ccc4[nH]ccc4c3)no2)cc1Cl,N=C(NO)c1ccc2[nH]ccc2c1,100,Likely stable,,0,critical
CCOC(=O)CCc1cc2cc(-c3noc(-c4ccc(OC(C)C)c(Cl)c4)n3)ccc2[nH]1,CC(C)Oc1ccc(-c2nc(-c3ccc4[nH]ccc4c3)no2)cc1Cl,CC(C)Oc1ccc(C(=O)O)cc1Cl,100,Likely stable,,0,critical
CCOC(=O)CCc1cc2cc(-c3noc(-c4ccc(OC(C)C)c(Cl)c4)n3)ccc2[nH]1,CCOC(=O)CCBr,CCOC(=O)CCO,100,Likely stable,,55,medium
CCOC(=O)CCc1cc2cc(-c3noc(-c4ccc(OC(C)C)c(Cl)c4)n3)ccc2[nH]1,CCOC(=O)CCBr,O=C1CCC(=O)N1Br,95,Likely stable,,55,medium
CN(C1CC1)[C@H]1CC[C@H]2[C@@H]3CC=C4C[C@@H](O)CC[C@]4(C)[C@H]3CC[C@]12C,CN(C1CC1)[C@H]1CC[C@H]2[C@@H]3CC=C4C[C@@H](O)CC[C@]4(C)[C@H]3CC[C@]12C,CC1CCC2C3CC=C4CC(=O)CCC4(C)C3CCC12C,100,Likely stable,,95,low
CN(C1CC1)[C@H]1CC[C@H]2[C@@H]3CC=C4C[C@@H](O)CC[C@]4(C)[C@H]3CC[C@]12C,CN(C1CC1)[C@H]1CC[C@H]2[C@@H]3CC=C4C[C@@H](O)CC[C@]4(C)[C@H]3CC[C@]12C,CNC1CC1,100,Likely stable,,95,low
CN(C1CC1)[C@H]1CC[C@H]2[C@@H]3CC=C4C[C@@H](O)CC[C@]4(C)[C@H]3CC[C@]12C,CC1CCC2C3CC=C4CC(=O)CCC4(C)C3CCC12C,CC1CCC2C3CC=C4CC(O)CCC4(C)C3CCC12C,100,Likely stable,,100,low
CC(=O)c1ccc2c(c1)C=CC(O)(CO)CO2,CC(=O)c1ccc2c(c1)C=CC(O)(CO)CO2,C=Cc1ccc(C(C)=O)cc1O,100,Likely stable,,65,medium
CC(=O)c1ccc2c(c1)C=CC(O)(CO)CO2,CC(=O)c1ccc2c(c1)C=CC(O)(CO)CO2,O=CC(O)CO,,,,65,medium
CC(=O)c1ccc2c(c1)C=CC(O)(CO)CO2,C=Cc1ccc(C(C)=O)cc1O,CC(=O)OC(C)=O,100,Likely stable,,90,low
CC(=O)c1ccc2c(c1)C=CC(O)(CO)CO2,C=Cc1ccc(C(C)=O)cc1O,C=Cc1ccccc1O,100,Likely stable,,90,low
C[C@H]1OC[C@@H]2CC[C@@H](c3nc(-c4ccc(C(=O)Nc5cc(C(F)(F)F)ccn5)cc4)c4c(N)nccn34)CN2C1=O,C[C@H]1OC[C@@H]2CC[C@@H](c3nc(-c4ccc(C(=O)Nc5cc(C(F)(F)F)ccn5)cc4)c4c(N)nccn34)CN2C1=O,C[C@H]1OC[C@@H]2CC[C@@H](Br)CN2C1=O,90,Likely stable,,90,low
C[C@H]1OC[C@@H]2CC[C@@H](c3nc(-c4ccc(C(=O)Nc5cc(C(F)(F)F)ccn5)cc4)c4c(N)nccn34)CN2C1=O,C[C@H]1OC[C@@H]2CC[C@@H](c3nc(-c4ccc(C(=O)Nc5cc(C(F)(F)F)ccn5)cc4)c4c(N)nccn34)CN2C1=O,Nc1nccn2c(Br)nc(-c3ccc(C(=O)Nc4cc(C(F)(F)F)ccn4)cc3)c12,,,,90,low
C[C@H]1OC[C@@H]2CC[C@@H](c3nc(-c4ccc(C(=O)Nc5cc(C(F)(F)F)ccn5)cc4)c4c(N)nccn34)CN2C1=O,C[C@H]1OC[C@@H]2CC[C@@H](Br)CN2C1=O,C[C@H](O)C(=O)N1[C@@H](CCl)CC[C@@H]1Br,,,,40,medium
C[C@H]1OC[C@@H]2CC[C@@H](c3nc(-c4ccc(C(=O)Nc5cc(C(F)(F)F)ccn5)cc4)c4c(N)nccn34)CN2C1=O,C[C@H](O)C(=O)N1[C@@H](CCl)CC[C@@H]1Br,C[C@H](O)C(=O)N1CCC[C@@H]1CCl,95,Likely stable,,90,low
C[C@H]1OC[C@@H]2CC[C@@H](c3nc(-c4ccc(C(=O)Nc5cc(C(F)(F)F)ccn5)cc4)c4c(N)nccn34)CN2C1=O,C[C@H](O)C(=O)N1CCC[C@@H]1CCl,C[C@H](O)C(=O)O,100,Likely stable,,95,low
C[C@H]1OC[C@@H]2CC[C@@H](c3nc(-c4ccc(C(=O)Nc5cc(C(F)(F)F)ccn5)cc4)c4c(N)nccn34)CN2C1=O,C[C@H](O)C(=O)N1CCC[C@@H]1CCl,ClC[C@H]1CCCN1,95,Likely stable,,95,low
C[C@H]1OC[C@@H]2CC[C@@H](c3nc(-c4ccc(C(=O)Nc5cc(C(F)(F)F)ccn5)cc4)c4c(N)nccn34)CN2C1=O,Nc1nccn2c(Br)nc(-c3ccc(C(=O)Nc4cc(C(F)(F)F)ccn4)cc3)c12,Nc1nccn2cnc(-c3ccc(C(=O)Nc4cc(C(F)(F)F)ccn4)cc3)c12,,,,90,low
C[C@H]1OC[C@@H]2CC[C@@H](c3nc(-c4ccc(C(=O)Nc5cc(C(F)(F)F)ccn5)cc4)c4c(N)nccn34)CN2C1=O,Nc1nccn2cnc(-c3ccc(C(=O)Nc4cc(C(F)(F)F)ccn4)cc3)c12,Nc1nccn2cnc(Br)c12,100,Likely stable,,90,low
C[C@H]1OC[C@@H]2CC[C@@H](c3nc(-c4ccc(C(=O)Nc5cc(C(F)(F)F)ccn5)cc4)c4c(N)nccn34)CN2C1=O,Nc1nccn2cnc(-c3ccc(C(=O)Nc4cc(C(F)(F)F)ccn4)cc3)c12,O=C(Nc1cc(C(F)(F)F)ccn1)c1cccc(B(O)O)c1,100,Likely stable,,90,low
C[C@H]1OC[C@@H]2CC[C@@H](c3nc(-c4ccc(C(=O)Nc5cc(C(F)(F)F)ccn5)cc4)c4c(N)nccn34)CN2C1=O,Nc1nccn2cnc(Br)c12,COc1ccc(CNc2nccn3cnc(Br)c23)cc1,100,Likely stable,,0,critical
C[C@H]1OC[C@@H]2CC[C@@H](c3nc(-c4ccc(C(=O)Nc5cc(C(F)(F)F)ccn5)cc4)c4c(N)nccn34)CN2C1=O,COc1ccc(CNc2nccn3cnc(Br)c23)cc1,COc1ccc(CN)cc1,100,Likely stable,,95,low
C[C@H]1OC[C@@H]2CC[C@@H](c3nc(-c4ccc(C(=O)Nc5cc(C(F)(F)F)ccn5)cc4)c4c(N)nccn34)CN2C1=O,COc1ccc(CNc2nccn3cnc(Br)c23)cc1,Clc1nccn2cnc(Br)c12,100,Likely stable,,95,low
C[C@H]1OC[C@@H]2CC[C@@H](c3nc(-c4ccc(C(=O)Nc5cc(C(F)(F)F)ccn5)cc4)c4c(N)nccn34)CN2C1=O,O=C(Nc1cc(C(F)(F)F)ccn1)c1cccc(B(O)O)c1,Nc1cc(C(F)(F)F)ccn1,100,Likely stable,,95,low
C[C@H]1OC[C@@H]2CC[C@@H](c3nc(-c4ccc(C(=O)Nc5cc(C(F)(F)F)ccn5)cc4)c4c(N)nccn34)CN2C1=O,O=C(Nc1cc(C(F)(F)F)ccn1)c1cccc(B(O)O)c1,O=C(Cl)c1cccc(B(O)O)c1,100,Likely stable,,95,low
C[C@@H](n1ncn(-c2ccc(Cl)cc2)c1=O)[C@@]1(c2ccc(F)cc2F)CO1,C[C@@H](n1ncn(-c2ccc(Cl)cc2)c1=O)[C@@]1(c2ccc(F)cc2F)CO1,C=C(c1ccc(F)cc1F)[C@@H](C)n1ncn(-c2ccc(Cl)cc2)c1=O,,,,60,medium
C[C@@H](n1ncn(-c2ccc(Cl)cc2)c1=O)[C@@]1(c2ccc(F)cc2F)CO1,C=C(c1ccc(F)cc1F)[C@@H](C)n1ncn(-c2ccc(Cl)cc2)c1=O,C[C@H](C=O)n1ncn(-c2ccc(Cl)cc2)c1=O,,,,95,low
C[C@@H](n1ncn(-c2ccc(Cl)cc2)c1=O)[C@@]1(c2ccc(F)cc2F)CO1,C=C(c1ccc(F)cc1F)[C@@H](C)n1ncn(-c2ccc(Cl)cc2)c1=O,Fc1ccc(CBr)c(F)c1,100,Likely stable,,95,low
C[C@@H](n1ncn(-c2ccc(Cl)cc2)c1=O)[C@@]1(c2ccc(F)cc2F)CO1,C[C@H](C=O)n1ncn(-c2ccc(Cl)cc2)c1=O,C[C@H](CO)n1ncn(-c2ccc(Cl)cc2)c1=O,,,,100,low
C[C@@H](n1ncn(-c2ccc(Cl)cc2)c1=O)[C@@]1(c2ccc(F)cc2F)CO1,C[C@H](CO)n1ncn(-c2ccc(Cl)cc2)c1=O,C[C@@H](CO)n1ncc(=O)[nH]1,100,Likely stable,,95,low
C[C@@H](n1ncn(-c2ccc(Cl)cc2)c1=O)[C@@]1(c2ccc(F)cc2F)CO1,C[C@H](CO)n1ncn(-c2ccc(Cl)cc2)c1=O,O=C=Nc1ccc(Cl)cc1,70,Moderately stable,Contains carbene (highly reactive intermediate),95,low
C[C@@H](n1ncn(-c2ccc(Cl)cc2)c1=O)[C@@]1(c2ccc(F)cc2F)CO1,C[C@@H](CO)n1ncc(=O)[nH]1,O=c1[nH]cn[nH]1,,,,75,medium
C[C@@H](n1ncn(-c2ccc(Cl)cc2)c1=O)[C@@]1(c2ccc(F)cc2F)CO1,C[C@@H](CO)n1ncc(=O)[nH]1,C[C@@H]1CO1,80,Likely stable,Three-membered heterocycle (potentially unstable),75,medium
C[C@@H](n1ncn(-c2ccc(Cl)cc2)c1=O)[C@@]1(c2ccc(F)cc2F)CO1,O=C=Nc1ccc(Cl)cc1,O=C(Cl)Cl,100,Likely stable,,90,low
C[C@@H](n1ncn(-c2ccc(Cl)cc2)c1=O)[C@@]1(c2ccc(F)cc2F)CO1,O=C=Nc1ccc(Cl)cc1,Nc1ccc(Cl)cc1,100,Likely stable,,90,low
C[C@@H](n1ncn(-c2ccc(Cl)cc2)c1=O)[C@@]1(c2ccc(F)cc2F)CO1,Fc1ccc(CBr)c(F)c1,Cc1ccc(F)cc1F,100,Likely stable,,55,medium
C[C@@H](n1ncn(-c2ccc(Cl)cc2)c1=O)[C@@]1(c2ccc(F)cc2F)CO1,Fc1ccc(CBr)c(F)c1,O=C1CCC(=O)N1Br,95,Likely stable,,55,medium
CC(=O)NC[C@H]1CN(c2ccc3c(c2)CCCc2c(C(C)C)n[nH]c2-3)C(=O)O1,CC(=O)NC[C@H]1CN(c2ccc3c(c2)CCCc2c(C(C)C)n[nH]c2-3)C(=O)O1,CC(C)c1n[nH]c2c1CCCc1cc(N3C[C@H](CN)OC3=O)ccc1-2,,,,95,low
CC(=O)NC[C@H]1CN(c2ccc3c(c2)CCCc2c(C(C)C)n[nH]c2-3)C(=O)O1,CC(=O)NC[C@H]1CN(c2ccc3c(c2)CCCc2c(C(C)C)n[nH]c2-3)C(=O)O1,CC(=O)Cl,100,Likely stable,,95,low
CC(=O)NC[C@H]1CN(c2ccc3c(c2)CCCc2c(C(C)C)n[nH]c2-3)C(=O)O1,CC(C)c1n[nH]c2c1CCCc1cc(N3C[C@H](CN)OC3=O)ccc1-2,CC(C)c1n[nH]c2c1CCCc1cc(N)ccc1-2,,,,95,low
CC(=O)NC[C@H]1CN(c2ccc3c(c2)CCCc2c(C(C)C)n[nH]c2-3)C(=O)O1,CC(C)c1n[nH]c2c1CCCc1cc(N3C[C@H](CN)OC3=O)ccc1-2,NC[C@H]1CNC(=O)O1,95,Likely stable,,95,low
CC(=O)NC[C@H]1CN(c2ccc3c(c2)CCCc2c(C(C)C)n[nH]c2-3)C(=O)O1,CC(C)c1n[nH]c2c1CCCc1cc(N)ccc1-2,CC(C)c1n[nH]cc1C(=O)CCCc1ccc(N)cc1,100,Likely stable,,70,medium
CC(=O)NC[C@H]1CN(c2ccc3c(c2)CCCc2c(C(C)C)n[nH]c2-3)C(=O)O1,CC(C)c1n[nH]cc1C(=O)CCCc1ccc(N)cc1,NN,100,Likely stable,,15,critical
CC(=O)NC[C@H]1CN(c2ccc3c(c2)CCCc2c(C(C)C)n[nH]c2-3)C(=O)O1,CC(C)c1n[nH]cc1C(=O)CCCc1ccc(N)cc1,COC(OC)N(C)C,100,Likely stable,,15,critical
CC(=O)NC[C@H]1CN(c2ccc3c(c2)CCCc2c(C(C)C)n[nH]c2-3)C(=O)O1,CC(C)c1n[nH]cc1C(=O)CCCc1ccc(N)cc1,CC(C)C(=O)CC(=O)CCCc1ccc(N)cc1,100,Likely stable,,15,critical
CC(=O)NC[C@H]1CN(c2ccc3c(c2)CCCc2c(C(C)C)n[nH]c2-3)C(=O)O1,NN,NN=O,100,Likely stable,,95,low
CC(=O)NC[C@H]1CN(c2ccc3c(c2)CCCc2c(C(C)C)n[nH]c2-3)C(=O)O1,NN=O,O=N[N+](=O)[O-],100,Likely stable,,90,low
CC(=O)NC[C@H]1CN(c2ccc3c(c2)CCCc2c(C(C)C)n[nH]c2-3)C(=O)O1,CC(C)C(=O)CC(=O)CCCc1ccc(N)cc1,CC(=O)C(C)C,100,Likely stable,,95,low
CC(=O)NC[C@H]1CN(c2ccc3c(c2)CCCc2c(C(C)C)n[nH]c2-3)C(=O)O1,CC(C)C(=O)CC(=O)CCCc1ccc(N)cc1,COC(=O)CCCc1ccc(N)cc1,100,Likely stable,,95,low
COc1ccccc1C[C@H](C[C@H](O[Si](C)(C)C(C)(C)C)[C@H](Cc1ccccc1)NC(=O)OC(C)(C)C)C(=O)O,COc1ccccc1C[C@H](C[C@H](O[Si](C)(C)C(C)(C)C)[C@H](Cc1ccccc1)NC(=O)OC(C)(C)C)C(=O)O,COc1ccccc1C[C@@H](CO)C[C@H](O[Si](C)(C)C(C)(C)C)[C@H](Cc1ccccc1)NC(=O)OC(C)(C)C,,,,90,low
COc1ccccc1C[C@H](C[C@H](O[Si](C)(C)C(C)(C)C)[C@H](Cc1ccccc1)NC(=O)OC(C)(C)C)C(=O)O,COc1ccccc1C[C@@H](CO)C[C@H](O[Si](C)(C)C(C)(C)C)[C@H](Cc1ccccc1)NC(=O)OC(C)(C)C,COc1ccccc1C[C@@H](C=O)C[C@H](O[Si](C)(C)C(C)(C)C)[C@H](Cc1ccccc1)NC(=O)OC(C)(C)C,,,,100,low
COCCCc1cc(CN(C(=O)[C@H]2CN(C(=O)OC(C)(C)C)CC[C@@H]2c2ccc(OCCOc3c(Cl)cc(C)cc3Cl)cc2)C2CC2)cc(OCCOC)c1,COCCCc1cc(CN(C(=O)[C@H]2CN(C(=O)OC(C)(C)C)CC[C@@H]2c2ccc(OCCOc3c(Cl)cc(C)cc3Cl)cc2)C2CC2)cc(OCCOC)c1,Cc1cc(Cl)c(OCCOc2ccc([C@@H]3CCN(C(=O)OC(C)(C)C)C[C@H]3C(=O)O)cc2)c(Cl)c1,,,,95,low
COCCCc1cc(CN(C(=O)[C@H]2CN(C(=O)OC(C)(C)C)CC[C@@H]2c2ccc(OCCOc3c(Cl)cc(C)cc3Cl)cc2)C2CC2)cc(OCCOC)c1,COCCCc1cc(CN(C(=O)[C@H]2CN(C(=O)OC(C)(C)C)CC[C@@H]2c2ccc(OCCOc3c(Cl)cc(C)cc3Cl)cc2)C2CC2)cc(OCCOC)c1,COCCCc1cc(CNC2CC2)cc(OCCOC)c1,100,Likely stable,,95,low
COCCCc1cc(CN(C(=O)[C@H]2CN(C(=O)OC(C)(C)C)CC[C@@H]2c2ccc(OCCOc3c(Cl)cc(C)cc3Cl)cc2)C2CC2)cc(OCCOC)c1,Cc1cc(Cl)c(OCCOc2ccc([C@@H]3CCN(C(=O)OC(C)(C)C)C[C@H]3C(=O)O)cc2)c(Cl)c1,CC(C)(C)OC(=O)N1CC[C@@H](c2ccc(O)cc2)[C@H](C(=O)O)C1,,,,95,low
COCCCc1cc(CN(C(=O)[C@H]2CN(C(=O)OC(C)(C)C)CC[C@@H]2c2ccc(OCCOc3c(Cl)cc(C)cc3Cl)cc2)C2CC2)cc(OCCOC)c1,Cc1cc(Cl)c(OCCOc2ccc([C@@H]3CCN(C(=O)OC(C)(C)C)C[C@H]3C(=O)O)cc2)c(Cl)c1,Cc1cc(Cl)c(OCCCl)c(Cl)c1,100,Likely stable,,95,low
COCCCc1cc(CN(C(=O)[C@H]2CN(C(=O)OC(C)(C)C)CC[C@@H]2c2ccc(OCCOc3c(Cl)cc(C)cc3Cl)cc2)C2CC2)cc(OCCOC)c1,CC(C)(C)OC(=O)N1CC[C@@H](c2ccc(O)cc2)[C@H](C(=O)O)C1,O=C(O)[C@@H]1CNCC[C@H]1c1ccc(O)cc1,,,,45,medium
COCCCc1cc(CN(C(=O)[C@H]2CN(C(=O)OC(C)(C)C)CC[C@@H]2c2ccc(OCCOc3c(Cl)cc(C)cc3Cl)cc2)C2CC2)cc(OCCOC)c1,O=C(O)[C@@H]1CNCC[C@H]1c1ccc(O)cc1,N[C@H](Cc1ccc(O)cc1)C(=O)O,100,Likely stable,,40,medium
COCCCc1cc(CN(C(=O)[C@H]2CN(C(=O)OC(C)(C)C)CC[C@@H]2c2ccc(OCCOc3c(Cl)cc(C)cc3Cl)cc2)C2CC2)cc(OCCOC)c1,O=C(O)[C@@H]1CNCC[C@H]1c1ccc(O)cc1,O=CCCCC=O,100,Likely stable,,40,medium
COCCCc1cc(CN(C(=O)[C@H]2CN(C(=O)OC(C)(C)C)CC[C@@H]2c2ccc(OCCOc3c(Cl)cc(C)cc3Cl)cc2)C2CC2)cc(OCCOC)c1,N[C@H](Cc1ccc(O)cc1)C(=O)O,COc1ccc(C[C@@H](N)C(=O)O)cc1,100,Likely stable,,95,low
COCCCc1cc(CN(C(=O)[C@H]2CN(C(=O)OC(C)(C)C)CC[C@@H]2c2ccc(OCCOc3c(Cl)cc(C)cc3Cl)cc2)C2CC2)cc(OCCOC)c1,O=CCCCC=O,CCOC(CCCC=O)OCC,100,Likely stable,,80,low
COCCCc1cc(CN(C(=O)[C@H]2CN(C(=O)OC(C)(C)C)CC[C@@H]2c2ccc(OCCOc3c(Cl)cc(C)cc3Cl)cc2)C2CC2)cc(OCCOC)c1,Cc1cc(Cl)c(OCCCl)c(Cl)c1,ClCCBr,100,Likely stable,,95,low
COCCCc1cc(CN(C(=O)[C@H]2CN(C(=O)OC(C)(C)C)CC[C@@H]2c2ccc(OCCOc3c(Cl)cc(C)cc3Cl)cc2)C2CC2)cc(OCCOC)c1,Cc1cc(Cl)c(OCCCl)c(Cl)c1,Cc1cc(Cl)c(O)c(Cl)c1,100,Likely stable,,95,low
COCCCc1cc(CN(C(=O)[C@H]2CN(C(=O)OC(C)(C)C)CC[C@@H]2c2ccc(OCCOc3c(Cl)cc(C)cc3Cl)cc2)C2CC2)cc(OCCOC)c1,COCCCc1cc(CNC2CC2)cc(OCCOC)c1,COCCCc1cc(C=O)cc(OCCOC)c1,100,Likely stable,,95,low
COCCCc1cc(CN(C(=O)[C@H]2CN(C(=O)OC(C)(C)C)CC[C@@H]2c2ccc(OCCOc3c(Cl)cc(C)cc3Cl)cc2)C2CC2)cc(OCCOC)c1,COCCCc1cc(CNC2CC2)cc(OCCOC)c1,NC1CC1,,,,95,low
COCCCc1cc(CN(C(=O)[C@H]2CN(C(=O)OC(C)(C)C)CC[C@@H]2c2ccc(OCCOc3c(Cl)cc(C)cc3Cl)cc2)C2CC2)cc(OCCOC)c1,COCCCc1cc(C=O)cc(OCCOC)c1,COCCO,100,Likely stable,,95,low
COCCCc1cc(CN(C(=O)[C@H]2CN(C(=O)OC(C)(C)C)CC[C@@H]2c2ccc(OCCOc3c(Cl)cc(C)cc3Cl)cc2)C2CC2)cc(OCCOC)c1,COCCCc1cc(C=O)cc(OCCOC)c1,COCCCc1cc(F)cc(C=O)c1,100,Likely stable,,95,low
COCCCc1cc(CN(C(=O)[C@H]2CN(C(=O)OC(C)(C)C)CC[C@@H]2c2ccc(OCCOc3c(Cl)cc(C)cc3Cl)cc2)C2CC2)cc(OCCOC)c1,COCCCc1cc(F)cc(C=O)c1,COCCCc1cc(F)cc(CO)c1,100,Likely stable,,100,low
CC(C)N1CCC(Oc2ccc3c(c2)cc2n3[C@H](C)CN(CCO)C2=O)CC1,CC(C)N1CCC(Oc2ccc3c(c2)cc2n3[C@H](C)CN(CCO)C2=O)CC1,OCCBr,100,Likely stable,,95,low
CC(C)N1CCC(Oc2ccc3c(c2)cc2n3[C@H](C)CN(CCO)C2=O)CC1,CC(C)N1CCC(Oc2ccc3c(c2)cc2n3[C@H](C)CN(CCO)C2=O)CC1,CC(C)N1CCC(Oc2ccc3c(c2)cc2n3[C@H](C)CNC2=O)CC1,100,Likely stable,,95,low
CC(C)N1CCC(Oc2ccc3c(c2)cc2n3[C@H](C)CN(CCO)C2=O)CC1,CC(C)N1CCC(Oc2ccc3c(c2)cc2n3[C@H](C)CNC2=O)CC1,CC(C)N1CCC(O)CC1,95,Likely stable,,95,low
CC(C)N1CCC(Oc2ccc3c(c2)cc2n3[C@H](C)CN(CCO)C2=O)CC1,CC(C)N1CCC(Oc2ccc3c(c2)cc2n3[C@H](C)CNC2=O)CC1,C[C@@H]1CNC(=O)c2cc3cc(F)ccc3n21,100,Likely stable,,95,low
CC(C)N1CCC(Oc2ccc3c(c2)cc2n3[C@H](C)CN(CCO)C2=O)CC1,C[C@@H]1CNC(=O)c2cc3cc(F)ccc3n21,CCOC(=O)c1cc2cc(F)ccc2n1[C@H](C)CNC(=O)OC(C)(C)C,100,Likely stable,,15,critical
CC(C)N1CCC(Oc2ccc3c(c2)cc2n3[C@H](C)CN(CCO)C2=O)CC1,CCOC(=O)c1cc2cc(F)ccc2n1[C@H](C)CNC(=O)OC(C)(C)C,CCOC(=O)c1cc2cc(F)ccc2[nH]1,100,Likely stable,,35,high
CC(C)N1CCC(Oc2ccc3c(c2)cc2n3[C@H](C)CN(CCO)C2=O)CC1,CCOC(=O)c1cc2cc(F)ccc2n1[C@H](C)CNC(=O)OC(C)(C)C,C[C@H]1CN(C(=O)OC(C)(C)C)S(=O)(=O)O1,95,Likely stable,,35,high
COCCCc1cc(CN(C(=O)[C@H]2CN(C(=O)OC(C)(C)C)CC[C@@H]2c2ccc(OCCOc3c(Cl)cc(C)cc3Cl)cc2)C2CC2)cc(OCC2(CC#N)CC2)c1,COCCCc1cc(CN(C(=O)[C@H]2CN(C(=O)OC(C)(C)C)CC[C@@H]2c2ccc(OCCOc3c(Cl)cc(C)cc3Cl)cc2)C2CC2)cc(OCC2(CC#N)CC2)c1,COCCCc1cc(CNC2CC2)cc(OCC2(CC#N)CC2)c1,70,Moderately stable,Contains carbene (highly reactive intermediate),95,low
COCCCc1cc(CN(C(=O)[C@H]2CN(C(=O)OC(C)(C)C)CC[C@@H]2c2ccc(OCCOc3c(Cl)cc(C)cc3Cl)cc2)C2CC2)cc(OCC2(CC#N)CC2)c1,COCCCc1cc(CN(C(=O)[C@H]2CN(C(=O)OC(C)(C)C)CC[C@@H]2c2ccc(OCCOc3c(Cl)cc(C)cc3Cl)cc2)C2CC2)cc(OCC2(CC#N)CC2)c1,Cc1cc(Cl)c(OCCOc2ccc([C@H]3CCN(C(=O)OC(C)(C)C)C[C@@H]3C(=O)Cl)cc2)c(Cl)c1,100,Likely stable,,95,low
COCCCc1cc(CN(C(=O)[C@H]2CN(C(=O)OC(C)(C)C)CC[C@@H]2c2ccc(OCCOc3c(Cl)cc(C)cc3Cl)cc2)C2CC2)cc(OCC2(CC#N)CC2)c1,COCCCc1cc(CNC2CC2)cc(OCC2(CC#N)CC2)c1,N#CCC1(CO)CC1,65,Moderately stable,Contains carbene (highly reactive intermediate),95,low
COCCCc1cc(CN(C(=O)[C@H]2CN(C(=O)OC(C)(C)C)CC[C@@H]2c2ccc(OCCOc3c(Cl)cc(C)cc3Cl)cc2)C2CC2)cc(OCC2(CC#N)CC2)c1,COCCCc1cc(CNC2CC2)cc(OCC2(CC#N)CC2)c1,COCCCc1cc(F)cc(CNC2CC2)c1,100,Likely stable,,95,low
COCCCc1cc(CN(C(=O)[C@H]2CN(C(=O)OC(C)(C)C)CC[C@@H]2c2ccc(OCCOc3c(Cl)cc(C)cc3Cl)cc2)C2CC2)cc(OCC2(CC#N)CC2)c1,COCCCc1cc(F)cc(CNC2CC2)c1,COCCCc1cc(F)cc(C(=O)NC2CC2)c1,100,Likely stable,,95,low
COCCCc1cc(CN(C(=O)[C@H]2CN(C(=O)OC(C)(C)C)CC[C@@H]2c2ccc(OCCOc3c(Cl)cc(C)cc3Cl)cc2)C2CC2)cc(OCC2(CC#N)CC2)c1,COCCCc1cc(F)cc(C(=O)NC2CC2)c1,NC1CC1,100,Likely stable,,95,low
COCCCc1cc(CN(C(=O)[C@H]2CN(C(=O)OC(C)(C)C)CC[C@@H]2c2ccc(OCCOc3c(Cl)cc(C)cc3Cl)cc2)C2CC2)cc(OCC2(CC#N)CC2)c1,COCCCc1cc(F)cc(C(=O)NC2CC2)c1,COCCCc1cc(F)cc(C(=O)O)c1,100,Likely stable,,95,low
COCCCc1cc(CN(C(=O)[C@H]2CN(C(=O)OC(C)(C)C)CC[C@@H]2c2ccc(OCCOc3c(Cl)cc(C)cc3Cl)cc2)C2CC2)cc(OCC2(CC#N)CC2)c1,Cc1cc(Cl)c(OCCOc2ccc([C@H]3CCN(C(=O)OC(C)(C)C)C[C@@H]3C(=O)Cl)cc2)c(Cl)c1,Cc1cc(Cl)c(OCCO)c(Cl)c1,100,Likely stable,,95,low
COCCCc1cc(CN(C(=O)[C@H]2CN(C(=O)OC(C)(C)C)CC[C@@H]2c2ccc(OCCOc3c(Cl)cc(C)cc3Cl)cc2)C2CC2)cc(OCC2(CC#N)CC2)c1,Cc1cc(Cl)c(OCCOc2ccc([C@H]3CCN(C(=O)OC(C)(C)C)C[C@@H]3C(=O)Cl)cc2)c(Cl)c1,CC(C)(C)OC(=O)N1CC[C@H](c2ccc(F)cc2)[C@@H](C(=O)Cl)C1,100,Likely stable,,95,low
COCCCc1cc(CN(C(=O)[C@H]2CN(C(=O)OC(C)(C)C)CC[C@@H]2c2ccc(OCCOc3c(Cl)cc(C)cc3Cl)cc2)C2CC2)cc(OCC2(CC#N)CC2)c1,Cc1cc(Cl)c(OCCO)c(Cl)c1,O=C1OCCO1,95,Likely stable,,65,medium
COCCCc1cc(CN(C(=O)[C@H]2CN(C(=O)OC(C)(C)C)CC[C@@H]2c2ccc(OCCOc3c(Cl)cc(C)cc3Cl)cc2)C2CC2)cc(OCC2(CC#N)CC2)c1,Cc1cc(Cl)c(OCCO)c(Cl)c1,Cc1cc(Cl)c(O)c(Cl)c1,100,Likely stable,,65,medium
COCCCc1cc(CN(C(=O)[C@H]2CN(C(=O)OC(C)(C)C)CC[C@@H]2c2ccc(OCCOc3c(Cl)cc(C)cc3Cl)cc2)C2CC2)cc(OCC2(CC#N)CC2)c1,CC(C)(C)OC(=O)N1CC[C@H](c2ccc(F)cc2)[C@@H](C(=O)Cl)C1,O=S(Cl)Cl,100,Likely stable,,90,low
COCCCc1cc(CN(C(=O)[C@H]2CN(C(=O)OC(C)(C)C)CC[C@@H]2c2ccc(OCCOc3c(Cl)cc(C)cc3Cl)cc2)C2CC2)cc(OCC2(CC#N)CC2)c1,CC(C)(C)OC(=O)N1CC[C@H](c2ccc(F)cc2)[C@@H](C(=O)Cl)C1,CC(C)(C)OC(=O)N1CC[C@H](c2ccc(F)cc2)[C@@H](C(=O)O)C1,100,Likely stable,,90,low
COCCCc1cc(CN(C(=O)[C@H]2CN(C(=O)OC(C)(C)C)CC[C@@H]2c2ccc(OCCOc3c(Cl)cc(C)cc3Cl)cc2)C2CC2)cc(OCC2(CC#N)CC2)c1,CC(C)(C)OC(=O)N1CC[C@H](c2ccc(F)cc2)[C@@H](C(=O)O)C1,COC(=O)[C@H]1CN(C(=O)OC(C)(C)C)CC[C@@H]1c1ccc(F)cc1,100,Likely stable,,95,low
COCCCc1cc(CN(C(=O)[C@H]2CN(C(=O)OC(C)(C)C)CC[C@@H]2c2ccc(OCCOc3c(Cl)cc(C)cc3Cl)cc2)C2CC2)cc(OCC2(CC#N)CC2)c1,COC(=O)[C@H]1CN(C(=O)OC(C)(C)C)CC[C@@H]1c1ccc(F)cc1,CC(C)(C)OC(=O)OC(=O)OC(C)(C)C,100,Likely stable,,75,medium
COCCCc1cc(CN(C(=O)[C@H]2CN(C(=O)OC(C)(C)C)CC[C@@H]2c2ccc(OCCOc3c(Cl)cc(C)cc3Cl)cc2)C2CC2)cc(OCC2(CC#N)CC2)c1,COC(=O)[C@H]1CN(C(=O)OC(C)(C)C)CC[C@@H]1c1ccc(F)cc1,COC(=O)[C@H]1CNCC[C@@H]1c1ccc(F)cc1,100,Likely stable,,75,medium
CC(C)(C)OC(=O)N[C@@H]1c2cccnc2[C@H](N)CC[C@H]1c1cccc(F)c1F,CC(C)(C)OC(=O)N[C@@H]1c2cccnc2[C@H](N)CC[C@H]1c1cccc(F)c1F,N[C@@H]1CC[C@@H](c2cccc(F)c2F)[C@H](N)c2cccnc21,,,,75,medium
CC(C)(C)OC(=O)N[C@@H]1c2cccnc2[C@H](N)CC[C@H]1c1cccc(F)c1F,CC(C)(C)OC(=O)N[C@@H]1c2cccnc2[C@H](N)CC[C@H]1c1cccc(F)c1F,CC(C)(C)OC(=O)OC(=O)OC(C)(C)C,100,Likely stable,,75,medium
CC(C)(C)OC(=O)N[C@@H]1c2cccnc2[C@H](N)CC[C@H]1c1cccc(F)c1F,N[C@@H]1CC[C@@H](c2cccc(F)c2F)[C@H](N)c2cccnc21,C=CCC(N)c1ncccc1[C@H](N)[C@H](CC=C)c1cccc(F)c1F,,,,55,medium
CC(C)(C)OC(=O)N[C@@H]1c2cccnc2[C@H](N)CC[C@H]1c1cccc(F)c1F,C=CCC(N)c1ncccc1[C@H](N)[C@H](CC=C)c1cccc(F)c1F,C=CCC(N)c1ncccc1[C@H](N)C=O,,,,95,low
CC(C)(C)OC(=O)N[C@@H]1c2cccnc2[C@H](N)CC[C@H]1c1cccc(F)c1F,C=CCC(N)c1ncccc1[C@H](N)[C@H](CC=C)c1cccc(F)c1F,CC=C[C@@H](N)c1cccc(F)c1F,,,,95,low
CC(C)(C)OC(=O)N[C@@H]1c2cccnc2[C@H](N)CC[C@H]1c1cccc(F)c1F,C=CCC(N)c1ncccc1[C@H](N)C=O,C=CCC(N)c1ncccc1[C@H](N)CO,,,,100,low
CC(C)(C)OC(=O)N[C@@H]1c2cccnc2[C@H](N)CC[C@H]1c1cccc(F)c1F,C=CCC(N)c1ncccc1[C@H](N)CO,C=CCC(N)c1ncccc1C(=O)CO,,,,95,low
CC(C)(C)OC(=O)N[C@@H]1c2cccnc2[C@H](N)CC[C@H]1c1cccc(F)c1F,C=CCC(N)c1ncccc1C(=O)CO,C=CCC(=O)c1ncccc1C(=O)CO,100,Likely stable,,95,low
CC(C)(C)OC(=O)N[C@@H]1c2cccnc2[C@H](N)CC[C@H]1c1cccc(F)c1F,C=CCC(N)c1ncccc1C(=O)CO,N,100,Likely stable,,95,low
CC(C)(C)OC(=O)N[C@@H]1c2cccnc2[C@H](N)CC[C@H]1c1cccc(F)c1F,C=CCC(=O)c1ncccc1C(=O)CO,CON(C)C(=O)CO,100,Likely stable,,90,low
CC(C)(C)OC(=O)N[C@@H]1c2cccnc2[C@H](N)CC[C@H]1c1cccc(F)c1F,C=CCC(=O)c1ncccc1C(=O)CO,C=CCC(=O)c1ncccc1Br,100,Likely stable,,90,low
CC(C)(C)OC(=O)N[C@@H]1c2cccnc2[C@H](N)CC[C@H]1c1cccc(F)c1F,CON(C)C(=O)CO,CNOC,100,Likely stable,,95,low
CC(C)(C)OC(=O)N[C@@H]1c2cccnc2[C@H](N)CC[C@H]1c1cccc(F)c1F,CON(C)C(=O)CO,O=C(O)CO,100,Likely stable,,95,low
CC(C)(C)OC(=O)N[C@@H]1c2cccnc2[C@H](N)CC[C@H]1c1cccc(F)c1F,C=CCC(=O)c1ncccc1Br,C=CCC(=O)N(C)OC,100,Likely stable,,30,high
CC(C)(C)OC(=O)N[C@@H]1c2cccnc2[C@H](N)CC[C@H]1c1cccc(F)c1F,C=CCC(=O)c1ncccc1Br,Brc1cccnc1Br,100,Likely stable,,30,high
CC(C)(C)OC(=O)N[C@@H]1c2cccnc2[C@H](N)CC[C@H]1c1cccc(F)c1F,C=CCC(=O)N(C)OC,CNOC,100,Likely stable,,95,low
CC(C)(C)OC(=O)N[C@@H]1c2cccnc2[C@H](N)CC[C@H]1c1cccc(F)c1F,C=CCC(=O)N(C)OC,C=CCC(=O)O,100,Likely stable,,95,low
CC(C)(C)OC(=O)N[C@@H]1c2cccnc2[C@H](N)CC[C@H]1c1cccc(F)c1F,CC=C[C@@H](N)c1cccc(F)c1F,CC=CC(=O)c1cccc(F)c1F,100,Likely stable,,95,low
CC(C)(C)OC(=O)N[C@@H]1c2cccnc2[C@H](N)CC[C@H]1c1cccc(F)c1F,CC=CC(=O)c1cccc(F)c1F,CC=CC(=O)Cl,100,Likely stable,,95,low
CC(C)(C)OC(=O)N[C@@H]1c2cccnc2[C@H](N)CC[C@H]1c1cccc(F)c1F,CC=CC(=O)c1cccc(F)c1F,Fc1cccc(Br)c1F,100,Likely stable,,95,low
CC(C)(C)OC(=O)N[C@@H]1c2cccnc2[C@H](N)CC[C@H]1c1cccc(F)c1F,CC(C)(C)OC(=O)OC(=O)OC(C)(C)C,C=C(C)C,100,Likely stable,,95,low
CC(C)(C)OC(=O)N[C@@H]1c2cccnc2[C@H](N)CC[C@H]1c1cccc(F)c1F,CC(C)(C)OC(=O)OC(=O)OC(C)(C)C,CC(C)(C)OC(=O)OC(=O)O,100,Likely stable,,95,low
CC(C)(C)OC(=O)N[C@@H]1c2cccnc2[C@H](N)CC[C@H]1c1cccc(F)c1F,CC(C)(C)OC(=O)OC(=O)O,C=C(C)C,100,Likely stable,,95,low
CC(C)(C)OC(=O)N[C@@H]1c2cccnc2[C@H](N)CC[C@H]1c1cccc(F)c1F,CC(C)(C)OC(=O)OC(=O)O,O=C(O)OC(=O)O,100,Likely stable,,95,low
COCCCc1cc(CN(C(=O)[C@H]2CN(C(=O)OC(C)(C)C)CC[C@@H]2c2ccc(OCCOc3c(Cl)cc(C)cc3Cl)cc2)C2CC2)cc(OCC2(CC(=O)OC)CC2)c1,COCCCc1cc(CN(C(=O)[C@H]2CN(C(=O)OC(C)(C)C)CC[C@@H]2c2ccc(OCCOc3c(Cl)cc(C)cc3Cl)cc2)C2CC2)cc(OCC2(CC(=O)OC)CC2)c1,COCCCc1cc(CNC2CC2)cc(OCC2(CC(=O)OC)CC2)c1,100,Likely stable,,95,low
COCCCc1cc(CN(C(=O)[C@H]2CN(C(=O)OC(C)(C)C)CC[C@@H]2c2ccc(OCCOc3c(Cl)cc(C)cc3Cl)cc2)C2CC2)cc(OCC2(CC(=O)OC)CC2)c1,COCCCc1cc(CN(C(=O)[C@H]2CN(C(=O)OC(C)(C)C)CC[C@@H]2c2ccc(OCCOc3c(Cl)cc(C)cc3Cl)cc2)C2CC2)cc(OCC2(CC(=O)OC)CC2)c1,Cc1cc(Cl)c(OCCOc2ccc([C@H]3CCN(C(=O)OC(C)(C)C)C[C@@H]3C(=O)O)cc2)c(Cl)c1,,,,95,low
COCCCc1cc(CN(C(=O)[C@H]2CN(C(=O)OC(C)(C)C)CC[C@@H]2c2ccc(OCCOc3c(Cl)cc(C)cc3Cl)cc2)C2CC2)cc(OCC2(CC(=O)OC)CC2)c1,COCCCc1cc(CNC2CC2)cc(OCC2(CC(=O)OC)CC2)c1,COC(=O)CC1(CO)CC1,100,Likely stable,,95,low
COCCCc1cc(CN(C(=O)[C@H]2CN(C(=O)OC(C)(C)C)CC[C@@H]2c2ccc(OCCOc3c(Cl)cc(C)cc3Cl)cc2)C2CC2)cc(OCC2(CC(=O)OC)CC2)c1,COCCCc1cc(CNC2CC2)cc(OCC2(CC(=O)OC)CC2)c1,COCCCc1cc(F)cc(CNC2CC2)c1,100,Likely stable,,95,low
COCCCc1cc(CN(C(=O)[C@H]2CN(C(=O)OC(C)(C)C)CC[C@@H]2c2ccc(OCCOc3c(Cl)cc(C)cc3Cl)cc2)C2CC2)cc(OCC2(CC(=O)OC)CC2)c1,COCCCc1cc(F)cc(CNC2CC2)c1,COCCCc1cc(F)cc(C(=O)NC2CC2)c1,100,Likely stable,,95,low
COCCCc1cc(CN(C(=O)[C@H]2CN(C(=O)OC(C)(C)C)CC[C@@H]2c2ccc(OCCOc3c(Cl)cc(C)cc3Cl)cc2)C2CC2)cc(OCC2(CC(=O)OC)CC2)c1,COCCCc1cc(F)cc(C(=O)NC2CC2)c1,NC1CC1,100,Likely stable,,95,low
COCCCc1cc(CN(C(=O)[C@H]2CN(C(=O)OC(C)(C)C)CC[C@@H]2c2ccc(OCCOc3c(Cl)cc(C)cc3Cl)cc2)C2CC2)cc(OCC2(CC(=O)OC)CC2)c1,COCCCc1cc(F)cc(C(=O)NC2CC2)c1,COCCCc1cc(F)cc(C(=O)O)c1,100,Likely stable,,95,low
COCCCc1cc(CN(C(=O)[C@H]2CN(C(=O)OC(C)(C)C)CC[C@@H]2c2ccc(OCCOc3c(Cl)cc(C)cc3Cl)cc2)C2CC2)cc(OCC2(CC(=O)OC)CC2)c1,Cc1cc(Cl)c(OCCOc2ccc([C@H]3CCN(C(=O)OC(C)(C)C)C[C@@H]3C(=O)O)cc2)c(Cl)c1,Cc1cc(Cl)c(OCCOc2ccc([C@H]3CCNC[C@@H]3C(=O)O)cc2)c(Cl)c1,,,,75,medium
COCCCc1cc(CN(C(=O)[C@H]2CN(C(=O)OC(C)(C)C)CC[C@@H]2c2ccc(OCCOc3c(Cl)cc(C)cc3Cl)cc2)C2CC2)cc(OCC2(CC(=O)OC)CC2)c1,Cc1cc(Cl)c(OCCOc2ccc([C@H]3CCN(C(=O)OC(C)(C)C)C[C@@H]3C(=O)O)cc2)c(Cl)c1,CC(C)(C)OC(=O)OC(=O)OC(C)(C)C,100,Likely stable,,75,medium
COCCCc1cc(CN(C(=O)[C@H]2CN(C(=O)OC(C)(C)C)CC[C@@H]2c2ccc(OCCOc3c(Cl)cc(C)cc3Cl)cc2)C2CC2)cc(OCC2(CC(=O)OC)CC2)c1,Cc1cc(Cl)c(OCCOc2ccc([C@H]3CCNC[C@@H]3C(=O)O)cc2)c(Cl)c1,O=C(O)[C@H]1CNCC[C@@H]1c1ccc(O)cc1,100,Likely stable,,95,low
COCCCc1cc(CN(C(=O)[C@H]2CN(C(=O)OC(C)(C)C)CC[C@@H]2c2ccc(OCCOc3c(Cl)cc(C)cc3Cl)cc2)C2CC2)cc(OCC2(CC(=O)OC)CC2)c1,Cc1cc(Cl)c(OCCOc2ccc([C@H]3CCNC[C@@H]3C(=O)O)cc2)c(Cl)c1,Cc1cc(Cl)c(OCCCl)c(Cl)c1,100,Likely stable,,95,low
COCCCc1cc(CN(C(=O)[C@H]2CN(C(=O)OC(C)(C)C)CC[C@@H]2c2ccc(OCCOc3c(Cl)cc(C)cc3Cl)cc2)C2CC2)cc(OCC2(CC(=O)OC)CC2)c1,O=C(O)[C@H]1CNCC[C@@H]1c1ccc(O)cc1,OC[C@H]1CNCC[C@@H]1c1ccc(O)cc1,100,Likely stable,,90,low
COCCCc1cc(CN(C(=O)[C@H]2CN(C(=O)OC(C)(C)C)CC[C@@H]2c2ccc(OCCOc3c(Cl)cc(C)cc3Cl)cc2)C2CC2)cc(OCC2(CC(=O)OC)CC2)c1,OC[C@H]1CNCC[C@@H]1c1ccc(O)cc1,O=CC[C@H](CCNC[C@H](O)C=O)c1ccc(O)cc1,,,,40,medium
COCCCc1cc(CN(C(=O)[C@H]2CN(C(=O)OC(C)(C)C)CC[C@@H]2c2ccc(OCCOc3c(Cl)cc(C)cc3Cl)cc2)C2CC2)cc(OCC2(CC(=O)OC)CC2)c1,O=CC[C@H](CCNC[C@H](O)C=O)c1ccc(O)cc1,O=CCC(CC=O)c1ccc(O)cc1,,,,95,low
COCCCc1cc(CN(C(=O)[C@H]2CN(C(=O)OC(C)(C)C)CC[C@@H]2c2ccc(OCCOc3c(Cl)cc(C)cc3Cl)cc2)C2CC2)cc(OCC2(CC(=O)OC)CC2)c1,O=CC[C@H](CCNC[C@H](O)C=O)c1ccc(O)cc1,NC[C@H](O)C=O,100,Likely stable,,95,low
COCCCc1cc(CN(C(=O)[C@H]2CN(C(=O)OC(C)(C)C)CC[C@@H]2c2ccc(OCCOc3c(Cl)cc(C)cc3Cl)cc2)C2CC2)cc(OCC2(CC(=O)OC)CC2)c1,O=CCC(CC=O)c1ccc(O)cc1,OCCC(CCO)c1ccc(O)cc1,,,,100,low
COCCCc1cc(CN(C(=O)[C@H]2CN(C(=O)OC(C)(C)C)CC[C@@H]2c2ccc(OCCOc3c(Cl)cc(C)cc3Cl)cc2)C2CC2)cc(OCC2(CC(=O)OC)CC2)c1,OCCC(CCO)c1ccc(O)cc1,C=Cc1ccc(O)cc1,100,Likely stable,,60,medium
COCCCc1cc(CN(C(=O)[C@H]2CN(C(=O)OC(C)(C)C)CC[C@@H]2c2ccc(OCCOc3c(Cl)cc(C)cc3Cl)cc2)C2CC2)cc(OCC2(CC(=O)OC)CC2)c1,OCCC(CCO)c1ccc(O)cc1,C1CO1,80,Likely stable,Three-membered heterocycle (potentially unstable),60,medium
COCCCc1cc(CN(C(=O)[C@H]2CN(C(=O)OC(C)(C)C)CC[C@@H]2c2ccc(OCCOc3c(Cl)cc(C)cc3Cl)cc2)C2CC2)cc(OCC2(CC(=O)OC)CC2)c1,C=Cc1ccc(O)cc1,C=Cc1ccc(OC)cc1,100,Likely stable,,95,low
COCCCc1cc(CN(C(=O)[C@H]2CN(C(=O)OC(C)(C)C)CC[C@@H]2c2ccc(OCCOc3c(Cl)cc(C)cc3Cl)cc2)C2CC2)cc(OCC2(CC(=O)OC)CC2)c1,Cc1cc(Cl)c(OCCCl)c(Cl)c1,ClCCBr,100,Likely stable,,95,low
COCCCc1cc(CN(C(=O)[C@H]2CN(C(=O)OC(C)(C)C)CC[C@@H]2c2ccc(OCCOc3c(Cl)cc(C)cc3Cl)cc2)C2CC2)cc(OCC2(CC(=O)OC)CC2)c1,Cc1cc(Cl)c(OCCCl)c(Cl)c1,Cc1cc(Cl)c(O)c(Cl)c1,100,Likely stable,,95,low
COCCCc1cc(CN(C(=O)[C@H]2CN(C(=O)OC(C)(C)C)CC[C@@H]2c2ccc(OCCOc3c(Cl)cc(C)cc3Cl)cc2)C2CC2)cc(OCC2(CC(=O)OC)CC2)c1,CC(C)(C)OC(=O)OC(=O)OC(C)(C)C,C=C(C)C,100,Likely stable,,95,low
COCCCc1cc(CN(C(=O)[C@H]2CN(C(=O)OC(C)(C)C)CC[C@@H]2c2ccc(OCCOc3c(Cl)cc(C)cc3Cl)cc2)C2CC2)cc(OCC2(CC(=O)OC)CC2)c1,CC(C)(C)OC(=O)OC(=O)OC(C)(C)C,CC(C)(C)OC(=O)OC(=O)O,100,Likely stable,,95,low
COCCCc1cc(CN(C(=O)[C@H]2CN(C(=O)OC(C)(C)C)CC[C@@H]2c2ccc(OCCOc3c(Cl)cc(C)cc3Cl)cc2)C2CC2)cc(OCC2(CC(=O)OC)CC2)c1,CC(C)(C)OC(=O)OC(=O)O,C=C(C)C,100,Likely stable,,95,low
COCCCc1cc(CN(C(=O)[C@H]2CN(C(=O)OC(C)(C)C)CC[C@@H]2c2ccc(OCCOc3c(Cl)cc(C)cc3Cl)cc2)C2CC2)cc(OCC2(CC(=O)OC)CC2)c1,CC(C)(C)OC(=O)OC(=O)O,O=C(O)OC(=O)O,100,Likely stable,,95,low
CCCCCN1C(=O)C2(CNC(=O)c3cc4c(cc32)OCO4)c2ccccc21,CCCCCN1C(=O)C2(CNC(=O)c3cc4c(cc32)OCO4)c2ccccc21,O=C1NCC2(C(=O)Nc3ccccc32)c2cc3c(cc21)OCO3,,,,95,low
CCCCCN1C(=O)C2(CNC(=O)c3cc4c(cc32)OCO4)c2ccccc21,CCCCCN1C(=O)C2(CNC(=O)c3cc4c(cc32)OCO4)c2ccccc21,CCCCCBr,100,Likely stable,,95,low
CCCCCN1C(=O)C2(CNC(=O)c3cc4c(cc32)OCO4)c2ccccc21,O=C1NCC2(C(=O)Nc3ccccc32)c2cc3c(cc21)OCO3,O=C1Nc2ccccc2C12CN2,80,Likely stable,Three-membered heterocycle (potentially unstable),45,medium
CCCCCN1C(=O)C2(CNC(=O)c3cc4c(cc32)OCO4)c2ccccc21,O=C1NCC2(C(=O)Nc3ccccc32)c2cc3c(cc21)OCO3,O=C(Cl)c1ccc2c(c1)OCO2,100,Likely stable,,45,medium
CCCCCN1C(=O)C2(CNC(=O)c3cc4c(cc32)OCO4)c2ccccc21,O=C1Nc2ccccc2C12CN2,NCC1(CBr)C(=O)Nc2ccccc21,,,,70,medium
CCCCCN1C(=O)C2(CNC(=O)c3cc4c(cc32)OCO4)c2ccccc21,NCC1(CBr)C(=O)Nc2ccccc21,CC1(CN)C(=O)Nc2ccccc21,,,,90,low
CCCCCN1C(=O)C2(CNC(=O)c3cc4c(cc32)OCO4)c2ccccc21,CC1(CN)C(=O)Nc2ccccc21,CC1C(=O)Nc2ccccc21,,,,90,low
CCCCCN1C(=O)C2(CNC(=O)c3cc4c(cc32)OCO4)c2ccccc21,CC1(CN)C(=O)Nc2ccccc21,C=O,100,Likely stable,,90,low
CCCCCN1C(=O)C2(CNC(=O)c3cc4c(cc32)OCO4)c2ccccc21,CC1(CN)C(=O)Nc2ccccc21,N,100,Likely stable,,90,low
CCCCCN1C(=O)C2(CNC(=O)c3cc4c(cc32)OCO4)c2ccccc21,CC1C(=O)Nc2ccccc21,CC(C(=O)O)c1ccccc1N,100,Likely stable,,70,medium
CCCCCN1C(=O)C2(CNC(=O)c3cc4c(cc32)OCO4)c2ccccc21,CC(C(=O)O)c1ccccc1N,CC(C(=O)O)c1ccccc1[N+](=O)[O-],100,Likely stable,,90,low
CCCCCN1C(=O)C2(CNC(=O)c3cc4c(cc32)OCO4)c2ccccc21,CC(C(=O)O)c1ccccc1[N+](=O)[O-],CCOC(=O)C(C)(C(=O)OCC)c1ccccc1[N+](=O)[O-],100,Likely stable,,75,medium
CCCCCN1C(=O)C2(CNC(=O)c3cc4c(cc32)OCO4)c2ccccc21,CCOC(=O)C(C)(C(=O)OCC)c1ccccc1[N+](=O)[O-],O=[N+]([O-])c1ccccc1F,100,Likely stable,,95,low
CCCCCN1C(=O)C2(CNC(=O)c3cc4c(cc32)OCO4)c2ccccc21,CCOC(=O)C(C)(C(=O)OCC)c1ccccc1[N+](=O)[O-],CCOC(=O)C(C)C(=O)OCC,100,Likely stable,,95,low
CCCCCN1C(=O)C2(CNC(=O)c3cc4c(cc32)OCO4)c2ccccc21,O=C(Cl)c1ccc2c(c1)OCO2,O=S(Cl)Cl,100,Likely stable,,30,high
CCCCCN1C(=O)C2(CNC(=O)c3cc4c(cc32)OCO4)c2ccccc21,O=C(Cl)c1ccc2c(c1)OCO2,O=C(O)c1ccc2c(c1)OCO2,100,Likely stable,,30,high
CCCCCN1C(=O)C2(CNC(=O)c3cc4c(cc32)OCO4)c2ccccc21,CCCCCBr,CCCCCO,100,Likely stable,,55,medium
CCCCCN1C(=O)C2(CNC(=O)c3cc4c(cc32)OCO4)c2ccccc21,CCCCCBr,O=C1CCC(=O)N1Br,95,Likely stable,,55,medium
O=[N+]([O-])c1ccc(OC2(S(=O)(=O)c3ccccc3)CC2)nc1Cl,O=[N+]([O-])c1ccc(OC2(S(=O)(=O)c3ccccc3)CC2)nc1Cl,O=[N+]([O-])c1ccc(O)nc1Cl,100,Likely stable,,95,low
O=[N+]([O-])c1ccc(OC2(S(=O)(=O)c3ccccc3)CC2)nc1Cl,O=[N+]([O-])c1ccc(OC2(S(=O)(=O)c3ccccc3)CC2)nc1Cl,O=S(=O)(c1ccccc1)C1(Br)CC1,100,Likely stable,,95,low
O=[N+]([O-])c1ccc(OC2(S(=O)(=O)c3ccccc3)CC2)nc1Cl,O=[N+]([O-])c1ccc(O)nc1Cl,O=S(Cl)Cl,100,Likely stable,,30,high
O=[N+]([O-])c1ccc(OC2(S(=O)(=O)c3ccccc3)CC2)nc1Cl,O=[N+]([O-])c1ccc(O)nc1Cl,O=[N+]([O-])c1ccc(O)nc1O,100,Likely stable,,30,high
O=[N+]([O-])c1ccc(OC2(S(=O)(=O)c3ccccc3)CC2)nc1Cl,O=S(=O)(c1ccccc1)C1(Br)CC1,BrCCBr,100,Likely stable,,65,medium
O=[N+]([O-])c1ccc(OC2(S(=O)(=O)c3ccccc3)CC2)nc1Cl,O=S(=O)(c1ccccc1)C1(Br)CC1,O=S(=O)(CBr)c1ccccc1,100,Likely stable,,65,medium
C[Si](C)(C)CCOCn1cc(C2CCc3c(C(=O)O)nn(COCC[Si](C)(C)C)c3C2)cn1,C[Si](C)(C)CCOCn1cc(C2CCc3c(C(=O)O)nn(COCC[Si](C)(C)C)c3C2)cn1,C[Si](C)(C)CCOCn1cc(Br)cn1,100,Likely stable,,90,low
C[Si](C)(C)CCOCn1cc(C2CCc3c(C(=O)O)nn(COCC[Si](C)(C)C)c3C2)cn1,C[Si](C)(C)CCOCn1cc(C2CCc3c(C(=O)O)nn(COCC[Si](C)(C)C)c3C2)cn1,C[Si](C)(C)CCOCn1nc(C(=O)O)c2c1CC(B(O)O)CC2,100,Likely stable,,90,low
C[Si](C)(C)CCOCn1cc(C2CCc3c(C(=O)O)nn(COCC[Si](C)(C)C)c3C2)cn1,C[Si](C)(C)CCOCn1cc(Br)cn1,Brc1cn[nH]c1,100,Likely stable,,95,low
C[Si](C)(C)CCOCn1cc(C2CCc3c(C(=O)O)nn(COCC[Si](C)(C)C)c3C2)cn1,C[Si](C)(C)CCOCn1cc(Br)cn1,C[Si](C)(C)CCOCCl,100,Likely stable,,95,low
C[Si](C)(C)CCOCn1cc(C2CCc3c(C(=O)O)nn(COCC[Si](C)(C)C)c3C2)cn1,C[Si](C)(C)CCOCn1nc(C(=O)O)c2c1CC(B(O)O)CC2,C[Si](C)(C)CCO,100,Likely stable,,95,low
C[Si](C)(C)CCOCn1cc(C2CCc3c(C(=O)O)nn(COCC[Si](C)(C)C)c3C2)cn1,C[Si](C)(C)CCOCn1nc(C(=O)O)c2c1CC(B(O)O)CC2,O=C(O)c1nn(CBr)c2c1CCC(B(O)O)C2,,,,95,low
C[Si](C)(C)CCOCn1cc(C2CCc3c(C(=O)O)nn(COCC[Si](C)(C)C)c3C2)cn1,C[Si](C)(C)CCO,C[Si](C)(C)CC(=O)O,100,Likely stable,,95,low
C[Si](C)(C)CCOCn1cc(C2CCc3c(C(=O)O)nn(COCC[Si](C)(C)C)c3C2)cn1,O=C(O)c1nn(CBr)c2c1CCC(B(O)O)C2,O=C(O)c1nn(CBr)c2c1CCC(Br)C2,,,,80,low
C[Si](C)(C)CCOCn1cc(C2CCc3c(C(=O)O)nn(COCC[Si](C)(C)C)c3C2)cn1,O=C(O)c1nn(CBr)c2c1CCC(Br)C2,O=C(O)c1n[nH]c2c1CCC(Br)CC2,,,,40,medium
C[Si](C)(C)CCOCn1cc(C2CCc3c(C(=O)O)nn(COCC[Si](C)(C)C)c3C2)cn1,O=C(O)c1n[nH]c2c1CCC(Br)CC2,C=CCC(Br)CCc1c(C(=O)O)n[nH]c1C=C,100,Likely stable,,60,medium
C[Si](C)(C)CCOCn1cc(C2CCc3c(C(=O)O)nn(COCC[Si](C)(C)C)c3C2)cn1,C=CCC(Br)CCc1c(C(=O)O)n[nH]c1C=C,C=CCC=CCc1c(C(=O)O)n[nH]c1C=C,100,Likely stable,,90,low
C[Si](C)(C)CCOCn1cc(C2CCc3c(C(=O)O)nn(COCC[Si](C)(C)C)c3C2)cn1,C=CCC=CCc1c(C(=O)O)n[nH]c1C=C,C=Cc1c[nH]nc1C(=O)O,100,Likely stable,,95,low
C[Si](C)(C)CCOCn1cc(C2CCc3c(C(=O)O)nn(COCC[Si](C)(C)C)c3C2)cn1,C=CCC=CCc1c(C(=O)O)n[nH]c1C=C,C=CCC=CCBr,100,Likely stable,,95,low
C[Si](C)(C)CCOCn1cc(C2CCc3c(C(=O)O)nn(COCC[Si](C)(C)C)c3C2)cn1,C=Cc1c[nH]nc1C(=O)O,C=CB1OB(C=C)OB(C=C)O1,95,Likely stable,,55,medium
C[Si](C)(C)CCOCn1cc(C2CCc3c(C(=O)O)nn(COCC[Si](C)(C)C)c3C2)cn1,C=Cc1c[nH]nc1C(=O)O,O=C(O)c1n[nH]cc1Br,100,Likely stable,,55,medium
C[Si](C)(C)CCOCn1cc(C2CCc3c(C(=O)O)nn(COCC[Si](C)(C)C)c3C2)cn1,C=CCC=CCBr,C=CCC=CC,100,Likely stable,,55,medium
C[Si](C)(C)CCOCn1cc(C2CCc3c(C(=O)O)nn(COCC[Si](C)(C)C)c3C2)cn1,C=CCC=CCBr,O=C1CCC(=O)N1Br,95,Likely stable,,55,medium
CC1=NC2(N=C1N)c1cc(-c3cc(F)cc(C#N)c3)ccc1CCC21CC1,CC1=NC2(N=C1N)c1cc(-c3cc(F)cc(C#N)c3)ccc1CCC21CC1,CC1=NC2(N=C1N)c1cc(Br)ccc1CCC21CC1,100,Likely stable,,90,low
CC1=NC2(N=C1N)c1cc(-c3cc(F)cc(C#N)c3)ccc1CCC21CC1,CC1=NC2(N=C1N)c1cc(-c3cc(F)cc(C#N)c3)ccc1CCC21CC1,N#Cc1cc(F)cc(B(O)O)c1,70,Moderately stable,Contains carbene (highly reactive intermediate),90,low
CC1=NC2(N=C1N)c1cc(-c3cc(F)cc(C#N)c3)ccc1CCC21CC1,CC1=NC2(N=C1N)c1cc(Br)ccc1CCC21CC1,CC1=NC2(N=C1N)c1ccccc1CCC21CC1,100,Likely stable,,95,low
CC1=NC2(N=C1N)c1cc(-c3cc(F)cc(C#N)c3)ccc1CCC21CC1,CC1=NC2(N=C1N)c1cc(Br)ccc1CCC21CC1,NBS,100,Likely stable,,95,low
CC1=NC2(N=C1N)c1cc(-c3cc(F)cc(C#N)c3)ccc1CCC21CC1,CC1=NC2(N=C1N)c1ccccc1CCC21CC1,CC1=NC2(CC=Cc3ccccc32)N=C1N,,,,50,medium
CC1=NC2(N=C1N)c1cc(-c3cc(F)cc(C#N)c3)ccc1CCC21CC1,CC1=NC2(CC=Cc3ccccc32)N=C1N,CC1=NC(=N)N=C1N,95,Likely stable,,45,medium
CC1=NC2(N=C1N)c1cc(-c3cc(F)cc(C#N)c3)ccc1CCC21CC1,CC1=NC2(CC=Cc3ccccc32)N=C1N,C=Cc1ccccc1C=O,100,Likely stable,,45,medium
CC1=NC2(N=C1N)c1cc(-c3cc(F)cc(C#N)c3)ccc1CCC21CC1,C=Cc1ccccc1C=O,C=Cc1ccccc1CO,100,Likely stable,,100,low
CC1=NC2(N=C1N)c1cc(-c3cc(F)cc(C#N)c3)ccc1CCC21CC1,N#Cc1cc(F)cc(B(O)O)c1,CC1(C)OB(c2cc(F)cc(C#N)c2)OC1(C)C,65,Moderately stable,Contains carbene (highly reactive intermediate),45,medium
O=C(O)[C@H]1CCOC[C@H]1c1ccc(I)cc1,O=C(O)[C@H]1CCOC[C@H]1c1ccc(I)cc1,OC[C@H]1CCOC[C@H]1c1ccc(I)cc1,100,Likely stable,,90,low
O=C(O)[C@H]1CCOC[C@H]1c1ccc(I)cc1,OC[C@H]1CCOC[C@H]1c1ccc(I)cc1,O=C[C@@H]1COCC[C@@H]1CO,,,,95,low
O=C(O)[C@H]1CCOC[C@H]1c1ccc(I)cc1,OC[C@H]1CCOC[C@H]1c1ccc(I)cc1,Brc1ccc(I)cc1,100,Likely stable,,95,low
O=C(O)[C@H]1CCOC[C@H]1c1ccc(I)cc1,O=C[C@@H]1COCC[C@@H]1CO,OC[C@@H]1COCC[C@@H]1CO,,,,100,low
O=C(O)[C@H]1CCOC[C@H]1c1ccc(I)cc1,OC[C@@H]1COCC[C@@H]1CO,C[C@@H]1COCC[C@@H]1C,,,,80,low
O=C(O)[C@H]1CCOC[C@H]1c1ccc(I)cc1,C[C@@H]1COCC[C@@H]1C,C[C@H](O)CCC[C@H](C)O,100,Likely stable,,70,medium
O=C(O)[C@H]1CCOC[C@H]1c1ccc(I)cc1,C[C@H](O)CCC[C@H](C)O,C[C@H](O)C#CC[C@H](C)O,65,Moderately stable,Contains carbene (highly reactive intermediate),100,low
O=C(O)[C@H]1CCOC[C@H]1c1ccc(I)cc1,C[C@H](O)C#CC[C@H](C)O,C[C@H](O)CBr,100,Likely stable,,70,medium
O=C(O)[C@H]1CCOC[C@H]1c1ccc(I)cc1,C[C@H](O)C#CC[C@H](C)O,C#C[C@H](C)O[Si](C)(C)C(C)(C)C,65,Moderately stable,Contains carbene (highly reactive intermediate),70,medium
O=C(O)[C@H]1CCOC[C@H]1c1ccc(I)cc1,Brc1ccc(I)cc1,Brc1ccccc1,100,Likely stable,,55,medium
O=C(O)[C@H]1CCOC[C@H]1c1ccc(I)cc1,Brc1ccc(I)cc1,O=C1CCC(=O)N1I,95,Likely stable,,55,medium
COCCCc1cc(CN(C(=O)[C@H]2CN(C(=O)OC(C)(C)C)CC[C@@H]2c2ccc(OCCOc3c(Cl)cc(C)cc3Cl)cc2)C2CC2)cc(OC[C@@H]2C[C@H]2C(=O)OCC(=O)N(C)C)c1,COCCCc1cc(CN(C(=O)[C@H]2CN(C(=O)OC(C)(C)C)CC[C@@H]2c2ccc(OCCOc3c(Cl)cc(C)cc3Cl)cc2)C2CC2)cc(OC[C@@H]2C[C@H]2C(=O)OCC(=O)N(C)C)c1,COCCCc1cc(CN2CC2)cc(OC[C@@H]2C[C@H]2C(=O)OCC(=O)N(C)C)c1,85,Likely stable,Three-membered heterocycle (potentially unstable),90,low
COCCCc1cc(CN(C(=O)[C@H]2CN(C(=O)OC(C)(C)C)CC[C@@H]2c2ccc(OCCOc3c(Cl)cc(C)cc3Cl)cc2)C2CC2)cc(OC[C@@H]2C[C@H]2C(=O)OCC(=O)N(C)C)c1,COCCCc1cc(CN(C(=O)[C@H]2CN(C(=O)OC(C)(C)C)CC[C@@H]2c2ccc(OCCOc3c(Cl)cc(C)cc3Cl)cc2)C2CC2)cc(OC[C@@H]2C[C@H]2C(=O)OCC(=O)N(C)C)c1,Cc1cc(Cl)c(OCCOc2ccc([C@H]3CCN(C(=O)OC(C)(C)C)C[C@@H]3C(=O)O)cc2)c(Cl)c1,,,,90,low
COCCCc1cc(CN(C(=O)[C@H]2CN(C(=O)OC(C)(C)C)CC[C@@H]2c2ccc(OCCOc3c(Cl)cc(C)cc3Cl)cc2)C2CC2)cc(OC[C@@H]2C[C@H]2C(=O)OCC(=O)N(C)C)c1,COCCCc1cc(CN2CC2)cc(OC[C@@H]2C[C@H]2C(=O)OCC(=O)N(C)C)c1,COCCCc1cc(O)cc(CN2CC2)c1,85,Likely stable,Three-membered heterocycle (potentially unstable),95,low
COCCCc1cc(CN(C(=O)[C@H]2CN(C(=O)OC(C)(C)C)CC[C@@H]2c2ccc(OCCOc3c(Cl)cc(C)cc3Cl)cc2)C2CC2)cc(OC[C@@H]2C[C@H]2C(=O)OCC(=O)N(C)C)c1,COCCCc1cc(CN2CC2)cc(OC[C@@H]2C[C@H]2C(=O)OCC(=O)N(C)C)c1,CN(C)C(=O)COC(=O)[C@@H]1C[C@H]1CBr,100,Likely stable,,95,low
COCCCc1cc(CN(C(=O)[C@H]2CN(C(=O)OC(C)(C)C)CC[C@@H]2c2ccc(OCCOc3c(Cl)cc(C)cc3Cl)cc2)C2CC2)cc(OC[C@@H]2C[C@H]2C(=O)OCC(=O)N(C)C)c1,COCCCc1cc(O)cc(CN2CC2)c1,COCCCc1cc(O)cc(C(=O)N2CC2)c1,85,Likely stable,Three-membered heterocycle (potentially unstable),95,low
COCCCc1cc(CN(C(=O)[C@H]2CN(C(=O)OC(C)(C)C)CC[C@@H]2c2ccc(OCCOc3c(Cl)cc(C)cc3Cl)cc2)C2CC2)cc(OC[C@@H]2C[C@H]2C(=O)OCC(=O)N(C)C)c1,COCCCc1cc(O)cc(C(=O)N2CC2)c1,COCCCc1cc(OC)cc(C(=O)N2CC2)c1,85,Likely stable,Three-membered heterocycle (potentially unstable),95,low
COCCCc1cc(CN(C(=O)[C@H]2CN(C(=O)OC(C)(C)C)CC[C@@H]2c2ccc(OCCOc3c(Cl)cc(C)cc3Cl)cc2)C2CC2)cc(OC[C@@H]2C[C@H]2C(=O)OCC(=O)N(C)C)c1,COCCCc1cc(OC)cc(C(=O)N2CC2)c1,C1CN1,80,Likely stable,Three-membered heterocycle (potentially unstable),95,low
COCCCc1cc(CN(C(=O)[C@H]2CN(C(=O)OC(C)(C)C)CC[C@@H]2c2ccc(OCCOc3c(Cl)cc(C)cc3Cl)cc2)C2CC2)cc(OC[C@@H]2C[C@H]2C(=O)OCC(=O)N(C)C)c1,COCCCc1cc(OC)cc(C(=O)N2CC2)c1,COCCCc1cc(OC)cc(C(=O)O)c1,100,Likely stable,,95,low
COCCCc1cc(CN(C(=O)[C@H]2CN(C(=O)OC(C)(C)C)CC[C@@H]2c2ccc(OCCOc3c(Cl)cc(C)cc3Cl)cc2)C2CC2)cc(OC[C@@H]2C[C@H]2C(=O)OCC(=O)N(C)C)c1,C1CN1,c1ccc(CN2CC2)cc1,85,Likely stable,Three-membered heterocycle (potentially unstable),0,critical
COCCCc1cc(CN(C(=O)[C@H]2CN(C(=O)OC(C)(C)C)CC[C@@H]2c2ccc(OCCOc3c(Cl)cc(C)cc3Cl)cc2)C2CC2)cc(OC[C@@H]2C[C@H]2C(=O)OCC(=O)N(C)C)c1,CN(C)C(=O)COC(=O)[C@@H]1C[C@H]1CBr,CN(C)C(=O)CCl,100,Likely stable,,95,low
COCCCc1cc(CN(C(=O)[C@H]2CN(C(=O)OC(C)(C)C)CC[C@@H]2c2ccc(OCCOc3c(Cl)cc(C)cc3Cl)cc2)C2CC2)cc(OC[C@@H]2C[C@H]2C(=O)OCC(=O)N(C)C)c1,CN(C)C(=O)COC(=O)[C@@H]1C[C@H]1CBr,O=C(O)[C@@H]1C[C@H]1CBr,100,Likely stable,,95,low
COCCCc1cc(CN(C(=O)[C@H]2CN(C(=O)OC(C)(C)C)CC[C@@H]2c2ccc(OCCOc3c(Cl)cc(C)cc3Cl)cc2)C2CC2)cc(OC[C@@H]2C[C@H]2C(=O)OCC(=O)N(C)C)c1,O=C(O)[C@@H]1C[C@H]1CBr,CCOC(=O)[C@@H]1C[C@H]1CBr,100,Likely stable,,90,low
COCCCc1cc(CN(C(=O)[C@H]2CN(C(=O)OC(C)(C)C)CC[C@@H]2c2ccc(OCCOc3c(Cl)cc(C)cc3Cl)cc2)C2CC2)cc(OC[C@@H]2C[C@H]2C(=O)OCC(=O)N(C)C)c1,Cc1cc(Cl)c(OCCOc2ccc([C@H]3CCN(C(=O)OC(C)(C)C)C[C@@H]3C(=O)O)cc2)c(Cl)c1,Cc1cc(Cl)c(OCCOc2ccc([C@H]3CCNC[C@@H]3C(=O)O)cc2)c(Cl)c1,,,,75,medium
COCCCc1cc(CN(C(=O)[C@H]2CN(C(=O)OC(C)(C)C)CC[C@@H]2c2ccc(OCCOc3c(Cl)cc(C)cc3Cl)cc2)C2CC2)cc(OC[C@@H]2C[C@H]2C(=O)OCC(=O)N(C)C)c1,Cc1cc(Cl)c(OCCOc2ccc([C@H]3CCN(C(=O)OC(C)(C)C)C[C@@H]3C(=O)O)cc2)c(Cl)c1,CC(C)(C)OC(=O)OC(=O)OC(C)(C)C,100,Likely stable,,75,medium
COCCCc1cc(CN(C(=O)[C@H]2CN(C(=O)OC(C)(C)C)CC[C@@H]2c2ccc(OCCOc3c(Cl)cc(C)cc3Cl)cc2)C2CC2)cc(OC[C@@H]2C[C@H]2C(=O)OCC(=O)N(C)C)c1,Cc1cc(Cl)c(OCCOc2ccc([C@H]3CCNC[C@@H]3C(=O)O)cc2)c(Cl)c1,O=C(O)[C@H]1CNCC[C@@H]1c1ccc(O)cc1,100,Likely stable,,95,low
COCCCc1cc(CN(C(=O)[C@H]2CN(C(=O)OC(C)(C)C)CC[C@@H]2c2ccc(OCCOc3c(Cl)cc(C)cc3Cl)cc2)C2CC2)cc(OC[C@@H]2C[C@H]2C(=O)OCC(=O)N(C)C)c1,Cc1cc(Cl)c(OCCOc2ccc([C@H]3CCNC[C@@H]3C(=O)O)cc2)c(Cl)c1,Cc1cc(Cl)c(OCCCl)c(Cl)c1,100,Likely stable,,95,low
COCCCc1cc(CN(C(=O)[C@H]2CN(C(=O)OC(C)(C)C)CC[C@@H]2c2ccc(OCCOc3c(Cl)cc(C)cc3Cl)cc2)C2CC2)cc(OC[C@@H]2C[C@H]2C(=O)OCC(=O)N(C)C)c1,O=C(O)[C@H]1CNCC[C@@H]1c1ccc(O)cc1,OC[C@H]1CNCC[C@@H]1c1ccc(O)cc1,100,Likely stable,,90,low
COCCCc1cc(CN(C(=O)[C@H]2CN(C(=O)OC(C)(C)C)CC[C@@H]2c2ccc(OCCOc3c(Cl)cc(C)cc3Cl)cc2)C2CC2)cc(OC[C@@H]2C[C@H]2C(=O)OCC(=O)N(C)C)c1,OC[C@H]1CNCC[C@@H]1c1ccc(O)cc1,O=CC[C@H](CCNC[C@H](O)C=O)c1ccc(O)cc1,,,,40,medium
COCCCc1cc(CN(C(=O)[C@H]2CN(C(=O)OC(C)(C)C)CC[C@@H]2c2ccc(OCCOc3c(Cl)cc(C)cc3Cl)cc2)C2CC2)cc(OC[C@@H]2C[C@H]2C(=O)OCC(=O)N(C)C)c1,O=CC[C@H](CCNC[C@H](O)C=O)c1ccc(O)cc1,O=CCC(CC=O)c1ccc(O)cc1,,,,95,low
COCCCc1cc(CN(C(=O)[C@H]2CN(C(=O)OC(C)(C)C)CC[C@@H]2c2ccc(OCCOc3c(Cl)cc(C)cc3Cl)cc2)C2CC2)cc(OC[C@@H]2C[C@H]2C(=O)OCC(=O)N(C)C)c1,O=CC[C@H](CCNC[C@H](O)C=O)c1ccc(O)cc1,NC[C@H](O)C=O,100,Likely stable,,95,low
COCCCc1cc(CN(C(=O)[C@H]2CN(C(=O)OC(C)(C)C)CC[C@@H]2c2ccc(OCCOc3c(Cl)cc(C)cc3Cl)cc2)C2CC2)cc(OC[C@@H]2C[C@H]2C(=O)OCC(=O)N(C)C)c1,O=CCC(CC=O)c1ccc(O)cc1,OCCC(CCO)c1ccc(O)cc1,,,,100,low
COCCCc1cc(CN(C(=O)[C@H]2CN(C(=O)OC(C)(C)C)CC[C@@H]2c2ccc(OCCOc3c(Cl)cc(C)cc3Cl)cc2)C2CC2)cc(OC[C@@H]2C[C@H]2C(=O)OCC(=O)N(C)C)c1,OCCC(CCO)c1ccc(O)cc1,C=Cc1ccc(O)cc1,100,Likely stable,,60,medium
COCCCc1cc(CN(C(=O)[C@H]2CN(C(=O)OC(C)(C)C)CC[C@@H]2c2ccc(OCCOc3c(Cl)cc(C)cc3Cl)cc2)C2CC2)cc(OC[C@@H]2C[C@H]2C(=O)OCC(=O)N(C)C)c1,OCCC(CCO)c1ccc(O)cc1,C1CO1,80,Likely stable,Three-membered heterocycle (potentially unstable),60,medium
COCCCc1cc(CN(C(=O)[C@H]2CN(C(=O)OC(C)(C)C)CC[C@@H]2c2ccc(OCCOc3c(Cl)cc(C)cc3Cl)cc2)C2CC2)cc(OC[C@@H]2C[C@H]2C(=O)OCC(=O)N(C)C)c1,C=Cc1ccc(O)cc1,C=Cc1ccc(OC)cc1,100,Likely stable,,95,low
COCCCc1cc(CN(C(=O)[C@H]2CN(C(=O)OC(C)(C)C)CC[C@@H]2c2ccc(OCCOc3c(Cl)cc(C)cc3Cl)cc2)C2CC2)cc(OC[C@@H]2C[C@H]2C(=O)OCC(=O)N(C)C)c1,Cc1cc(Cl)c(OCCCl)c(Cl)c1,ClCCBr,100,Likely stable,,95,low
COCCCc1cc(CN(C(=O)[C@H]2CN(C(=O)OC(C)(C)C)CC[C@@H]2c2ccc(OCCOc3c(Cl)cc(C)cc3Cl)cc2)C2CC2)cc(OC[C@@H]2C[C@H]2C(=O)OCC(=O)N(C)C)c1,Cc1cc(Cl)c(OCCCl)c(Cl)c1,Cc1cc(Cl)c(O)c(Cl)c1,100,Likely stable,,95,low
COCCCc1cc(CN(C(=O)[C@H]2CN(C(=O)OC(C)(C)C)CC[C@@H]2c2ccc(OCCOc3c(Cl)cc(C)cc3Cl)cc2)C2CC2)cc(OC[C@@H]2C[C@H]2C(=O)OCC(=O)N(C)C)c1,CC(C)(C)OC(=O)OC(=O)OC(C)(C)C,C=C(C)C,100,Likely stable,,95,low
COCCCc1cc(CN(C(=O)[C@H]2CN(C(=O)OC(C)(C)C)CC[C@@H]2c2ccc(OCCOc3c(Cl)cc(C)cc3Cl)cc2)C2CC2)cc(OC[C@@H]2C[C@H]2C(=O)OCC(=O)N(C)C)c1,CC(C)(C)OC(=O)OC(=O)OC(C)(C)C,CC(C)(C)OC(=O)OC(=O)O,100,Likely stable,,95,low
COCCCc1cc(CN(C(=O)[C@H]2CN(C(=O)OC(C)(C)C)CC[C@@H]2c2ccc(OCCOc3c(Cl)cc(C)cc3Cl)cc2)C2CC2)cc(OC[C@@H]2C[C@H]2C(=O)OCC(=O)N(C)C)c1,CC(C)(C)OC(=O)OC(=O)O,C=C(C)C,100,Likely stable,,95,low
COCCCc1cc(CN(C(=O)[C@H]2CN(C(=O)OC(C)(C)C)CC[C@@H]2c2ccc(OCCOc3c(Cl)cc(C)cc3Cl)cc2)C2CC2)cc(OC[C@@H]2C[C@H]2C(=O)OCC(=O)N(C)C)c1,CC(C)(C)OC(=O)OC(=O)O,O=C(O)OC(=O)O,100,Likely stable,,95,low
C[C@H](C(=O)NCCF)N(C)C(=O)c1ccc2c(c1)c1c(n2C)CCC(C2CCOCC2)C1,C[C@H](C(=O)NCCF)N(C)C(=O)c1ccc2c(c1)c1c(n2C)CCC(C2CCOCC2)C1,C[C@H](C(=O)O)N(C)C(=O)c1ccc2c(c1)c1c(n2C)CCC(C2CCOCC2)C1,100,Likely stable,,95,low
C[C@H](C(=O)NCCF)N(C)C(=O)c1ccc2c(c1)c1c(n2C)CCC(C2CCOCC2)C1,C[C@H](C(=O)NCCF)N(C)C(=O)c1ccc2c(c1)c1c(n2C)CCC(C2CCOCC2)C1,NCCF,100,Likely stable,,95,low
C[C@H](C(=O)NCCF)N(C)C(=O)c1ccc2c(c1)c1c(n2C)CCC(C2CCOCC2)C1,C[C@H](C(=O)O)N(C)C(=O)c1ccc2c(c1)c1c(n2C)CCC(C2CCOCC2)C1,Cn1c2c(c3cc(C(=O)O)ccc31)CC(C1CCOCC1)CC2,,,,95,low
C[C@H](C(=O)NCCF)N(C)C(=O)c1ccc2c(c1)c1c(n2C)CCC(C2CCOCC2)C1,C[C@H](C(=O)O)N(C)C(=O)c1ccc2c(c1)c1c(n2C)CCC(C2CCOCC2)C1,CN[C@@H](C)C(=O)O,100,Likely stable,,95,low
C[C@H](C(=O)NCCF)N(C)C(=O)c1ccc2c(c1)c1c(n2C)CCC(C2CCOCC2)C1,Cn1c2c(c3cc(C(=O)O)ccc31)CC(C1CCOCC1)CC2,Cn1c2c(c3cc(C=O)ccc31)CC(C1CCOCC1)CC2,100,Likely stable,,90,low
C[C@H](C(=O)NCCF)N(C)C(=O)c1ccc2c(c1)c1c(n2C)CCC(C2CCOCC2)C1,Cn1c2c(c3cc(C=O)ccc31)CC(C1CCOCC1)CC2,CN(N)c1ccc(C=O)cc1,100,Likely stable,,30,high
C[C@H](C(=O)NCCF)N(C)C(=O)c1ccc2c(c1)c1c(n2C)CCC(C2CCOCC2)C1,Cn1c2c(c3cc(C=O)ccc31)CC(C1CCOCC1)CC2,O=C1CCC(C2CCOCC2)CC1,95,Likely stable,,30,high
C[C@H](C(=O)NCCF)N(C)C(=O)c1ccc2c(c1)c1c(n2C)CCC(C2CCOCC2)C1,CN(N)c1ccc(C=O)cc1,CN(C)C=O,100,Likely stable,,30,high
C[C@H](C(=O)NCCF)N(C)C(=O)c1ccc2c(c1)c1c(n2C)CCC(C2CCOCC2)C1,CN(N)c1ccc(C=O)cc1,CN(N)c1ccccc1,100,Likely stable,,30,high
C[C@H](C(=O)NCCF)N(C)C(=O)c1ccc2c(c1)c1c(n2C)CCC(C2CCOCC2)C1,O=C1CCC(C2CCOCC2)CC1,OC1CCC(C2CCOCC2)CC1,95,Likely stable,,100,low
C[C@H](C(=O)NCCF)N(C)C(=O)c1ccc2c(c1)c1c(n2C)CCC(C2CCOCC2)C1,OC1CCC(C2CCOCC2)CC1,Oc1ccc(C2CCOCC2)cc1,100,Likely stable,,60,medium
C[C@H](C(=O)NCCF)N(C)C(=O)c1ccc2c(c1)c1c(n2C)CCC(C2CCOCC2)C1,Oc1ccc(C2CCOCC2)cc1,Oc1ccc(C2=CCOCC2)cc1,100,Likely stable,,100,low
C[C@H](C(=O)NCCF)N(C)C(=O)c1ccc2c(c1)c1c(n2C)CCC(C2CCOCC2)C1,Oc1ccc(C2=CCOCC2)cc1,Oc1ccc(Br)cc1,100,Likely stable,,45,medium
C[C@H](C(=O)NCCF)N(C)C(=O)c1ccc2c(c1)c1c(n2C)CCC(C2CCOCC2)C1,Oc1ccc(C2=CCOCC2)cc1,CC1(C)OB(C2=CCOCC2)OC1(C)C,90,Likely stable,,45,medium
C[C@H](O[Si](C)(C)C(C)(C)C)[C@@H]1CC(O)CC(C)(C)N1,C[C@H](O[Si](C)(C)C(C)(C)C)[C@@H]1CC(O)CC(C)(C)N1,C[C@H](O)[C@@H]1CC(O)CC(C)(C)N1,95,Likely stable,,95,low
C[C@H](O[Si](C)(C)C(C)(C)C)[C@@H]1CC(O)CC(C)(C)N1,C[C@H](O[Si](C)(C)C(C)(C)C)[C@@H]1CC(O)CC(C)(C)N1,CC(C)(C)[Si](C)(C)Cl,,,,95,low
C[C@H](O[Si](C)(C)C(C)(C)C)[C@@H]1CC(O)CC(C)(C)N1,C[C@H](O)[C@@H]1CC(O)CC(C)(C)N1,CC1(C)CC(O)C[C@@H](C=O)N1,,,,95,low
C[C@H](O[Si](C)(C)C(C)(C)C)[C@@H]1CC(O)CC(C)(C)N1,C[C@H](O)[C@@H]1CC(O)CC(C)(C)N1,C[Mg]Br,100,Likely stable,,95,low
C[C@H](O[Si](C)(C)C(C)(C)C)[C@@H]1CC(O)CC(C)(C)N1,CC1(C)CC(O)C[C@@H](C=O)N1,CC1(C)CC(O)C[C@@H](CO)N1,,,,100,low
C[C@H](O[Si](C)(C)C(C)(C)C)[C@@H]1CC(O)CC(C)(C)N1,CC(C)(C)[Si](C)(C)Cl,C[Si](C)C(C)(C)C,,,,90,low
CCc1[nH]c(C(=O)N[C@H]2CCN(c3cccc(C(=O)OC(C)(C)C)c3)C[C@H]2OC)nc1C(F)(F)F,CCc1[nH]c(C(=O)N[C@H]2CCN(c3cccc(C(=O)OC(C)(C)C)c3)C[C@H]2OC)nc1C(F)(F)F,CCc1[nH]c(C(=O)N[C@H]2CCNC[C@H]2OC)nc1C(F)(F)F,100,Likely stable,,95,low
CCc1[nH]c(C(=O)N[C@H]2CCN(c3cccc(C(=O)OC(C)(C)C)c3)C[C@H]2OC)nc1C(F)(F)F,CCc1[nH]c(C(=O)N[C@H]2CCN(c3cccc(C(=O)OC(C)(C)C)c3)C[C@H]2OC)nc1C(F)(F)F,CC(C)(C)OC(=O)c1cccc(I)c1,100,Likely stable,,95,low
CCc1[nH]c(C(=O)N[C@H]2CCN(c3cccc(C(=O)OC(C)(C)C)c3)C[C@H]2OC)nc1C(F)(F)F,CCc1[nH]c(C(=O)N[C@H]2CCNC[C@H]2OC)nc1C(F)(F)F,CCc1[nH]c(C(=O)O)nc1C(F)(F)F,100,Likely stable,,40,medium
CCc1[nH]c(C(=O)N[C@H]2CCN(c3cccc(C(=O)OC(C)(C)C)c3)C[C@H]2OC)nc1C(F)(F)F,CCc1[nH]c(C(=O)N[C@H]2CCNC[C@H]2OC)nc1C(F)(F)F,CO[C@@H]1CNC[C@@H]1N,95,Likely stable,,40,medium
CCc1[nH]c(C(=O)N[C@H]2CCN(c3cccc(C(=O)OC(C)(C)C)c3)C[C@H]2OC)nc1C(F)(F)F,CCc1[nH]c(C(=O)O)nc1C(F)(F)F,CCc1[nH]c(Br)nc1C(F)(F)F,100,Likely stable,,80,low
CCc1[nH]c(C(=O)N[C@H]2CCN(c3cccc(C(=O)OC(C)(C)C)c3)C[C@H]2OC)nc1C(F)(F)F,CCc1[nH]c(Br)nc1C(F)(F)F,CCc1[nH]cnc1C(F)(F)F,100,Likely stable,,90,low
CCc1[nH]c(C(=O)N[C@H]2CCN(c3cccc(C(=O)OC(C)(C)C)c3)C[C@H]2OC)nc1C(F)(F)F,CCc1[nH]cnc1C(F)(F)F,C#Cc1[nH]cnc1C(F)(F)F,70,Moderately stable,Contains carbene (highly reactive intermediate),100,low
CCc1[nH]c(C(=O)N[C@H]2CCN(c3cccc(C(=O)OC(C)(C)C)c3)C[C@H]2OC)nc1C(F)(F)F,C#Cc1[nH]cnc1C(F)(F)F,CC(C)(O)C#Cc1[nH]cnc1C(F)(F)F,70,Moderately stable,Contains carbene (highly reactive intermediate),85,low
CCc1[nH]c(C(=O)N[C@H]2CCN(c3cccc(C(=O)OC(C)(C)C)c3)C[C@H]2OC)nc1C(F)(F)F,CC(C)(O)C#Cc1[nH]cnc1C(F)(F)F,CC(C)(O)C#Cc1c(C(F)(F)F)ncn1COCC[Si](C)(C)C,70,Moderately stable,Contains carbene (highly reactive intermediate),70,medium
CCc1[nH]c(C(=O)N[C@H]2CCN(c3cccc(C(=O)OC(C)(C)C)c3)C[C@H]2OC)nc1C(F)(F)F,CC(C)(O)C#Cc1c(C(F)(F)F)ncn1COCC[Si](C)(C)C,C#CC(C)(C)O,65,Moderately stable,Contains carbene (highly reactive intermediate),95,low
CCc1[nH]c(C(=O)N[C@H]2CCN(c3cccc(C(=O)OC(C)(C)C)c3)C[C@H]2OC)nc1C(F)(F)F,CC(C)(O)C#Cc1c(C(F)(F)F)ncn1COCC[Si](C)(C)C,C[Si](C)(C)CCOCn1cnc(C(F)(F)F)c1Br,100,Likely stable,,95,low
CCc1[nH]c(C(=O)N[C@H]2CCN(c3cccc(C(=O)OC(C)(C)C)c3)C[C@H]2OC)nc1C(F)(F)F,C[Si](C)(C)CCOCn1cnc(C(F)(F)F)c1Br,C[Si](C)(C)CCOCCl,100,Likely stable,,95,low
CCc1[nH]c(C(=O)N[C@H]2CCN(c3cccc(C(=O)OC(C)(C)C)c3)C[C@H]2OC)nc1C(F)(F)F,C[Si](C)(C)CCOCn1cnc(C(F)(F)F)c1Br,FC(F)(F)c1nc[nH]c1Br,100,Likely stable,,95,low
CCc1[nH]c(C(=O)N[C@H]2CCN(c3cccc(C(=O)OC(C)(C)C)c3)C[C@H]2OC)nc1C(F)(F)F,CO[C@@H]1CNC[C@@H]1N,CO[C@@H]1CNCC1=O,95,Likely stable,,95,low
CCc1[nH]c(C(=O)N[C@H]2CCN(c3cccc(C(=O)OC(C)(C)C)c3)C[C@H]2OC)nc1C(F)(F)F,CO[C@@H]1CNC[C@@H]1N,N,100,Likely stable,,95,low
CCc1[nH]c(C(=O)N[C@H]2CCN(c3cccc(C(=O)OC(C)(C)C)c3)C[C@H]2OC)nc1C(F)(F)F,CO[C@@H]1CNCC1=O,CO[C@@H]1CN(Cc2ccccc2)CC1=O,100,Likely stable,,0,critical
CCc1[nH]c(C(=O)N[C@H]2CCN(c3cccc(C(=O)OC(C)(C)C)c3)C[C@H]2OC)nc1C(F)(F)F,CO[C@@H]1CN(Cc2ccccc2)CC1=O,CCOC(=O)CN(CCOC)Cc1ccccc1,100,Likely stable,,65,medium
CCc1[nH]c(C(=O)N[C@H]2CCN(c3cccc(C(=O)OC(C)(C)C)c3)C[C@H]2OC)nc1C(F)(F)F,CCOC(=O)CN(CCOC)Cc1ccccc1,COCCNCc1ccccc1,100,Likely stable,,95,low
CCc1[nH]c(C(=O)N[C@H]2CCN(c3cccc(C(=O)OC(C)(C)C)c3)C[C@H]2OC)nc1C(F)(F)F,CCOC(=O)CN(CCOC)Cc1ccccc1,CCOC(=O)CBr,100,Likely stable,,95,low
CCc1[nH]c(C(=O)N[C@H]2CCN(c3cccc(C(=O)OC(C)(C)C)c3)C[C@H]2OC)nc1C(F)(F)F,CC(C)(C)OC(=O)c1cccc(I)c1,CC(C)(C)O,100,Likely stable,,95,low
CCc1[nH]c(C(=O)N[C@H]2CCN(c3cccc(C(=O)OC(C)(C)C)c3)C[C@H]2OC)nc1C(F)(F)F,CC(C)(C)OC(=O)c1cccc(I)c1,O=C(O)c1cccc(I)c1,100,Likely stable,,95,low
CC[C@@H](OC(=O)c1ccccc1)[C@H]1CCCN(C(=O)OC(C)(C)C)C1,CC[C@@H](OC(=O)c1ccccc1)[C@H]1CCCN(C(=O)OC(C)(C)C)C1,O=C(O)c1ccccc1,100,Likely stable,,95,low
CC[C@@H](OC(=O)c1ccccc1)[C@H]1CCCN(C(=O)OC(C)(C)C)C1,CC[C@@H](OC(=O)c1ccccc1)[C@H]1CCCN(C(=O)OC(C)(C)C)C1,CC[C@@H](O)[C@H]1CCCN(C(=O)OC(C)(C)C)C1,95,Likely stable,,95,low
CC(=O)OCc1nc2cnc(Br)cc2n1C(C)(C)COC(C)=O,CC(=O)OCc1nc2cnc(Br)cc2n1C(C)(C)COC(C)=O,CC(C)(CO)n1c(CO)nc2cnc(Br)cc21,100,Likely stable,,95,low
CC(=O)OCc1nc2cnc(Br)cc2n1C(C)(C)COC(C)=O,CC(=O)OCc1nc2cnc(Br)cc2n1C(C)(C)COC(C)=O,CC(=O)OC(C)=O,100,Likely stable,,95,low
CC(=O)OCc1nc2cnc(Br)cc2n1C(C)(C)COC(C)=O,CC(C)(CO)n1c(CO)nc2cnc(Br)cc21,O=C(O)CO,100,Likely stable,,25,high
CC(=O)OCc1nc2cnc(Br)cc2n1C(C)(C)COC(C)=O,CC(C)(CO)n1c(CO)nc2cnc(Br)cc21,CC(C)(CO)Nc1cc(Br)ncc1N,100,Likely stable,,25,high
CC(=O)OCc1nc2cnc(Br)cc2n1C(C)(C)COC(C)=O,CC(C)(CO)Nc1cc(Br)ncc1N,CC(C)(CO)Nc1cc(Br)ncc1N=C(c1ccccc1)c1ccccc1,100,Likely stable,,0,critical
CC(=O)OCc1nc2cnc(Br)cc2n1C(C)(C)COC(C)=O,CC(C)(CO)Nc1cc(Br)ncc1N=C(c1ccccc1)c1ccccc1,N=C(c1ccccc1)c1ccccc1,100,Likely stable,,95,low
CC(=O)OCc1nc2cnc(Br)cc2n1C(C)(C)COC(C)=O,CC(C)(CO)Nc1cc(Br)ncc1N=C(c1ccccc1)c1ccccc1,CC(C)(CO)Nc1cc(Br)ncc1Br,100,Likely stable,,95,low
CC(=O)OCc1nc2cnc(Br)cc2n1C(C)(C)COC(C)=O,CC(C)(CO)Nc1cc(Br)ncc1Br,CC(C)(N)CO,100,Likely stable,,35,high
CC(=O)OCc1nc2cnc(Br)cc2n1C(C)(C)COC(C)=O,CC(C)(CO)Nc1cc(Br)ncc1Br,Brc1cc(Br)c(Br)cn1,100,Likely stable,,35,high
CC(=O)OCc1nc2cnc(Br)cc2n1C(C)(C)COC(C)=O,Brc1cc(Br)c(Br)cn1,O=C1CCC(=O)N1Br,95,Likely stable,,55,medium
CC(=O)OCc1nc2cnc(Br)cc2n1C(C)(C)COC(C)=O,Brc1cc(Br)c(Br)cn1,Brc1ccnc(Br)c1,100,Likely stable,,55,medium
CC(=O)NC[C@H]1CC[C@@H](C(=O)Nc2cccc(OC(F)(F)F)c2)N1C(=O)OCc1ccccc1,CC(=O)NC[C@H]1CC[C@@H](C(=O)Nc2cccc(OC(F)(F)F)c2)N1C(=O)OCc1ccccc1,CC(=O)NC[C@H]1CC[C@@H](C(=O)O)N1C(=O)OCc1ccccc1,100,Likely stable,,95,low
CC(=O)NC[C@H]1CC[C@@H](C(=O)Nc2cccc(OC(F)(F)F)c2)N1C(=O)OCc1ccccc1,CC(=O)NC[C@H]1CC[C@@H](C(=O)Nc2cccc(OC(F)(F)F)c2)N1C(=O)OCc1ccccc1,Nc1cccc(OC(F)(F)F)c1,100,Likely stable,,95,low
CC(=O)NC[C@H]1CC[C@@H](C(=O)Nc2cccc(OC(F)(F)F)c2)N1C(=O)OCc1ccccc1,CC(=O)NC[C@H]1CC[C@@H](C(=O)O)N1C(=O)OCc1ccccc1,CCO,100,Likely stable,,0,critical
CC(=O)NC[C@H]1CC[C@@H](C(=O)Nc2cccc(OC(F)(F)F)c2)N1C(=O)OCc1ccccc1,CC(=O)NC[C@H]1CC[C@@H](C(=O)O)N1C(=O)OCc1ccccc1,O=C(O)[C@@H]1CC[C@H](CN2C(=O)c3ccccc3C2=O)N1C(=O)OCc1ccccc1,100,Likely stable,,0,critical
CC(=O)NC[C@H]1CC[C@@H](C(=O)Nc2cccc(OC(F)(F)F)c2)N1C(=O)OCc1ccccc1,CCO,CC(=O)O,100,Likely stable,,95,low
CC(=O)NC[C@H]1CC[C@@H](C(=O)Nc2cccc(OC(F)(F)F)c2)N1C(=O)OCc1ccccc1,O=C(O)[C@@H]1CC[C@H](CN2C(=O)c3ccccc3C2=O)N1C(=O)OCc1ccccc1,O=C1NC(=O)c2ccccc21,100,Likely stable,,95,low
CC(=O)NC[C@H]1CC[C@@H](C(=O)Nc2cccc(OC(F)(F)F)c2)N1C(=O)OCc1ccccc1,O=C(O)[C@@H]1CC[C@H](CN2C(=O)c3ccccc3C2=O)N1C(=O)OCc1ccccc1,O=C(O)[C@@H]1CC[C@H](CO)N1C(=O)OCc1ccccc1,100,Likely stable,,95,low
CC(=O)NC[C@H]1CC[C@@H](C(=O)Nc2cccc(OC(F)(F)F)c2)N1C(=O)OCc1ccccc1,O=C(O)[C@@H]1CC[C@H](CO)N1C(=O)OCc1ccccc1,O=C(O)[C@H]1CC[C@@H](C(=O)O)N1C(=O)OCc1ccccc1,100,Likely stable,,95,low
CC(=O)NC[C@H]1CC[C@@H](C(=O)Nc2cccc(OC(F)(F)F)c2)N1C(=O)OCc1ccccc1,O=C(O)[C@H]1CC[C@@H](C(=O)O)N1C(=O)OCc1ccccc1,CCOC(=O)[C@H]1CC[C@@H](C(=O)O)N1C(=O)OCc1ccccc1,100,Likely stable,,90,low
CC(=O)NC[C@H]1CC[C@@H](C(=O)Nc2cccc(OC(F)(F)F)c2)N1C(=O)OCc1ccccc1,CCOC(=O)[C@H]1CC[C@@H](C(=O)O)N1C(=O)OCc1ccccc1,CCOC(=O)[C@H]1CC[C@@H](C(=O)OCC)N1C(=O)OCc1ccccc1,100,Likely stable,,90,low
CC(=O)NC[C@H]1CC[C@@H](C(=O)Nc2cccc(OC(F)(F)F)c2)N1C(=O)OCc1ccccc1,CCOC(=O)[C@H]1CC[C@@H](C(=O)OCC)N1C(=O)OCc1ccccc1,O=C(Cl)OCc1ccccc1,100,Likely stable,,95,low
CC(=O)NC[C@H]1CC[C@@H](C(=O)Nc2cccc(OC(F)(F)F)c2)N1C(=O)OCc1ccccc1,CCOC(=O)[C@H]1CC[C@@H](C(=O)OCC)N1C(=O)OCc1ccccc1,CCOC(=O)[C@@H]1CC[C@H](C(=O)OCC)N1,95,Likely stable,,95,low
CC(=O)NC[C@H]1CC[C@@H](C(=O)Nc2cccc(OC(F)(F)F)c2)N1C(=O)OCc1ccccc1,Nc1cccc(OC(F)(F)F)c1,O=[N+]([O-])c1cccc(OC(F)(F)F)c1,100,Likely stable,,90,low
O=C1C=C(N2CCNCC2)C(C2CCCCC2)CC1,O=C1C=C(N2CCNCC2)C(C2CCCCC2)CC1,O=C1C=C(Br)C(C2CCCCC2)CC1,100,Likely stable,,95,low
O=C1C=C(N2CCNCC2)C(C2CCCCC2)CC1,O=C1C=C(N2CCNCC2)C(C2CCCCC2)CC1,C1CNCCN1,95,Likely stable,,95,low
O=C1C=C(N2CCNCC2)C(C2CCCCC2)CC1,O=C1C=C(Br)C(C2CCCCC2)CC1,O=C1C=CC(C2CCCCC2)CC1,100,Likely stable,,90,low
O=C1C=C(N2CCNCC2)C(C2CCCCC2)CC1,O=C1C=CC(C2CCCCC2)CC1,O=C1CCC(C2CCCCC2)CC1,100,Likely stable,,100,low
FC(F)(F)Cn1ncnc1-c1cc2n(n1)-c1cc(C3CCNCC3)ccc1OCC2,FC(F)(F)Cn1ncnc1-c1cc2n(n1)-c1cc(C3CCNCC3)ccc1OCC2,FC(F)(F)Cn1ncnc1Br,100,Likely stable,,90,low
FC(F)(F)Cn1ncnc1-c1cc2n(n1)-c1cc(C3CCNCC3)ccc1OCC2,FC(F)(F)Cn1ncnc1-c1cc2n(n1)-c1cc(C3CCNCC3)ccc1OCC2,OB(O)c1cc2n(n1)-c1cc(C3CCNCC3)ccc1OCC2,,,,90,low
FC(F)(F)Cn1ncnc1-c1cc2n(n1)-c1cc(C3CCNCC3)ccc1OCC2,OB(O)c1cc2n(n1)-c1cc(C3CCNCC3)ccc1OCC2,OB(O)c1cc(CCBr)n[nH]1,,,,70,medium
FC(F)(F)Cn1ncnc1-c1cc2n(n1)-c1cc(C3CCNCC3)ccc1OCC2,OB(O)c1cc2n(n1)-c1cc(C3CCNCC3)ccc1OCC2,Nc1cc(C2CCNCC2)ccc1O,100,Likely stable,,70,medium
FC(F)(F)Cn1ncnc1-c1cc2n(n1)-c1cc(C3CCNCC3)ccc1OCC2,OB(O)c1cc(CCBr)n[nH]1,BrCCc1cc(Br)[nH]n1,100,Likely stable,,80,low
FC(F)(F)Cn1ncnc1-c1cc2n(n1)-c1cc(C3CCNCC3)ccc1OCC2,BrCCc1cc(Br)[nH]n1,BrCCc1cc[nH]n1,100,Likely stable,,30,high
FC(F)(F)Cn1ncnc1-c1cc2n(n1)-c1cc(C3CCNCC3)ccc1OCC2,BrCCc1cc(Br)[nH]n1,O=C1CCC(=O)N1Br,95,Likely stable,,30,high
FC(F)(F)Cn1ncnc1-c1cc2n(n1)-c1cc(C3CCNCC3)ccc1OCC2,BrCCc1cc[nH]n1,OCCc1cc[nH]n1,100,Likely stable,,30,high
FC(F)(F)Cn1ncnc1-c1cc2n(n1)-c1cc(C3CCNCC3)ccc1OCC2,BrCCc1cc[nH]n1,O=C1CCC(=O)N1Br,95,Likely stable,,30,high
FC(F)(F)Cn1ncnc1-c1cc2n(n1)-c1cc(C3CCNCC3)ccc1OCC2,Nc1cc(C2CCNCC2)ccc1O,Nc1cc(-c2ccncc2)ccc1O,100,Likely stable,,60,medium
FC(F)(F)Cn1ncnc1-c1cc2n(n1)-c1cc(C3CCNCC3)ccc1OCC2,Nc1cc(-c2ccncc2)ccc1O,COc1ccc(-c2ccncc2)cc1N,100,Likely stable,,95,low
COC(=O)[C@H]1CN(C(=O)OC(C)(C)C)CC[C@@H]1c1ccc(OCCOc2c(Cl)cc(C)cc2Cl)cc1,COC(=O)[C@H]1CN(C(=O)OC(C)(C)C)CC[C@@H]1c1ccc(OCCOc2c(Cl)cc(C)cc2Cl)cc1,Cc1cc(Cl)c(OCCO)c(Cl)c1,100,Likely stable,,95,low
COC(=O)[C@H]1CN(C(=O)OC(C)(C)C)CC[C@@H]1c1ccc(OCCOc2c(Cl)cc(C)cc2Cl)cc1,COC(=O)[C@H]1CN(C(=O)OC(C)(C)C)CC[C@@H]1c1ccc(OCCOc2c(Cl)cc(C)cc2Cl)cc1,COC(=O)[C@H]1CN(C(=O)OC(C)(C)C)CC[C@@H]1c1ccc(F)cc1,100,Likely stable,,95,low
COC(=O)[C@H]1CN(C(=O)OC(C)(C)C)CC[C@@H]1c1ccc(OCCOc2c(Cl)cc(C)cc2Cl)cc1,Cc1cc(Cl)c(OCCO)c(Cl)c1,O=C1OCCO1,95,Likely stable,,65,medium
COC(=O)[C@H]1CN(C(=O)OC(C)(C)C)CC[C@@H]1c1ccc(OCCOc2c(Cl)cc(C)cc2Cl)cc1,Cc1cc(Cl)c(OCCO)c(Cl)c1,Cc1cc(Cl)c(O)c(Cl)c1,100,Likely stable,,65,medium
COC(=O)[C@H]1CN(C(=O)OC(C)(C)C)CC[C@@H]1c1ccc(OCCOc2c(Cl)cc(C)cc2Cl)cc1,COC(=O)[C@H]1CN(C(=O)OC(C)(C)C)CC[C@@H]1c1ccc(F)cc1,CC(C)(C)OC(=O)OC(=O)OC(C)(C)C,100,Likely stable,,75,medium
COC(=O)[C@H]1CN(C(=O)OC(C)(C)C)CC[C@@H]1c1ccc(OCCOc2c(Cl)cc(C)cc2Cl)cc1,COC(=O)[C@H]1CN(C(=O)OC(C)(C)C)CC[C@@H]1c1ccc(F)cc1,COC(=O)[C@H]1CNCC[C@@H]1c1ccc(F)cc1,100,Likely stable,,75,medium
CCOC(=O)/C(N)=N/Nc1cc(Cl)ccc1[N+](=O)[O-],CCOC(=O)/C(N)=N/Nc1cc(Cl)ccc1[N+](=O)[O-],CCOC(=O)/C(N)=N/N,100,Likely stable,,35,high
CCOC(=O)/C(N)=N/Nc1cc(Cl)ccc1[N+](=O)[O-],CCOC(=O)/C(N)=N/Nc1cc(Cl)ccc1[N+](=O)[O-],O=[N+]([O-])c1ccc(Cl)cc1Cl,100,Likely stable,,35,high
COCCCc1cc(CN(C(=O)[C@H]2CN(C(=O)OC(C)(C)C)CC[C@@H]2c2ccc(OCCOc3c(Cl)cc(C)cc3Cl)cc2)C2CC2)cc(OC[C@@H]2C[C@H]2C(=O)Oc2ccc3c(c2)CCC3)c1,COCCCc1cc(CN(C(=O)[C@H]2CN(C(=O)OC(C)(C)C)CC[C@@H]2c2ccc(OCCOc3c(Cl)cc(C)cc3Cl)cc2)C2CC2)cc(OC[C@@H]2C[C@H]2C(=O)Oc2ccc3c(c2)CCC3)c1,COCCCc1cc(CN(C(=O)[C@H]2CN(C(=O)OC(C)(C)C)CC[C@@H]2c2ccc(OCCOc3c(Cl)cc(C)cc3Cl)cc2)C2CC2)cc(OC[C@@H]2C[C@H]2C(=O)O)c1,100,Likely stable,,95,low
COCCCc1cc(CN(C(=O)[C@H]2CN(C(=O)OC(C)(C)C)CC[C@@H]2c2ccc(OCCOc3c(Cl)cc(C)cc3Cl)cc2)C2CC2)cc(OC[C@@H]2C[C@H]2C(=O)Oc2ccc3c(c2)CCC3)c1,COCCCc1cc(CN(C(=O)[C@H]2CN(C(=O)OC(C)(C)C)CC[C@@H]2c2ccc(OCCOc3c(Cl)cc(C)cc3Cl)cc2)C2CC2)cc(OC[C@@H]2C[C@H]2C(=O)Oc2ccc3c(c2)CCC3)c1,Oc1ccc2c(c1)CCC2,100,Likely stable,,95,low
COCCCc1cc(CN(C(=O)[C@H]2CN(C(=O)OC(C)(C)C)CC[C@@H]2c2ccc(OCCOc3c(Cl)cc(C)cc3Cl)cc2)C2CC2)cc(OC[C@@H]2C[C@H]2C(=O)Oc2ccc3c(c2)CCC3)c1,COCCCc1cc(CN(C(=O)[C@H]2CN(C(=O)OC(C)(C)C)CC[C@@H]2c2ccc(OCCOc3c(Cl)cc(C)cc3Cl)cc2)C2CC2)cc(OC[C@@H]2C[C@H]2C(=O)O)c1,COCCCc1cc(CN(C(=O)[C@H]2CN(C(=O)OC(C)(C)C)CC[C@@H]2c2ccc(O)cc2)C2CC2)cc(OC[C@@H]2C[C@H]2C(=O)O)c1,100,Likely stable,,95,low
COCCCc1cc(CN(C(=O)[C@H]2CN(C(=O)OC(C)(C)C)CC[C@@H]2c2ccc(OCCOc3c(Cl)cc(C)cc3Cl)cc2)C2CC2)cc(OC[C@@H]2C[C@H]2C(=O)Oc2ccc3c(c2)CCC3)c1,COCCCc1cc(CN(C(=O)[C@H]2CN(C(=O)OC(C)(C)C)CC[C@@H]2c2ccc(OCCOc3c(Cl)cc(C)cc3Cl)cc2)C2CC2)cc(OC[C@@H]2C[C@H]2C(=O)O)c1,Cc1cc(Cl)c(OCCCl)c(Cl)c1,100,Likely stable,,95,low
COCCCc1cc(CN(C(=O)[C@H]2CN(C(=O)OC(C)(C)C)CC[C@@H]2c2ccc(OCCOc3c(Cl)cc(C)cc3Cl)cc2)C2CC2)cc(OC[C@@H]2C[C@H]2C(=O)Oc2ccc3c(c2)CCC3)c1,COCCCc1cc(CN(C(=O)[C@H]2CN(C(=O)OC(C)(C)C)CC[C@@H]2c2ccc(O)cc2)C2CC2)cc(OC[C@@H]2C[C@H]2C(=O)O)c1,COCCCc1cc(CNC2CC2)cc(OC[C@@H]2C[C@H]2C(=O)O)c1,100,Likely stable,,95,low
COCCCc1cc(CN(C(=O)[C@H]2CN(C(=O)OC(C)(C)C)CC[C@@H]2c2ccc(OCCOc3c(Cl)cc(C)cc3Cl)cc2)C2CC2)cc(OC[C@@H]2C[C@H]2C(=O)Oc2ccc3c(c2)CCC3)c1,COCCCc1cc(CN(C(=O)[C@H]2CN(C(=O)OC(C)(C)C)CC[C@@H]2c2ccc(O)cc2)C2CC2)cc(OC[C@@H]2C[C@H]2C(=O)O)c1,CC(C)(C)OC(=O)N1CC[C@H](c2ccc(O)cc2)[C@@H](C(=O)O)C1,,,,95,low
COCCCc1cc(CN(C(=O)[C@H]2CN(C(=O)OC(C)(C)C)CC[C@@H]2c2ccc(OCCOc3c(Cl)cc(C)cc3Cl)cc2)C2CC2)cc(OC[C@@H]2C[C@H]2C(=O)Oc2ccc3c(c2)CCC3)c1,COCCCc1cc(CNC2CC2)cc(OC[C@@H]2C[C@H]2C(=O)O)c1,O=C(O)[C@@H]1C[C@H]1CO,100,Likely stable,,95,low
COCCCc1cc(CN(C(=O)[C@H]2CN(C(=O)OC(C)(C)C)CC[C@@H]2c2ccc(OCCOc3c(Cl)cc(C)cc3Cl)cc2)C2CC2)cc(OC[C@@H]2C[C@H]2C(=O)Oc2ccc3c(c2)CCC3)c1,COCCCc1cc(CNC2CC2)cc(OC[C@@H]2C[C@H]2C(=O)O)c1,COCCCc1cc(F)cc(CNC2CC2)c1,100,Likely stable,,95,low
COCCCc1cc(CN(C(=O)[C@H]2CN(C(=O)OC(C)(C)C)CC[C@@H]2c2ccc(OCCOc3c(Cl)cc(C)cc3Cl)cc2)C2CC2)cc(OC[C@@H]2C[C@H]2C(=O)Oc2ccc3c(c2)CCC3)c1,O=C(O)[C@@H]1C[C@H]1CO,O=C[C@@H]1C[C@H]1C(=O)O,100,Likely stable,,100,low
COCCCc1cc(CN(C(=O)[C@H]2CN(C(=O)OC(C)(C)C)CC[C@@H]2c2ccc(OCCOc3c(Cl)cc(C)cc3Cl)cc2)C2CC2)cc(OC[C@@H]2C[C@H]2C(=O)Oc2ccc3c(c2)CCC3)c1,O=C[C@@H]1C[C@H]1C(=O)O,CON(C)C(=O)[C@@H]1C[C@H]1C(=O)O,100,Likely stable,,90,low
COCCCc1cc(CN(C(=O)[C@H]2CN(C(=O)OC(C)(C)C)CC[C@@H]2c2ccc(OCCOc3c(Cl)cc(C)cc3Cl)cc2)C2CC2)cc(OC[C@@H]2C[C@H]2C(=O)Oc2ccc3c(c2)CCC3)c1,COCCCc1cc(F)cc(CNC2CC2)c1,O=C1CC1,100,Likely stable,,95,low
COCCCc1cc(CN(C(=O)[C@H]2CN(C(=O)OC(C)(C)C)CC[C@@H]2c2ccc(OCCOc3c(Cl)cc(C)cc3Cl)cc2)C2CC2)cc(OC[C@@H]2C[C@H]2C(=O)Oc2ccc3c(c2)CCC3)c1,COCCCc1cc(F)cc(CNC2CC2)c1,COCCCc1cc(F)cc(CN)c1,100,Likely stable,,95,low
COCCCc1cc(CN(C(=O)[C@H]2CN(C(=O)OC(C)(C)C)CC[C@@H]2c2ccc(OCCOc3c(Cl)cc(C)cc3Cl)cc2)C2CC2)cc(OC[C@@H]2C[C@H]2C(=O)Oc2ccc3c(c2)CCC3)c1,O=C1CC1,OC1CC1,100,Likely stable,,100,low
COCCCc1cc(CN(C(=O)[C@H]2CN(C(=O)OC(C)(C)C)CC[C@@H]2c2ccc(OCCOc3c(Cl)cc(C)cc3Cl)cc2)C2CC2)cc(OC[C@@H]2C[C@H]2C(=O)Oc2ccc3c(c2)CCC3)c1,COCCCc1cc(F)cc(CN)c1,COCCCc1cc(F)cc(CNC(=O)OC(C)(C)C)c1,100,Likely stable,,75,medium
COCCCc1cc(CN(C(=O)[C@H]2CN(C(=O)OC(C)(C)C)CC[C@@H]2c2ccc(OCCOc3c(Cl)cc(C)cc3Cl)cc2)C2CC2)cc(OC[C@@H]2C[C@H]2C(=O)Oc2ccc3c(c2)CCC3)c1,COCCCc1cc(F)cc(CNC(=O)OC(C)(C)C)c1,COCCCc1cc(F)cc(C#N)c1,70,Moderately stable,Contains carbene (highly reactive intermediate),75,medium
COCCCc1cc(CN(C(=O)[C@H]2CN(C(=O)OC(C)(C)C)CC[C@@H]2c2ccc(OCCOc3c(Cl)cc(C)cc3Cl)cc2)C2CC2)cc(OC[C@@H]2C[C@H]2C(=O)Oc2ccc3c(c2)CCC3)c1,COCCCc1cc(F)cc(CNC(=O)OC(C)(C)C)c1,CC(C)(C)OC(=O)OC(=O)OC(C)(C)C,100,Likely stable,,75,medium
COCCCc1cc(CN(C(=O)[C@H]2CN(C(=O)OC(C)(C)C)CC[C@@H]2c2ccc(OCCOc3c(Cl)cc(C)cc3Cl)cc2)C2CC2)cc(OC[C@@H]2C[C@H]2C(=O)Oc2ccc3c(c2)CCC3)c1,CC(C)(C)OC(=O)N1CC[C@H](c2ccc(O)cc2)[C@@H](C(=O)O)C1,O=C(O)[C@H]1CNCC[C@@H]1c1ccc(O)cc1,100,Likely stable,,75,medium
COCCCc1cc(CN(C(=O)[C@H]2CN(C(=O)OC(C)(C)C)CC[C@@H]2c2ccc(OCCOc3c(Cl)cc(C)cc3Cl)cc2)C2CC2)cc(OC[C@@H]2C[C@H]2C(=O)Oc2ccc3c(c2)CCC3)c1,CC(C)(C)OC(=O)N1CC[C@H](c2ccc(O)cc2)[C@@H](C(=O)O)C1,CC(C)(C)OC(=O)OC(=O)OC(C)(C)C,100,Likely stable,,75,medium
COCCCc1cc(CN(C(=O)[C@H]2CN(C(=O)OC(C)(C)C)CC[C@@H]2c2ccc(OCCOc3c(Cl)cc(C)cc3Cl)cc2)C2CC2)cc(OC[C@@H]2C[C@H]2C(=O)Oc2ccc3c(c2)CCC3)c1,O=C(O)[C@H]1CNCC[C@@H]1c1ccc(O)cc1,OC[C@H]1CNCC[C@@H]1c1ccc(O)cc1,100,Likely stable,,90,low
COCCCc1cc(CN(C(=O)[C@H]2CN(C(=O)OC(C)(C)C)CC[C@@H]2c2ccc(OCCOc3c(Cl)cc(C)cc3Cl)cc2)C2CC2)cc(OC[C@@H]2C[C@H]2C(=O)Oc2ccc3c(c2)CCC3)c1,OC[C@H]1CNCC[C@@H]1c1ccc(O)cc1,O=CC[C@H](CCNC[C@H](O)C=O)c1ccc(O)cc1,,,,40,medium
COCCCc1cc(CN(C(=O)[C@H]2CN(C(=O)OC(C)(C)C)CC[C@@H]2c2ccc(OCCOc3c(Cl)cc(C)cc3Cl)cc2)C2CC2)cc(OC[C@@H]2C[C@H]2C(=O)Oc2ccc3c(c2)CCC3)c1,O=CC[C@H](CCNC[C@H](O)C=O)c1ccc(O)cc1,O=CCC(CC=O)c1ccc(O)cc1,,,,95,low
COCCCc1cc(CN(C(=O)[C@H]2CN(C(=O)OC(C)(C)C)CC[C@@H]2c2ccc(OCCOc3c(Cl)cc(C)cc3Cl)cc2)C2CC2)cc(OC[C@@H]2C[C@H]2C(=O)Oc2ccc3c(c2)CCC3)c1,O=CC[C@H](CCNC[C@H](O)C=O)c1ccc(O)cc1,NC[C@H](O)C=O,100,Likely stable,,95,low
COCCCc1cc(CN(C(=O)[C@H]2CN(C(=O)OC(C)(C)C)CC[C@@H]2c2ccc(OCCOc3c(Cl)cc(C)cc3Cl)cc2)C2CC2)cc(OC[C@@H]2C[C@H]2C(=O)Oc2ccc3c(c2)CCC3)c1,O=CCC(CC=O)c1ccc(O)cc1,OCCC(CCO)c1ccc(O)cc1,,,,100,low
COCCCc1cc(CN(C(=O)[C@H]2CN(C(=O)OC(C)(C)C)CC[C@@H]2c2ccc(OCCOc3c(Cl)cc(C)cc3Cl)cc2)C2CC2)cc(OC[C@@H]2C[C@H]2C(=O)Oc2ccc3c(c2)CCC3)c1,OCCC(CCO)c1ccc(O)cc1,C=Cc1ccc(O)cc1,100,Likely stable,,60,medium
COCCCc1cc(CN(C(=O)[C@H]2CN(C(=O)OC(C)(C)C)CC[C@@H]2c2ccc(OCCOc3c(Cl)cc(C)cc3Cl)cc2)C2CC2)cc(OC[C@@H]2C[C@H]2C(=O)Oc2ccc3c(c2)CCC3)c1,OCCC(CCO)c1ccc(O)cc1,C1CO1,80,Likely stable,Three-membered heterocycle (potentially unstable),60,medium
COCCCc1cc(CN(C(=O)[C@H]2CN(C(=O)OC(C)(C)C)CC[C@@H]2c2ccc(OCCOc3c(Cl)cc(C)cc3Cl)cc2)C2CC2)cc(OC[C@@H]2C[C@H]2C(=O)Oc2ccc3c(c2)CCC3)c1,C=Cc1ccc(O)cc1,C=Cc1ccc(OC)cc1,100,Likely stable,,95,low
COCCCc1cc(CN(C(=O)[C@H]2CN(C(=O)OC(C)(C)C)CC[C@@H]2c2ccc(OCCOc3c(Cl)cc(C)cc3Cl)cc2)C2CC2)cc(OC[C@@H]2C[C@H]2C(=O)Oc2ccc3c(c2)CCC3)c1,CC(C)(C)OC(=O)OC(=O)OC(C)(C)C,C=C(C)C,100,Likely stable,,95,low
COCCCc1cc(CN(C(=O)[C@H]2CN(C(=O)OC(C)(C)C)CC[C@@H]2c2ccc(OCCOc3c(Cl)cc(C)cc3Cl)cc2)C2CC2)cc(OC[C@@H]2C[C@H]2C(=O)Oc2ccc3c(c2)CCC3)c1,CC(C)(C)OC(=O)OC(=O)OC(C)(C)C,CC(C)(C)OC(=O)OC(=O)O,100,Likely stable,,95,low
COCCCc1cc(CN(C(=O)[C@H]2CN(C(=O)OC(C)(C)C)CC[C@@H]2c2ccc(OCCOc3c(Cl)cc(C)cc3Cl)cc2)C2CC2)cc(OC[C@@H]2C[C@H]2C(=O)Oc2ccc3c(c2)CCC3)c1,CC(C)(C)OC(=O)OC(=O)O,C=C(C)C,100,Likely stable,,95,low
COCCCc1cc(CN(C(=O)[C@H]2CN(C(=O)OC(C)(C)C)CC[C@@H]2c2ccc(OCCOc3c(Cl)cc(C)cc3Cl)cc2)C2CC2)cc(OC[C@@H]2C[C@H]2C(=O)Oc2ccc3c(c2)CCC3)c1,CC(C)(C)OC(=O)OC(=O)O,O=C(O)OC(=O)O,100,Likely stable,,95,low
COCCCc1cc(CN(C(=O)[C@H]2CN(C(=O)OC(C)(C)C)CC[C@@H]2c2ccc(OCCOc3c(Cl)cc(C)cc3Cl)cc2)C2CC2)cc(OC[C@@H]2C[C@H]2C(=O)Oc2ccc3c(c2)CCC3)c1,Cc1cc(Cl)c(OCCCl)c(Cl)c1,ClCCBr,100,Likely stable,,95,low
COCCCc1cc(CN(C(=O)[C@H]2CN(C(=O)OC(C)(C)C)CC[C@@H]2c2ccc(OCCOc3c(Cl)cc(C)cc3Cl)cc2)C2CC2)cc(OC[C@@H]2C[C@H]2C(=O)Oc2ccc3c(c2)CCC3)c1,Cc1cc(Cl)c(OCCCl)c(Cl)c1,Cc1cc(Cl)c(O)c(Cl)c1,100,Likely stable,,95,low
COCCCc1cc(CN(C(=O)[C@H]2CN(C(=O)OC(C)(C)C)CC[C@@H]2c2ccc(OCCOc3c(Cl)cc(C)cc3Cl)cc2)C2CC2)cc(OC[C@@H]2C[C@H]2C(=O)Oc2ccc3c(c2)CCC3)c1,Oc1ccc2c(c1)CCC2,COc1ccc2c(c1)CCC2,100,Likely stable,,95,low
ClCc1ccc2c(c1)Nc1nccnc1S2,ClCc1ccc2c(c1)Nc1nccnc1S2,O=S(Cl)Cl,100,Likely stable,,90,low
ClCc1ccc2c(c1)Nc1nccnc1S2,ClCc1ccc2c(c1)Nc1nccnc1S2,OCc1ccc2c(c1)Nc1nccnc1S2,100,Likely stable,,90,low
CCOC(=O)c1cc2c(F)cccc2nc1[C@H](C)NC(=O)OC(C)(C)C,CCOC(=O)c1cc2c(F)cccc2nc1[C@H](C)NC(=O)OC(C)(C)C,Nc1cccc(F)c1C=O,100,Likely stable,,0,critical
CCOC(=O)c1cc2c(F)cccc2nc1[C@H](C)NC(=O)OC(C)(C)C,CCOC(=O)c1cc2c(F)cccc2nc1[C@H](C)NC(=O)OC(C)(C)C,CCOC(=O)CC(=O)[C@H](C)NC(=O)OC(C)(C)C,100,Likely stable,,0,critical
CCOC(=O)c1cc2c(F)cccc2nc1[C@H](C)NC(=O)OC(C)(C)C,CCOC(=O)CC(=O)[C@H](C)NC(=O)OC(C)(C)C,CCOC(=O)CC(=O)O,100,Likely stable,,85,low
CCOC(=O)c1cc2c(F)cccc2nc1[C@H](C)NC(=O)OC(C)(C)C,CCOC(=O)CC(=O)[C@H](C)NC(=O)OC(C)(C)C,C[C@H](NC(=O)OC(C)(C)C)C(=O)O,100,Likely stable,,85,low
Cn1nccc1[C@]1(O)CCCC[C@H]1O,Cn1nccc1[C@]1(O)CCCC[C@H]1O,Cn1nccc1Br,100,Likely stable,,95,low
Cn1nccc1[C@]1(O)CCCC[C@H]1O,Cn1nccc1[C@]1(O)CCCC[C@H]1O,O=C1CCCC[C@H]1O,100,Likely stable,,95,low
Cn1nccc1[C@]1(O)CCCC[C@H]1O,O=C1CCCC[C@H]1O,COC1(OC)CCCC[C@H]1O,100,Likely stable,,90,low
CC1=NC2(N=C1N)c1cc(-c3cc(Cl)cc(C#N)c3)ccc1CCC21CC1,CC1=NC2(N=C1N)c1cc(-c3cc(Cl)cc(C#N)c3)ccc1CCC21CC1,CC1=NC2(N=C1N)c1cc(Br)ccc1CCC21CC1,100,Likely stable,,90,low
CC1=NC2(N=C1N)c1cc(-c3cc(Cl)cc(C#N)c3)ccc1CCC21CC1,CC1=NC2(N=C1N)c1cc(-c3cc(Cl)cc(C#N)c3)ccc1CCC21CC1,N#Cc1cc(Cl)cc(B(O)O)c1,70,Moderately stable,Contains carbene (highly reactive intermediate),90,low
CC1=NC2(N=C1N)c1cc(-c3cc(Cl)cc(C#N)c3)ccc1CCC21CC1,CC1=NC2(N=C1N)c1cc(Br)ccc1CCC21CC1,CC1=NC2(N=C1N)c1ccccc1CCC21CC1,100,Likely stable,,95,low
CC1=NC2(N=C1N)c1cc(-c3cc(Cl)cc(C#N)c3)ccc1CCC21CC1,CC1=NC2(N=C1N)c1cc(Br)ccc1CCC21CC1,NBS,100,Likely stable,,95,low
CC1=NC2(N=C1N)c1cc(-c3cc(Cl)cc(C#N)c3)ccc1CCC21CC1,CC1=NC2(N=C1N)c1ccccc1CCC21CC1,CC1=NC2(CC=Cc3ccccc32)N=C1N,,,,50,medium
CC1=NC2(N=C1N)c1cc(-c3cc(Cl)cc(C#N)c3)ccc1CCC21CC1,CC1=NC2(CC=Cc3ccccc32)N=C1N,CC1=NC(=N)N=C1N,95,Likely stable,,45,medium
CC1=NC2(N=C1N)c1cc(-c3cc(Cl)cc(C#N)c3)ccc1CCC21CC1,CC1=NC2(CC=Cc3ccccc32)N=C1N,C=Cc1ccccc1C=O,100,Likely stable,,45,medium
CC1=NC2(N=C1N)c1cc(-c3cc(Cl)cc(C#N)c3)ccc1CCC21CC1,C=Cc1ccccc1C=O,C=Cc1ccccc1CO,100,Likely stable,,100,low
CC1=NC2(N=C1N)c1cc(-c3cc(Cl)cc(C#N)c3)ccc1CCC21CC1,N#Cc1cc(Cl)cc(B(O)O)c1,NC(=O)c1cc(Cl)cc(B(O)O)c1,100,Likely stable,,95,low
CCC/C=C/[C@H]1CC[C@H](C(CO)CO)CC1,CCC/C=C/[C@H]1CC[C@H](C(CO)CO)CC1,CCC/C=C/[C@H]1CC[C@H](C=O)CC1,100,Likely stable,,75,medium
CCC/C=C/[C@H]1CC[C@H](C(CO)CO)CC1,CCC/C=C/[C@H]1CC[C@H](C=O)CC1,CCC/C=C/[C@H]1CC[C@H](CO)CC1,100,Likely stable,,100,low
CCC/C=C/[C@H]1CC[C@H](C(CO)CO)CC1,CCC/C=C/[C@H]1CC[C@H](CO)CC1,O=C[C@H]1CC[C@H](CO)CC1,100,Likely stable,,0,critical
CCC/C=C/[C@H]1CC[C@H](C(CO)CO)CC1,CCC/C=C/[C@H]1CC[C@H](CO)CC1,CCCCS(=O)(=O)c1nnnn1-c1ccccc1,100,Likely stable,,0,critical
CCC/C=C/[C@H]1CC[C@H](C(CO)CO)CC1,CCCCS(=O)(=O)c1nnnn1-c1ccccc1,O=C(OO)c1cccc(Cl)c1,100,Likely stable,,0,critical
CCC/C=C/[C@H]1CC[C@H](C(CO)CO)CC1,CCCCS(=O)(=O)c1nnnn1-c1ccccc1,CCCCSc1nnnn1-c1ccccc1,100,Likely stable,,0,critical
CCC/C=C/[C@H]1CC[C@H](C(CO)CO)CC1,CCCCSc1nnnn1-c1ccccc1,CCCCO,100,Likely stable,,95,low
CCC/C=C/[C@H]1CC[C@H](C(CO)CO)CC1,CCCCSc1nnnn1-c1ccccc1,Sc1nnnn1-c1ccccc1,100,Likely stable,,95,low
COCCCc1cc(CN(C(=O)[C@H]2CN(C(=O)OC(C)(C)C)CC[C@@H]2c2ccc(OCCOc3c(Cl)cc(C)cc3Cl)cc2)C2CC2)cc(OCC(C)(C)O)c1,COCCCc1cc(CN(C(=O)[C@H]2CN(C(=O)OC(C)(C)C)CC[C@@H]2c2ccc(OCCOc3c(Cl)cc(C)cc3Cl)cc2)C2CC2)cc(OCC(C)(C)O)c1,Cc1cc(Cl)c(OCCOc2ccc([C@H]3CCN(C(=O)OC(C)(C)C)C[C@H]3C(=O)O)cc2)c(Cl)c1,,,,95,low
COCCCc1cc(CN(C(=O)[C@H]2CN(C(=O)OC(C)(C)C)CC[C@@H]2c2ccc(OCCOc3c(Cl)cc(C)cc3Cl)cc2)C2CC2)cc(OCC(C)(C)O)c1,COCCCc1cc(CN(C(=O)[C@H]2CN(C(=O)OC(C)(C)C)CC[C@@H]2c2ccc(OCCOc3c(Cl)cc(C)cc3Cl)cc2)C2CC2)cc(OCC(C)(C)O)c1,COCCCc1cc(CNC2CC2)cc(OCC(C)(C)O)c1,100,Likely stable,,95,low
COCCCc1cc(CN(C(=O)[C@H]2CN(C(=O)OC(C)(C)C)CC[C@@H]2c2ccc(OCCOc3c(Cl)cc(C)cc3Cl)cc2)C2CC2)cc(OCC(C)(C)O)c1,Cc1cc(Cl)c(OCCOc2ccc([C@H]3CCN(C(=O)OC(C)(C)C)C[C@H]3C(=O)O)cc2)c(Cl)c1,CC(C)(C)OC(=O)N1CC[C@H](c2ccc(O)cc2)[C@H](C(=O)O)C1,,,,95,low
COCCCc1cc(CN(C(=O)[C@H]2CN(C(=O)OC(C)(C)C)CC[C@@H]2c2ccc(OCCOc3c(Cl)cc(C)cc3Cl)cc2)C2CC2)cc(OCC(C)(C)O)c1,Cc1cc(Cl)c(OCCOc2ccc([C@H]3CCN(C(=O)OC(C)(C)C)C[C@H]3C(=O)O)cc2)c(Cl)c1,Cc1cc(Cl)c(OCCCl)c(Cl)c1,100,Likely stable,,95,low
COCCCc1cc(CN(C(=O)[C@H]2CN(C(=O)OC(C)(C)C)CC[C@@H]2c2ccc(OCCOc3c(Cl)cc(C)cc3Cl)cc2)C2CC2)cc(OCC(C)(C)O)c1,CC(C)(C)OC(=O)N1CC[C@H](c2ccc(O)cc2)[C@H](C(=O)O)C1,O=C(O)[C@@H]1CNCC[C@H]1c1ccc(O)cc1,,,,75,medium
COCCCc1cc(CN(C(=O)[C@H]2CN(C(=O)OC(C)(C)C)CC[C@@H]2c2ccc(OCCOc3c(Cl)cc(C)cc3Cl)cc2)C2CC2)cc(OCC(C)(C)O)c1,CC(C)(C)OC(=O)N1CC[C@H](c2ccc(O)cc2)[C@H](C(=O)O)C1,CC(C)(C)OC(=O)OC(=O)OC(C)(C)C,100,Likely stable,,75,medium
COCCCc1cc(CN(C(=O)[C@H]2CN(C(=O)OC(C)(C)C)CC[C@@H]2c2ccc(OCCOc3c(Cl)cc(C)cc3Cl)cc2)C2CC2)cc(OCC(C)(C)O)c1,O=C(O)[C@@H]1CNCC[C@H]1c1ccc(O)cc1,N#C[C@@H]1CNCC[C@H]1c1ccc(O)cc1,,,,85,low
COCCCc1cc(CN(C(=O)[C@H]2CN(C(=O)OC(C)(C)C)CC[C@@H]2c2ccc(OCCOc3c(Cl)cc(C)cc3Cl)cc2)C2CC2)cc(OCC(C)(C)O)c1,N#C[C@@H]1CNCC[C@H]1c1ccc(O)cc1,Oc1ccc([C@@H]2CCNC[C@H]2Br)cc1,,,,95,low
COCCCc1cc(CN(C(=O)[C@H]2CN(C(=O)OC(C)(C)C)CC[C@@H]2c2ccc(OCCOc3c(Cl)cc(C)cc3Cl)cc2)C2CC2)cc(OCC(C)(C)O)c1,N#C[C@@H]1CNCC[C@H]1c1ccc(O)cc1,C#N,100,Likely stable,,95,low
COCCCc1cc(CN(C(=O)[C@H]2CN(C(=O)OC(C)(C)C)CC[C@@H]2c2ccc(OCCOc3c(Cl)cc(C)cc3Cl)cc2)C2CC2)cc(OCC(C)(C)O)c1,Oc1ccc([C@@H]2CCNC[C@H]2Br)cc1,Oc1ccc([C@H]2CCCNC2)cc1,100,Likely stable,,90,low
COCCCc1cc(CN(C(=O)[C@H]2CN(C(=O)OC(C)(C)C)CC[C@@H]2c2ccc(OCCOc3c(Cl)cc(C)cc3Cl)cc2)C2CC2)cc(OCC(C)(C)O)c1,Oc1ccc([C@H]2CCCNC2)cc1,COc1ccc([C@H]2CCCNC2)cc1,100,Likely stable,,95,low
COCCCc1cc(CN(C(=O)[C@H]2CN(C(=O)OC(C)(C)C)CC[C@@H]2c2ccc(OCCOc3c(Cl)cc(C)cc3Cl)cc2)C2CC2)cc(OCC(C)(C)O)c1,CC(C)(C)OC(=O)OC(=O)OC(C)(C)C,C=C(C)C,100,Likely stable,,95,low
COCCCc1cc(CN(C(=O)[C@H]2CN(C(=O)OC(C)(C)C)CC[C@@H]2c2ccc(OCCOc3c(Cl)cc(C)cc3Cl)cc2)C2CC2)cc(OCC(C)(C)O)c1,CC(C)(C)OC(=O)OC(=O)OC(C)(C)C,CC(C)(C)OC(=O)OC(=O)O,100,Likely stable,,95,low
COCCCc1cc(CN(C(=O)[C@H]2CN(C(=O)OC(C)(C)C)CC[C@@H]2c2ccc(OCCOc3c(Cl)cc(C)cc3Cl)cc2)C2CC2)cc(OCC(C)(C)O)c1,CC(C)(C)OC(=O)OC(=O)O,C=C(C)C,100,Likely stable,,95,low
COCCCc1cc(CN(C(=O)[C@H]2CN(C(=O)OC(C)(C)C)CC[C@@H]2c2ccc(OCCOc3c(Cl)cc(C)cc3Cl)cc2)C2CC2)cc(OCC(C)(C)O)c1,CC(C)(C)OC(=O)OC(=O)O,O=C(O)OC(=O)O,100,Likely stable,,95,low
COCCCc1cc(CN(C(=O)[C@H]2CN(C(=O)OC(C)(C)C)CC[C@@H]2c2ccc(OCCOc3c(Cl)cc(C)cc3Cl)cc2)C2CC2)cc(OCC(C)(C)O)c1,Cc1cc(Cl)c(OCCCl)c(Cl)c1,ClCCBr,100,Likely stable,,95,low
COCCCc1cc(CN(C(=O)[C@H]2CN(C(=O)OC(C)(C)C)CC[C@@H]2c2ccc(OCCOc3c(Cl)cc(C)cc3Cl)cc2)C2CC2)cc(OCC(C)(C)O)c1,Cc1cc(Cl)c(OCCCl)c(Cl)c1,Cc1cc(Cl)c(O)c(Cl)c1,100,Likely stable,,95,low
COCCCc1cc(CN(C(=O)[C@H]2CN(C(=O)OC(C)(C)C)CC[C@@H]2c2ccc(OCCOc3c(Cl)cc(C)cc3Cl)cc2)C2CC2)cc(OCC(C)(C)O)c1,COCCCc1cc(CNC2CC2)cc(OCC(C)(C)O)c1,COC/C=C/c1cc(CNC2CC2)cc(OCC(C)(C)O)c1,100,Likely stable,,100,low
COCCCc1cc(CN(C(=O)[C@H]2CN(C(=O)OC(C)(C)C)CC[C@@H]2c2ccc(OCCOc3c(Cl)cc(C)cc3Cl)cc2)C2CC2)cc(OCC(C)(C)O)c1,COC/C=C/c1cc(CNC2CC2)cc(OCC(C)(C)O)c1,NC1CC1,100,Likely stable,,95,low
COCCCc1cc(CN(C(=O)[C@H]2CN(C(=O)OC(C)(C)C)CC[C@@H]2c2ccc(OCCOc3c(Cl)cc(C)cc3Cl)cc2)C2CC2)cc(OCC(C)(C)O)c1,COC/C=C/c1cc(CNC2CC2)cc(OCC(C)(C)O)c1,COC/C=C/c1cc(C=O)cc(OCC(C)(C)O)c1,100,Likely stable,,95,low
COCCCc1cc(CN(C(=O)[C@H]2CN(C(=O)OC(C)(C)C)CC[C@@H]2c2ccc(OCCOc3c(Cl)cc(C)cc3Cl)cc2)C2CC2)cc(OCC(C)(C)O)c1,COC/C=C/c1cc(C=O)cc(OCC(C)(C)O)c1,COC/C=C/c1cc(CO)cc(OCC(C)(C)O)c1,100,Likely stable,,100,low
COCCCc1cc(CN(C(=O)[C@H]2CN(C(=O)OC(C)(C)C)CC[C@@H]2c2ccc(OCCOc3c(Cl)cc(C)cc3Cl)cc2)C2CC2)cc(OCC(C)(C)O)c1,COC/C=C/c1cc(CO)cc(OCC(C)(C)O)c1,COC/C=C/c1cc(OCC(C)(C)O)cc(C(=O)OC)c1,100,Likely stable,,95,low
COCCCc1cc(CN(C(=O)[C@H]2CN(C(=O)OC(C)(C)C)CC[C@@H]2c2ccc(OCCOc3c(Cl)cc(C)cc3Cl)cc2)C2CC2)cc(OCC(C)(C)O)c1,COC/C=C/c1cc(OCC(C)(C)O)cc(C(=O)OC)c1,COC/C=C/B1OC(C)(C)C(C)(C)O1,95,Likely stable,,45,medium
COCCCc1cc(CN(C(=O)[C@H]2CN(C(=O)OC(C)(C)C)CC[C@@H]2c2ccc(OCCOc3c(Cl)cc(C)cc3Cl)cc2)C2CC2)cc(OCC(C)(C)O)c1,COC/C=C/c1cc(OCC(C)(C)O)cc(C(=O)OC)c1,COC(=O)c1cc(Br)cc(OCC(C)(C)O)c1,100,Likely stable,,45,medium
COCCCc1cc(CN(C(=O)[C@H]2CN(C(=O)OC(C)(C)C)CC[C@@H]2c2ccc(OCCOc3c(Cl)cc(C)cc3Cl)cc2)C2CC2)cc(OCC(C)(C)O)c1,COC(=O)c1cc(Br)cc(OCC(C)(C)O)c1,CC(C)(O)CO,100,Likely stable,,95,low
COCCCc1cc(CN(C(=O)[C@H]2CN(C(=O)OC(C)(C)C)CC[C@@H]2c2ccc(OCCOc3c(Cl)cc(C)cc3Cl)cc2)C2CC2)cc(OCC(C)(C)O)c1,COC(=O)c1cc(Br)cc(OCC(C)(C)O)c1,COC(=O)c1cc(O)cc(Br)c1,100,Likely stable,,95,low
C=CCC1C=C(C)CC(C)CC(OC)C2OC(O)(C(=O)C(=O)N3CCCCC3C(=O)OC(C(C)=CC3CCC(O)C(OC)C3)C(C)C=CC1O)C(C)CC2OC,C=CCC1C=C(C)CC(C)CC(OC)C2OC(O)(C(=O)C(=O)N3CCCCC3C(=O)OC(C(C)=CC3CCC(O)C(OC)C3)C(C)C=CC1O)C(C)CC2OC,C=CCC1C=C(C)CC(C)CC(OC)C2OC(C(=O)C(=O)N3CCCCC3C(=O)OC(C(C)=CC3CCC(O)C(OC)C3)C(C)C=CC1O)C(C)CC2OC,50,Moderately stable,"Large (21-membered) heterocycle with O, N (potentially unstable); Very large heterocycle with multiple heteroatoms (significant stability concern)",95,low
C=CCC1C=C(C)CC(C)CC(OC)C2OC(O)(C(=O)C(=O)N3CCCCC3C(=O)OC(C(C)=CC3CCC(O)C(OC)C3)C(C)C=CC1O)C(C)CC2OC,C=CCC1C=C(C)CC(C)CC(OC)C2OC(O)(C(=O)C(=O)N3CCCCC3C(=O)OC(C(C)=CC3CCC(O)C(OC)C3)C(C)C=CC1O)C(C)CC2OC,O,100,Likely stable,,95,low
C=CCC1C=C(C)CC(C)CC(OC)C2OC(O)(C(=O)C(=O)N3CCCCC3C(=O)OC(C(C)=CC3CCC(O)C(OC)C3)C(C)C=CC1O)C(C)CC2OC,C=CCC1C=C(C)CC(C)CC(OC)C2OC(C(=O)C(=O)N3CCCCC3C(=O)OC(C(C)=CC3CCC(O)C(OC)C3)C(C)C=CC1O)C(C)CC2OC,C=CCC1C=C(C)CC(C)CC(OC)C2OC(C(C)CC2OC)C(O)C(=O)N2CCCCC2C(=O)OC(C(C)=CC2CCC(O)C(OC)C2)C(C)C=CC1O,,,,100,low
C=CCC1C=C(C)CC(C)CC(OC)C2OC(O)(C(=O)C(=O)N3CCCCC3C(=O)OC(C(C)=CC3CCC(O)C(OC)C3)C(C)C=CC1O)C(C)CC2OC,C=CCC1C=C(C)CC(C)CC(OC)C2OC(C(C)CC2OC)C(O)C(=O)N2CCCCC2C(=O)OC(C(C)=CC2CCC(O)C(OC)C2)C(C)C=CC1O,COC1CC(C=C(C)C2OC(=O)C3CCCCN3C(=O)C(O)C3OC(C(OC)CC(C)CC(C)=CC(C)C(O)C=CC2C)C(OC)CC3C)CCC1O,,,,95,low
C=CCC1C=C(C)CC(C)CC(OC)C2OC(O)(C(=O)C(=O)N3CCCCC3C(=O)OC(C(C)=CC3CCC(O)C(OC)C3)C(C)C=CC1O)C(C)CC2OC,C=CCC1C=C(C)CC(C)CC(OC)C2OC(C(C)CC2OC)C(O)C(=O)N2CCCCC2C(=O)OC(C(C)=CC2CCC(O)C(OC)C2)C(C)C=CC1O,C=C,100,Likely stable,,95,low
C=CCC1C=C(C)CC(C)CC(OC)C2OC(O)(C(=O)C(=O)N3CCCCC3C(=O)OC(C(C)=CC3CCC(O)C(OC)C3)C(C)C=CC1O)C(C)CC2OC,COC1CC(C=C(C)C2OC(=O)C3CCCCN3C(=O)C(O)C3OC(C(OC)CC(C)CC(C)=CC(C)C(O)C=CC2C)C(OC)CC3C)CCC1O,COC1CC(C=C(C)C2OC(=O)C3CCCCN3C(=O)C(O)C3OC(C(O)CC3C)C(OC)CC(C)CC(C)=CC(C)C(O)C=CC2C)CCC1O,,,,90,low
C=CCC1C=C(C)CC(C)CC(OC)C2OC(O)(C(=O)C(=O)N3CCCCC3C(=O)OC(C(C)=CC3CCC(O)C(OC)C3)C(C)C=CC1O)C(C)CC2OC,COC1CC(C=C(C)C2OC(=O)C3CCCCN3C(=O)C(O)C3OC(C(O)CC3C)C(OC)CC(C)CC(C)=CC(C)C(O)C=CC2C)CCC1O,COC1CC(C=C(C)C2OC(=O)C3CCCCN3C(=O)C(O)C3OC(C(O)CC(C)CC(C)=CC(C)C(O)C=CC2C)C(O)CC3C)CCC1O,,,,90,low
C=CCC1C=C(C)CC(C)CC(OC)C2OC(O)(C(=O)C(=O)N3CCCCC3C(=O)OC(C(C)=CC3CCC(O)C(OC)C3)C(C)C=CC1O)C(C)CC2OC,COC1CC(C=C(C)C2OC(=O)C3CCCCN3C(=O)C(O)C3OC(C(O)CC(C)CC(C)=CC(C)C(O)C=CC2C)C(O)CC3C)CCC1O,CC1=CC(C)C(O)C=CC(C)C(C(C)=CC2CCC(O)C(O)C2)OC(=O)C2CCCCN2C(=O)C(O)C2OC(C(O)CC(C)C1)C(O)CC2C,,,,95,low
C=CCC1C=C(C)CC(C)CC(OC)C2OC(O)(C(=O)C(=O)N3CCCCC3C(=O)OC(C(C)=CC3CCC(O)C(OC)C3)C(C)C=CC1O)C(C)CC2OC,COC1CC(C=C(C)C2OC(=O)C3CCCCN3C(=O)C(O)C3OC(C(O)CC(C)CC(C)=CC(C)C(O)C=CC2C)C(O)CC3C)CCC1O,CI,100,Likely stable,,95,low
C=CCC1C=C(C)CC(C)CC(OC)C2OC(O)(C(=O)C(=O)N3CCCCC3C(=O)OC(C(C)=CC3CCC(O)C(OC)C3)C(C)C=CC1O)C(C)CC2OC,CC1=CC(C)C(O)C=CC(C)C(C(C)=CC2CCC(O)C(O)C2)OC(=O)C2CCCCN2C(=O)C(O)C2OC(C(O)CC(C)C1)C(O)CC2C,CC1=CC(C)C(O)C=CC(C)C(C(C)=CC2CCC(O)C(=O)C2)OC(=O)C2CCCCN2C(=O)C(O)C2OC(C(O)CC(C)C1)C(O)CC2C,,,,100,low
C=CCC1C=C(C)CC(C)CC(OC)C2OC(O)(C(=O)C(=O)N3CCCCC3C(=O)OC(C(C)=CC3CCC(O)C(OC)C3)C(C)C=CC1O)C(C)CC2OC,CC1=CC(C)C(O)C=CC(C)C(C(C)=CC2CCC(O)C(=O)C2)OC(=O)C2CCCCN2C(=O)C(O)C2OC(C(O)CC(C)C1)C(O)CC2C,CC1=CC(C)C(O)C=CC(C)C(C(C)=CC2CCC(O)C(=O)C2)OC2CC(C)C(C(O)C(=O)O)OC2C(O)CC(C)C1,,,,45,medium
C=CCC1C=C(C)CC(C)CC(OC)C2OC(O)(C(=O)C(=O)N3CCCCC3C(=O)OC(C(C)=CC3CCC(O)C(OC)C3)C(C)C=CC1O)C(C)CC2OC,CC1=CC(C)C(O)C=CC(C)C(C(C)=CC2CCC(O)C(=O)C2)OC(=O)C2CCCCN2C(=O)C(O)C2OC(C(O)CC(C)C1)C(O)CC2C,COC(=O)C1CCCCN1,95,Likely stable,,45,medium
C=CCC1C=C(C)CC(C)CC(OC)C2OC(O)(C(=O)C(=O)N3CCCCC3C(=O)OC(C(C)=CC3CCC(O)C(OC)C3)C(C)C=CC1O)C(C)CC2OC,CC1=CC(C)C(O)C=CC(C)C(C(C)=CC2CCC(O)C(=O)C2)OC2CC(C)C(C(O)C(=O)O)OC2C(O)CC(C)C1,CC1=CC(C)C(O)C=CC(C)C(C(C)=CC2CCC(O)C(=O)C2)OC2CC(C)C(C(O)CO)OC2C(O)CC(C)C1,,,,90,low
C=CCC1C=C(C)CC(C)CC(OC)C2OC(O)(C(=O)C(=O)N3CCCCC3C(=O)OC(C(C)=CC3CCC(O)C(OC)C3)C(C)C=CC1O)C(C)CC2OC,CC1=CC(C)C(O)C=CC(C)C(C(C)=CC2CCC(O)C(=O)C2)OC2CC(C)C(C(O)CO)OC2C(O)CC(C)C1,CC1=CC(C)C(O)C=CC(C)C(C(C)=CC2CCC(O)CC2)OC2CC(C)C(C(O)CO)OC2C(O)CC(C)C1,,,,95,low
C=CCC1C=C(C)CC(C)CC(OC)C2OC(O)(C(=O)C(=O)N3CCCCC3C(=O)OC(C(C)=CC3CCC(O)C(OC)C3)C(C)C=CC1O)C(C)CC2OC,CC1=CC(C)C(O)C=CC(C)C(C(C)=CC2CCC(O)C(=O)C2)OC2CC(C)C(C(O)CO)OC2C(O)CC(C)C1,O=C=O,65,Moderately stable,Contains carbene (highly reactive intermediate),95,low
C=CCC1C=C(C)CC(C)CC(OC)C2OC(O)(C(=O)C(=O)N3CCCCC3C(=O)OC(C(C)=CC3CCC(O)C(OC)C3)C(C)C=CC1O)C(C)CC2OC,CC1=CC(C)C(O)C=CC(C)C(C(C)=CC2CCC(O)CC2)OC2CC(C)C(C(O)CO)OC2C(O)CC(C)C1,CC1=CC(C)C(O)C=CC(C)C(C(C)=CC2CCC(O)CC2)OC2CC(C)C(O)OC2C(O)CC(C)C1,,,,90,low
C=CCC1C=C(C)CC(C)CC(OC)C2OC(O)(C(=O)C(=O)N3CCCCC3C(=O)OC(C(C)=CC3CCC(O)C(OC)C3)C(C)C=CC1O)C(C)CC2OC,CC1=CC(C)C(O)C=CC(C)C(C(C)=CC2CCC(O)CC2)OC2CC(C)C(C(O)CO)OC2C(O)CC(C)C1,OCC(O)CO,100,Likely stable,,90,low
C=CCC1C=C(C)CC(C)CC(OC)C2OC(O)(C(=O)C(=O)N3CCCCC3C(=O)OC(C(C)=CC3CCC(O)C(OC)C3)C(C)C=CC1O)C(C)CC2OC,CC1=CC(C)C(O)C=CC(C)C(C(C)=CC2CCC(O)CC2)OC2CC(C)C(O)OC2C(O)CC(C)C1,CC1=CC(C)C(O)C=CC(C)C(O)OC2CC(C)C(O)OC2C(O)CC(C)C1,,,,95,low
C=CCC1C=C(C)CC(C)CC(OC)C2OC(O)(C(=O)C(=O)N3CCCCC3C(=O)OC(C(C)=CC3CCC(O)C(OC)C3)C(C)C=CC1O)C(C)CC2OC,CC1=CC(C)C(O)C=CC(C)C(C(C)=CC2CCC(O)CC2)OC2CC(C)C(O)OC2C(O)CC(C)C1,CC(C)=CC1CCC(Br)CC1,100,Likely stable,,95,low
C=CCC1C=C(C)CC(C)CC(OC)C2OC(O)(C(=O)C(=O)N3CCCCC3C(=O)OC(C(C)=CC3CCC(O)C(OC)C3)C(C)C=CC1O)C(C)CC2OC,CC1=CC(C)C(O)C=CC(C)C(O)OC2CC(C)C(O)OC2C(O)CC(C)C1,CC1=CC(C)C(O)C=CC(C)C(O)CC(C)C(O)C(O)CC(C)C1,,,,65,medium
C=CCC1C=C(C)CC(C)CC(OC)C2OC(O)(C(=O)C(=O)N3CCCCC3C(=O)OC(C(C)=CC3CCC(O)C(OC)C3)C(C)C=CC1O)C(C)CC2OC,CC1=CC(C)C(O)C=CC(C)C(O)OC2CC(C)C(O)OC2C(O)CC(C)C1,CC(=O)O,100,Likely stable,,65,medium
C=CCC1C=C(C)CC(C)CC(OC)C2OC(O)(C(=O)C(=O)N3CCCCC3C(=O)OC(C(C)=CC3CCC(O)C(OC)C3)C(C)C=CC1O)C(C)CC2OC,CC1=CC(C)C(O)C=CC(C)C(O)CC(C)C(O)C(O)CC(C)C1,CC1=CC(C)C(O)C=CC(C)C(O)CC(C)C(=O)C(O)CC(C)C1,,,,85,low
C=CCC1C=C(C)CC(C)CC(OC)C2OC(O)(C(=O)C(=O)N3CCCCC3C(=O)OC(C(C)=CC3CCC(O)C(OC)C3)C(C)C=CC1O)C(C)CC2OC,CC1=CC(C)C(O)C=CC(C)C(O)CC(C)C(O)C(O)CC(C)C1,CC(C)O,,,,85,low
C=CCC1C=C(C)CC(C)CC(OC)C2OC(O)(C(=O)C(=O)N3CCCCC3C(=O)OC(C(C)=CC3CCC(O)C(OC)C3)C(C)C=CC1O)C(C)CC2OC,CC(C)=CC1CCC(Br)CC1,CC(C)Br,100,Likely stable,,95,low
C=CCC1C=C(C)CC(C)CC(OC)C2OC(O)(C(=O)C(=O)N3CCCCC3C(=O)OC(C(C)=CC3CCC(O)C(OC)C3)C(C)C=CC1O)C(C)CC2OC,CC(C)=CC1CCC(Br)CC1,O=C1CCC(Br)CC1,100,Likely stable,,95,low
C=CCC1C=C(C)CC(C)CC(OC)C2OC(O)(C(=O)C(=O)N3CCCCC3C(=O)OC(C(C)=CC3CCC(O)C(OC)C3)C(C)C=CC1O)C(C)CC2OC,O=C1CCC(Br)CC1,OC1CCC(Br)CC1,100,Likely stable,,100,low
C=CCC1C=C(C)CC(C)CC(OC)C2OC(O)(C(=O)C(=O)N3CCCCC3C(=O)OC(C(C)=CC3CCC(O)C(OC)C3)C(C)C=CC1O)C(C)CC2OC,COC(=O)C1CCCCN1,COC(=O)c1ccccn1,100,Likely stable,,60,medium
CC(=O)NC[C@H]1CC[C@@H](C(=O)Nc2cccc(OC(F)(F)F)c2)N1,CC(=O)NC[C@H]1CC[C@@H](C(=O)Nc2cccc(OC(F)(F)F)c2)N1,CC(=O)NC[C@H]1CC[C@@H](C(=O)O)N1,95,Likely stable,,95,low
CC(=O)NC[C@H]1CC[C@@H](C(=O)Nc2cccc(OC(F)(F)F)c2)N1,CC(=O)NC[C@H]1CC[C@@H](C(=O)Nc2cccc(OC(F)(F)F)c2)N1,Nc1cccc(OC(F)(F)F)c1,100,Likely stable,,95,low
CC(=O)NC[C@H]1CC[C@@H](C(=O)Nc2cccc(OC(F)(F)F)c2)N1,CC(=O)NC[C@H]1CC[C@@H](C(=O)O)N1,CC(=O)NC(=O)[C@H]1CC[C@@H](C(=O)O)N1,95,Likely stable,,95,low
CC(=O)NC[C@H]1CC[C@@H](C(=O)Nc2cccc(OC(F)(F)F)c2)N1,CC(=O)NC(=O)[C@H]1CC[C@@H](C(=O)O)N1,CC(N)=O,100,Likely stable,,95,low
CC(=O)NC[C@H]1CC[C@@H](C(=O)Nc2cccc(OC(F)(F)F)c2)N1,CC(=O)NC(=O)[C@H]1CC[C@@H](C(=O)O)N1,O=C(O)[C@@H]1CC[C@H](C(=O)Cl)N1,95,Likely stable,,95,low
CC(=O)NC[C@H]1CC[C@@H](C(=O)Nc2cccc(OC(F)(F)F)c2)N1,O=C(O)[C@@H]1CC[C@H](C(=O)Cl)N1,O=S(Cl)Cl,100,Likely stable,,90,low
CC(=O)NC[C@H]1CC[C@@H](C(=O)Nc2cccc(OC(F)(F)F)c2)N1,O=C(O)[C@@H]1CC[C@H](C(=O)Cl)N1,O=C(O)[C@@H]1CC[C@H](C(=O)O)N1,95,Likely stable,,90,low
CC(=O)NC[C@H]1CC[C@@H](C(=O)Nc2cccc(OC(F)(F)F)c2)N1,Nc1cccc(OC(F)(F)F)c1,O=[N+]([O-])c1cccc(OC(F)(F)F)c1,100,Likely stable,,90,low
COC(=O)c1ccc2c(c1)C=CC(=C(Cl)Cl)CO2,COC(=O)c1ccc2c(c1)C=CC(=C(Cl)Cl)CO2,COC(=O)c1ccc2c(c1)C=CC(=O)CO2,75,Moderately stable,Large (7-membered) heterocycle with O (potentially unstable),80,low
COC(=O)c1ccc2c(c1)C=CC(=C(Cl)Cl)CO2,COC(=O)c1ccc2c(c1)C=CC(=O)CO2,COC(=O)c1ccc(O)c(C=CC(=O)CO)c1,100,Likely stable,,70,medium
COC(=O)c1ccc2c(c1)C=CC(=C(Cl)Cl)CO2,COC(=O)c1ccc(O)c(C=CC(=O)CO)c1,CC(=O)CO,100,Likely stable,,95,low
COC(=O)c1ccc2c(c1)C=CC(=C(Cl)Cl)CO2,COC(=O)c1ccc(O)c(C=CC(=O)CO)c1,COC(=O)c1ccc(O)c(C=O)c1,100,Likely stable,,95,low
Cc1ccc(C(C)(C)C)cc1S[C@@H]1O[C@H](CO)[C@@H](O)[C@H](O)[C@H]1O,Cc1ccc(C(C)(C)C)cc1S[C@@H]1O[C@H](CO)[C@@H](O)[C@H](O)[C@H]1O,Cc1ccc(C(C)(C)C)cc1F,100,Likely stable,,95,low
Cc1ccc(C(C)(C)C)cc1S[C@@H]1O[C@H](CO)[C@@H](O)[C@H](O)[C@H]1O,Cc1ccc(C(C)(C)C)cc1S[C@@H]1O[C@H](CO)[C@@H](O)[C@H](O)[C@H]1O,OC[C@H]1O[C@@H](S)[C@H](O)[C@@H](O)[C@@H]1O,95,Likely stable,,95,low
Cc1ccc(C(C)(C)C)cc1S[C@@H]1O[C@H](CO)[C@@H](O)[C@H](O)[C@H]1O,Cc1ccc(C(C)(C)C)cc1F,CC(C)(C)Cl,100,Likely stable,,95,low
Cc1ccc(C(C)(C)C)cc1S[C@@H]1O[C@H](CO)[C@@H](O)[C@H](O)[C@H]1O,Cc1ccc(C(C)(C)C)cc1F,Cc1ccccc1F,100,Likely stable,,95,low
COC(=O)[C@@H]1CCCC2(CCCCC2)[C@H]1O,COC(=O)[C@@H]1CCCC2(CCCCC2)[C@H]1O,O=C(O)[C@@H]1CCCC2(CCCCC2)[C@H]1O,100,Likely stable,,95,low
COC(=O)[C@@H]1CCCC2(CCCCC2)[C@H]1O,COC(=O)[C@@H]1CCCC2(CCCCC2)[C@H]1O,CO,100,Likely stable,,95,low
COC(=O)[C@@H]1CCCC2(CCCCC2)[C@H]1O,O=C(O)[C@@H]1CCCC2(CCCCC2)[C@H]1O,O=C[C@@H]1CCCC2(CCCCC2)[C@H]1O,100,Likely stable,,90,low
COC(=O)[C@@H]1CCCC2(CCCCC2)[C@H]1O,O=C[C@@H]1CCCC2(CCCCC2)[C@H]1O,OC[C@@H]1CCCC2(CCCCC2)[C@H]1O,100,Likely stable,,100,low
COC(=O)[C@@H]1CCCC2(CCCCC2)[C@H]1O,OC[C@@H]1CCCC2(CCCCC2)[C@H]1O,C=C[C@@H]1CCCC2(CCCCC2)C1,100,Likely stable,,85,low
COC(=O)[C@@H]1CCCC2(CCCCC2)[C@H]1O,C=C[C@@H]1CCCC2(CCCCC2)C1,C=CC1CCCCC1,100,Likely stable,,40,medium
COC(=O)[C@@H]1CCCC2(CCCCC2)[C@H]1O,C=C[C@@H]1CCCC2(CCCCC2)C1,BrCCCCCBr,100,Likely stable,,40,medium
CC(C)S(=O)(=O)N[C@H]1CCOC[C@H]1c1ccc(I)cc1,CC(C)S(=O)(=O)N[C@H]1CCOC[C@H]1c1ccc(I)cc1,N[C@H]1CCOC[C@H]1c1ccc(I)cc1,100,Likely stable,,95,low
CC(C)S(=O)(=O)N[C@H]1CCOC[C@H]1c1ccc(I)cc1,CC(C)S(=O)(=O)N[C@H]1CCOC[C@H]1c1ccc(I)cc1,CC(C)S(=O)(=O)Cl,100,Likely stable,,95,low
CC(C)S(=O)(=O)N[C@H]1CCOC[C@H]1c1ccc(I)cc1,N[C@H]1CCOC[C@H]1c1ccc(I)cc1,O=C1CCOC[C@H]1c1ccc(I)cc1,100,Likely stable,,95,low
CC(C)S(=O)(=O)N[C@H]1CCOC[C@H]1c1ccc(I)cc1,N[C@H]1CCOC[C@H]1c1ccc(I)cc1,N,100,Likely stable,,95,low
CC(C)S(=O)(=O)N[C@H]1CCOC[C@H]1c1ccc(I)cc1,O=C1CCOC[C@H]1c1ccc(I)cc1,O=C(O)CCC[C@H](O)c1ccc(I)cc1,100,Likely stable,,45,medium
CC(C)S(=O)(=O)N[C@H]1CCOC[C@H]1c1ccc(I)cc1,O=C(O)CCC[C@H](O)c1ccc(I)cc1,O=C(O)CCCC(=O)c1ccc(I)cc1,100,Likely stable,,100,low
CC(C)S(=O)(=O)N[C@H]1CCOC[C@H]1c1ccc(I)cc1,O=C(O)CCCC(=O)c1ccc(I)cc1,O=C(O)CCCC(=O)O,100,Likely stable,,35,high
CC(C)S(=O)(=O)N[C@H]1CCOC[C@H]1c1ccc(I)cc1,O=C(O)CCCC(=O)c1ccc(I)cc1,Ic1ccccc1,100,Likely stable,,35,high
CN1CC[C@@H](c2c(O)cc(O)c3c(=O)cc(-c4ccc(C(F)(F)F)cc4)oc23)[C@@H]1CO,CN1CC[C@@H](c2c(O)cc(O)c3c(=O)cc(-c4ccc(C(F)(F)F)cc4)oc23)[C@@H]1CO,O=c1cc(-c2ccc(C(F)(F)F)cc2)oc2c(Br)c(O)cc(O)c12,100,Likely stable,,30,high
CN1CC[C@@H](c2c(O)cc(O)c3c(=O)cc(-c4ccc(C(F)(F)F)cc4)oc23)[C@@H]1CO,CN1CC[C@@H](c2c(O)cc(O)c3c(=O)cc(-c4ccc(C(F)(F)F)cc4)oc23)[C@@H]1CO,CN1CC[C@@H](B(O)O)[C@@H]1CO,95,Likely stable,,30,high
CN1CC[C@@H](c2c(O)cc(O)c3c(=O)cc(-c4ccc(C(F)(F)F)cc4)oc23)[C@@H]1CO,O=c1cc(-c2ccc(C(F)(F)F)cc2)oc2c(Br)c(O)cc(O)c12,O=C1CCC(=O)N1Br,95,Likely stable,,55,medium
CN1CC[C@@H](c2c(O)cc(O)c3c(=O)cc(-c4ccc(C(F)(F)F)cc4)oc23)[C@@H]1CO,O=c1cc(-c2ccc(C(F)(F)F)cc2)oc2c(Br)c(O)cc(O)c12,O=c1cc(-c2ccc(C(F)(F)F)cc2)oc2cc(O)cc(O)c12,100,Likely stable,,55,medium
CN1CC[C@@H](c2c(O)cc(O)c3c(=O)cc(-c4ccc(C(F)(F)F)cc4)oc23)[C@@H]1CO,O=c1cc(-c2ccc(C(F)(F)F)cc2)oc2cc(O)cc(O)c12,CC(=O)c1c(O)cc(O)cc1O,100,Likely stable,,5,critical
CN1CC[C@@H](c2c(O)cc(O)c3c(=O)cc(-c4ccc(C(F)(F)F)cc4)oc23)[C@@H]1CO,O=c1cc(-c2ccc(C(F)(F)F)cc2)oc2cc(O)cc(O)c12,O=C(Cl)c1ccc(C(F)(F)F)cc1,100,Likely stable,,5,critical
CN1CC[C@@H](c2c(O)cc(O)c3c(=O)cc(-c4ccc(C(F)(F)F)cc4)oc23)[C@@H]1CO,CN1CC[C@@H](B(O)O)[C@@H]1CO,CN1CC[C@@H](Br)[C@@H]1CO,95,Likely stable,,80,low
CN1CC[C@@H](c2c(O)cc(O)c3c(=O)cc(-c4ccc(C(F)(F)F)cc4)oc23)[C@@H]1CO,CN1CC[C@@H](Br)[C@@H]1CO,CN1CC[C@@H](Br)[C@@H]1C=O,95,Likely stable,,100,low
CC#CCn1c(Br)nc(C=O)c1C(=O)OC,CC#CCn1c(Br)nc(C=O)c1C(=O)OC,CC#CCBr,65,Moderately stable,Contains carbene (highly reactive intermediate),95,low
CC#CCn1c(Br)nc(C=O)c1C(=O)OC,CC#CCn1c(Br)nc(C=O)c1C(=O)OC,COC(=O)c1[nH]c(Br)nc1C=O,100,Likely stable,,95,low
CC#CCn1c(Br)nc(C=O)c1C(=O)OC,COC(=O)c1[nH]c(Br)nc1C=O,COC(=O)c1[nH]cnc1C=O,100,Likely stable,,30,high
CC#CCn1c(Br)nc(C=O)c1C(=O)OC,COC(=O)c1[nH]c(Br)nc1C=O,O=C1CCC(=O)N1Br,95,Likely stable,,30,high
Cc1ccn2cc(CO)n(-c3ccccc3)c(=O)c12,Cc1ccn2cc(CO)n(-c3ccccc3)c(=O)c12,Cc1ccn2cc(C=O)n(-c3ccccc3)c(=O)c12,100,Likely stable,,100,low
CC(C)(CO)n1c(CO)nc2cnc(Br)cc21,CC(C)(CO)n1c(CO)nc2cnc(Br)cc21,O=C(O)CO,100,Likely stable,,25,high
CC(C)(CO)n1c(CO)nc2cnc(Br)cc21,CC(C)(CO)n1c(CO)nc2cnc(Br)cc21,CC(C)(CO)Nc1cc(Br)ncc1N,100,Likely stable,,25,high
CC(C)(CO)n1c(CO)nc2cnc(Br)cc21,CC(C)(CO)Nc1cc(Br)ncc1N,CC(C)(CO)Nc1cc(Br)ncc1N=C(c1ccccc1)c1ccccc1,100,Likely stable,,0,critical
CC(C)(CO)n1c(CO)nc2cnc(Br)cc21,CC(C)(CO)Nc1cc(Br)ncc1N=C(c1ccccc1)c1ccccc1,N=C(c1ccccc1)c1ccccc1,100,Likely stable,,95,low
CC(C)(CO)n1c(CO)nc2cnc(Br)cc21,CC(C)(CO)Nc1cc(Br)ncc1N=C(c1ccccc1)c1ccccc1,CC(C)(CO)Nc1cc(Br)ncc1Br,100,Likely stable,,95,low
CC(C)(CO)n1c(CO)nc2cnc(Br)cc21,CC(C)(CO)Nc1cc(Br)ncc1Br,CC(C)(N)CO,100,Likely stable,,35,high
CC(C)(CO)n1c(CO)nc2cnc(Br)cc21,CC(C)(CO)Nc1cc(Br)ncc1Br,Brc1cc(Br)c(Br)cn1,100,Likely stable,,35,high
CC(C)(CO)n1c(CO)nc2cnc(Br)cc21,Brc1cc(Br)c(Br)cn1,O=C1CCC(=O)N1Br,95,Likely stable,,55,medium
CC(C)(CO)n1c(CO)nc2cnc(Br)cc21,Brc1cc(Br)c(Br)cn1,Brc1ccnc(Br)c1,100,Likely stable,,55,medium
C[C@H](c1ccccc1)N1C[C@]2(C(=O)OC(C)(C)C)C=CC[C@@H]2C1=S,C[C@H](c1ccccc1)N1C[C@]2(C(=O)OC(C)(C)C)C=CC[C@@H]2C1=S,C[C@H](c1ccccc1)N1C[C@]2(C(=O)OC(C)(C)C)C=CC[C@@H]2C1=O,100,Likely stable,,95,low
C[C@H](c1ccccc1)N1C[C@]2(C(=O)OC(C)(C)C)C=CC[C@@H]2C1=S,C[C@H](c1ccccc1)N1C[C@]2(C(=O)OC(C)(C)C)C=CC[C@@H]2C1=O,CC(C)(C)OC(=O)[C@]12C=CC[C@H]1C(=O)NC2,,,,95,low
C[C@H](c1ccccc1)N1C[C@]2(C(=O)OC(C)(C)C)C=CC[C@@H]2C1=S,C[C@H](c1ccccc1)N1C[C@]2(C(=O)OC(C)(C)C)C=CC[C@@H]2C1=O,C[C@H](Br)c1ccccc1,100,Likely stable,,95,low
C[C@H](c1ccccc1)N1C[C@]2(C(=O)OC(C)(C)C)C=CC[C@@H]2C1=S,CC(C)(C)OC(=O)[C@]12C=CC[C@H]1C(=O)NC2,CC(C)(C)OC(=O)[C@]1(CN)C=CC[C@H]1C(=O)O,,,,45,medium
C[C@H](c1ccccc1)N1C[C@]2(C(=O)OC(C)(C)C)C=CC[C@@H]2C1=S,CC(C)(C)OC(=O)[C@]1(CN)C=CC[C@H]1C(=O)O,CC(C)(C)OC(=O)[C]1C=CC[C@H]1C(=O)O,,,,85,low
C[C@H](c1ccccc1)N1C[C@]2(C(=O)OC(C)(C)C)C=CC[C@@H]2C1=S,CC(C)(C)OC(=O)[C]1C=CC[C@H]1C(=O)O,C=CC[C@@H]([C](C=C)C(=O)OC(C)(C)C)C(=O)O,,,,65,medium
C[C@H](c1ccccc1)N1C[C@]2(C(=O)OC(C)(C)C)C=CC[C@@H]2C1=S,C=CC[C@@H]([C](C=C)C(=O)OC(C)(C)C)C(=O)O,C=CC[C@H](C(=O)O)[C@](C=C)(C(=O)O)C(=O)OC(C)(C)C,,,,90,low
C[C@H](c1ccccc1)N1C[C@]2(C(=O)OC(C)(C)C)C=CC[C@@H]2C1=S,C=CC[C@H](C(=O)O)[C@](C=C)(C(=O)O)C(=O)OC(C)(C)C,C=CC[C@H](C(=O)O)C(C(=O)O)(C(=O)O)C(=O)OC(C)(C)C,,,,90,low
C[C@H](c1ccccc1)N1C[C@]2(C(=O)OC(C)(C)C)C=CC[C@@H]2C1=S,C=CC[C@H](C(=O)O)C(C(=O)O)(C(=O)O)C(=O)OC(C)(C)C,C=CC[C@H](C(=O)O)C(C(=O)O)(C(=O)O)C(=O)O,,,,95,low
C[C@H](c1ccccc1)N1C[C@]2(C(=O)OC(C)(C)C)C=CC[C@@H]2C1=S,C=CC[C@H](C(=O)O)C(C(=O)O)(C(=O)O)C(=O)OC(C)(C)C,CC(C)(C)O,100,Likely stable,,95,low
C[C@H](c1ccccc1)N1C[C@]2(C(=O)OC(C)(C)C)C=CC[C@@H]2C1=S,C=CC[C@H](C(=O)O)C(C(=O)O)(C(=O)O)C(=O)O,C=CCC(C(=O)O)C(=O)O,100,Likely stable,,95,low
C[C@H](c1ccccc1)N1C[C@]2(C(=O)OC(C)(C)C)C=CC[C@@H]2C1=S,C=CC[C@H](C(=O)O)C(C(=O)O)(C(=O)O)C(=O)O,O=C(O)C(=O)C(=O)O,100,Likely stable,,95,low
C[C@H](c1ccccc1)N1C[C@]2(C(=O)OC(C)(C)C)C=CC[C@@H]2C1=S,C=CCC(C(=O)O)C(=O)O,C=CCC(C(=O)OCC)C(=O)OCC,100,Likely stable,,80,low
C[C@H](c1ccccc1)N1C[C@]2(C(=O)OC(C)(C)C)C=CC[C@@H]2C1=S,C[C@H](Br)c1ccccc1,C[C@H](Br)c1ccccc1N,100,Likely stable,,35,high
C[C@H](c1ccccc1)N1C[C@]2(C(=O)OC(C)(C)C)C=CC[C@@H]2C1=S,C[C@H](Br)c1ccccc1N,C[C@H](Br)c1ccccc1[N+](=O)[O-],100,Likely stable,,90,low
CCOC(=O)c1nc(N2CC[C@H](NC(=O)c3nc(C(F)(F)F)c(CC)[nH]3)[C@H](OC)C2)sc1C,CCOC(=O)c1nc(N2CC[C@H](NC(=O)c3nc(C(F)(F)F)c(CC)[nH]3)[C@H](OC)C2)sc1C,CCOC(=O)c1nc(N2CC[C@H](N)[C@H](OC)C2)sc1C,100,Likely stable,,95,low
CCOC(=O)c1nc(N2CC[C@H](NC(=O)c3nc(C(F)(F)F)c(CC)[nH]3)[C@H](OC)C2)sc1C,CCOC(=O)c1nc(N2CC[C@H](NC(=O)c3nc(C(F)(F)F)c(CC)[nH]3)[C@H](OC)C2)sc1C,CCc1[nH]c(C(=O)O)nc1C(F)(F)F,,,,95,low
CCOC(=O)c1nc(N2CC[C@H](NC(=O)c3nc(C(F)(F)F)c(CC)[nH]3)[C@H](OC)C2)sc1C,CCOC(=O)c1nc(N2CC[C@H](N)[C@H](OC)C2)sc1C,CO[C@@H]1CNCC[C@@H]1N,95,Likely stable,,95,low
CCOC(=O)c1nc(N2CC[C@H](NC(=O)c3nc(C(F)(F)F)c(CC)[nH]3)[C@H](OC)C2)sc1C,CCOC(=O)c1nc(N2CC[C@H](N)[C@H](OC)C2)sc1C,CCOC(=O)c1nc(Cl)sc1C,100,Likely stable,,95,low
CCOC(=O)c1nc(N2CC[C@H](NC(=O)c3nc(C(F)(F)F)c(CC)[nH]3)[C@H](OC)C2)sc1C,CCc1[nH]c(C(=O)O)nc1C(F)(F)F,CCc1cnc(C(F)(F)F)[nH]1,100,Likely stable,,95,low
CCOC(=O)c1nc(N2CC[C@H](NC(=O)c3nc(C(F)(F)F)c(CC)[nH]3)[C@H](OC)C2)sc1C,CCc1[nH]c(C(=O)O)nc1C(F)(F)F,O=C=O,65,Moderately stable,Contains carbene (highly reactive intermediate),95,low
CCOC(=O)c1nc(N2CC[C@H](NC(=O)c3nc(C(F)(F)F)c(CC)[nH]3)[C@H](OC)C2)sc1C,CCc1cnc(C(F)(F)F)[nH]1,CC(=O)c1cnc(C(F)(F)F)[nH]1,100,Likely stable,,95,low
CCOC(=O)c1nc(N2CC[C@H](NC(=O)c3nc(C(F)(F)F)c(CC)[nH]3)[C@H](OC)C2)sc1C,CC(=O)c1cnc(C(F)(F)F)[nH]1,CC(=O)Cl,100,Likely stable,,95,low
CCOC(=O)c1nc(N2CC[C@H](NC(=O)c3nc(C(F)(F)F)c(CC)[nH]3)[C@H](OC)C2)sc1C,CC(=O)c1cnc(C(F)(F)F)[nH]1,FC(F)(F)c1ncc[nH]1,100,Likely stable,,95,low
COC[C@H](C)COCc1ccc([C@@]2(O)CCNC[C@@H]2c2noc(-c3ccccc3CCNC(C)=O)c2Br)cc1,COC[C@H](C)COCc1ccc([C@@]2(O)CCNC[C@@H]2c2noc(-c3ccccc3CCNC(C)=O)c2Br)cc1,COC[C@H](C)CO,100,Likely stable,,95,low
COC[C@H](C)COCc1ccc([C@@]2(O)CCNC[C@@H]2c2noc(-c3ccccc3CCNC(C)=O)c2Br)cc1,COC[C@H](C)COCc1ccc([C@@]2(O)CCNC[C@@H]2c2noc(-c3ccccc3CCNC(C)=O)c2Br)cc1,CC(=O)NCCc1ccccc1-c1onc([C@H]2CNCC[C@]2(O)c2ccc(CBr)cc2)c1Br,,,,95,low
COC[C@H](C)COCc1ccc([C@@]2(O)CCNC[C@@H]2c2noc(-c3ccccc3CCNC(C)=O)c2Br)cc1,COC[C@H](C)CO,COC[C@H](C)C(=O)O,100,Likely stable,,95,low
COC[C@H](C)COCc1ccc([C@@]2(O)CCNC[C@@H]2c2noc(-c3ccccc3CCNC(C)=O)c2Br)cc1,CC(=O)NCCc1ccccc1-c1onc([C@H]2CNCC[C@]2(O)c2ccc(CBr)cc2)c1Br,NCCc1ccccc1-c1onc([C@H]2CNCC[C@]2(O)c2ccc(CBr)cc2)c1Br,,,,95,low
COC[C@H](C)COCc1ccc([C@@]2(O)CCNC[C@@H]2c2noc(-c3ccccc3CCNC(C)=O)c2Br)cc1,CC(=O)NCCc1ccccc1-c1onc([C@H]2CNCC[C@]2(O)c2ccc(CBr)cc2)c1Br,CC(=O)Cl,100,Likely stable,,95,low
COC[C@H](C)COCc1ccc([C@@]2(O)CCNC[C@@H]2c2noc(-c3ccccc3CCNC(C)=O)c2Br)cc1,NCCc1ccccc1-c1onc([C@H]2CNCC[C@]2(O)c2ccc(CBr)cc2)c1Br,NCCc1ccccc1-c1onc(CCNCCC(=O)c2ccc(CBr)cc2)c1Br,,,,45,medium
COC[C@H](C)COCc1ccc([C@@]2(O)CCNC[C@@H]2c2noc(-c3ccccc3CCNC(C)=O)c2Br)cc1,NCCc1ccccc1-c1onc(CCNCCC(=O)c2ccc(CBr)cc2)c1Br,O=CCC(=O)c1ccc(CBr)cc1,100,Likely stable,,95,low
COC[C@H](C)COCc1ccc([C@@]2(O)CCNC[C@@H]2c2noc(-c3ccccc3CCNC(C)=O)c2Br)cc1,NCCc1ccccc1-c1onc(CCNCCC(=O)c2ccc(CBr)cc2)c1Br,NCCc1ccccc1-c1onc(CCN)c1Br,,,,95,low
COC[C@H](C)COCc1ccc([C@@]2(O)CCNC[C@@H]2c2noc(-c3ccccc3CCNC(C)=O)c2Br)cc1,O=CCC(=O)c1ccc(CBr)cc1,Cc1ccc(C(=O)CC=O)cc1,100,Likely stable,,55,medium
COC[C@H](C)COCc1ccc([C@@]2(O)CCNC[C@@H]2c2noc(-c3ccccc3CCNC(C)=O)c2Br)cc1,O=CCC(=O)c1ccc(CBr)cc1,O=C1CCC(=O)N1Br,95,Likely stable,,55,medium
COC[C@H](C)COCc1ccc([C@@]2(O)CCNC[C@@H]2c2noc(-c3ccccc3CCNC(C)=O)c2Br)cc1,Cc1ccc(C(=O)CC=O)cc1,CCOC=O,100,Likely stable,,90,low
COC[C@H](C)COCc1ccc([C@@]2(O)CCNC[C@@H]2c2noc(-c3ccccc3CCNC(C)=O)c2Br)cc1,Cc1ccc(C(=O)CC=O)cc1,CC(=O)c1ccc(C)cc1,100,Likely stable,,90,low
COC[C@H](C)COCc1ccc([C@@]2(O)CCNC[C@@H]2c2noc(-c3ccccc3CCNC(C)=O)c2Br)cc1,NCCc1ccccc1-c1onc(CCN)c1Br,BrCCc1ccccc1-c1onc(CCBr)c1Br,,,,90,low
COC[C@H](C)COCc1ccc([C@@]2(O)CCNC[C@@H]2c2noc(-c3ccccc3CCNC(C)=O)c2Br)cc1,BrCCc1ccccc1-c1onc(CCBr)c1Br,CCc1ccccc1-c1onc(CC)c1Br,100,Likely stable,,80,low
COC[C@H](C)COCc1ccc([C@@]2(O)CCNC[C@@H]2c2noc(-c3ccccc3CCNC(C)=O)c2Br)cc1,CCc1ccccc1-c1onc(CC)c1Br,C=Cc1noc(-c2ccccc2CC)c1Br,100,Likely stable,,100,low
COC[C@H](C)COCc1ccc([C@@]2(O)CCNC[C@@H]2c2noc(-c3ccccc3CCNC(C)=O)c2Br)cc1,C=Cc1noc(-c2ccccc2CC)c1Br,C=CB1OC(C)(C)C(C)(C)O1,95,Likely stable,,20,high
COC[C@H](C)COCc1ccc([C@@]2(O)CCNC[C@@H]2c2noc(-c3ccccc3CCNC(C)=O)c2Br)cc1,C=Cc1noc(-c2ccccc2CC)c1Br,CCc1ccccc1-c1onc(Cl)c1Br,100,Likely stable,,20,high
COC[C@H](C)COCc1ccc([C@@]2(O)CCNC[C@@H]2c2noc(-c3ccccc3CCNC(C)=O)c2Br)cc1,CCc1ccccc1-c1onc(Cl)c1Br,O=C1CCC(=O)N1Br,95,Likely stable,,30,high
COC[C@H](C)COCc1ccc([C@@]2(O)CCNC[C@@H]2c2noc(-c3ccccc3CCNC(C)=O)c2Br)cc1,CCc1ccccc1-c1onc(Cl)c1Br,CCc1ccccc1-c1cc(Cl)no1,100,Likely stable,,30,high
COC[C@H](C)COCc1ccc([C@@]2(O)CCNC[C@@H]2c2noc(-c3ccccc3CCNC(C)=O)c2Br)cc1,CCc1ccccc1-c1cc(Cl)no1,O=[N+]([O-])CCl,100,Likely stable,,25,high
COC[C@H](C)COCc1ccc([C@@]2(O)CCNC[C@@H]2c2noc(-c3ccccc3CCNC(C)=O)c2Br)cc1,CCc1ccccc1-c1cc(Cl)no1,C#Cc1ccccc1CC,70,Moderately stable,Contains carbene (highly reactive intermediate),25,high
COCCCc1cc(CN(C(=O)[C@H]2CN(C(=O)OC(C)(C)C)CC[C@@H]2c2ccc(OCCOc3c(Cl)cc(C)cc3Cl)cc2)C2CC2)cc(OCCCC#N)c1,COCCCc1cc(CN(C(=O)[C@H]2CN(C(=O)OC(C)(C)C)CC[C@@H]2c2ccc(OCCOc3c(Cl)cc(C)cc3Cl)cc2)C2CC2)cc(OCCCC#N)c1,COCCCc1cc(C=O)cc(OCCCC#N)c1,70,Moderately stable,Contains carbene (highly reactive intermediate),90,low
COCCCc1cc(CN(C(=O)[C@H]2CN(C(=O)OC(C)(C)C)CC[C@@H]2c2ccc(OCCOc3c(Cl)cc(C)cc3Cl)cc2)C2CC2)cc(OCCCC#N)c1,COCCCc1cc(CN(C(=O)[C@H]2CN(C(=O)OC(C)(C)C)CC[C@@H]2c2ccc(OCCOc3c(Cl)cc(C)cc3Cl)cc2)C2CC2)cc(OCCCC#N)c1,NC1CC1,100,Likely stable,,90,low
COCCCc1cc(CN(C(=O)[C@H]2CN(C(=O)OC(C)(C)C)CC[C@@H]2c2ccc(OCCOc3c(Cl)cc(C)cc3Cl)cc2)C2CC2)cc(OCCCC#N)c1,COCCCc1cc(CN(C(=O)[C@H]2CN(C(=O)OC(C)(C)C)CC[C@@H]2c2ccc(OCCOc3c(Cl)cc(C)cc3Cl)cc2)C2CC2)cc(OCCCC#N)c1,Cc1cc(Cl)c(OCCOc2ccc([C@H]3CCN(C(=O)OC(C)(C)C)C[C@@H]3C(=O)O)cc2)c(Cl)c1,,,,90,low
COCCCc1cc(CN(C(=O)[C@H]2CN(C(=O)OC(C)(C)C)CC[C@@H]2c2ccc(OCCOc3c(Cl)cc(C)cc3Cl)cc2)C2CC2)cc(OCCCC#N)c1,COCCCc1cc(C=O)cc(OCCCC#N)c1,C=CCOC,100,Likely stable,,95,low
COCCCc1cc(CN(C(=O)[C@H]2CN(C(=O)OC(C)(C)C)CC[C@@H]2c2ccc(OCCOc3c(Cl)cc(C)cc3Cl)cc2)C2CC2)cc(OCCCC#N)c1,COCCCc1cc(C=O)cc(OCCCC#N)c1,N#CCCCOc1cc(Br)cc(C=O)c1,70,Moderately stable,Contains carbene (highly reactive intermediate),95,low
COCCCc1cc(CN(C(=O)[C@H]2CN(C(=O)OC(C)(C)C)CC[C@@H]2c2ccc(OCCOc3c(Cl)cc(C)cc3Cl)cc2)C2CC2)cc(OCCCC#N)c1,N#CCCCOc1cc(Br)cc(C=O)c1,N#CCCCBr,65,Moderately stable,Contains carbene (highly reactive intermediate),95,low
COCCCc1cc(CN(C(=O)[C@H]2CN(C(=O)OC(C)(C)C)CC[C@@H]2c2ccc(OCCOc3c(Cl)cc(C)cc3Cl)cc2)C2CC2)cc(OCCCC#N)c1,N#CCCCOc1cc(Br)cc(C=O)c1,O=Cc1cc(O)cc(Br)c1,100,Likely stable,,95,low
COCCCc1cc(CN(C(=O)[C@H]2CN(C(=O)OC(C)(C)C)CC[C@@H]2c2ccc(OCCOc3c(Cl)cc(C)cc3Cl)cc2)C2CC2)cc(OCCCC#N)c1,Cc1cc(Cl)c(OCCOc2ccc([C@H]3CCN(C(=O)OC(C)(C)C)C[C@@H]3C(=O)O)cc2)c(Cl)c1,Cc1cc(Cl)c(OCCOc2ccc([C@H]3CCNC[C@@H]3C(=O)O)cc2)c(Cl)c1,,,,75,medium
COCCCc1cc(CN(C(=O)[C@H]2CN(C(=O)OC(C)(C)C)CC[C@@H]2c2ccc(OCCOc3c(Cl)cc(C)cc3Cl)cc2)C2CC2)cc(OCCCC#N)c1,Cc1cc(Cl)c(OCCOc2ccc([C@H]3CCN(C(=O)OC(C)(C)C)C[C@@H]3C(=O)O)cc2)c(Cl)c1,CC(C)(C)OC(=O)OC(=O)OC(C)(C)C,100,Likely stable,,75,medium
COCCCc1cc(CN(C(=O)[C@H]2CN(C(=O)OC(C)(C)C)CC[C@@H]2c2ccc(OCCOc3c(Cl)cc(C)cc3Cl)cc2)C2CC2)cc(OCCCC#N)c1,Cc1cc(Cl)c(OCCOc2ccc([C@H]3CCNC[C@@H]3C(=O)O)cc2)c(Cl)c1,O=C(O)[C@H]1CNCC[C@@H]1c1ccc(O)cc1,100,Likely stable,,95,low
COCCCc1cc(CN(C(=O)[C@H]2CN(C(=O)OC(C)(C)C)CC[C@@H]2c2ccc(OCCOc3c(Cl)cc(C)cc3Cl)cc2)C2CC2)cc(OCCCC#N)c1,Cc1cc(Cl)c(OCCOc2ccc([C@H]3CCNC[C@@H]3C(=O)O)cc2)c(Cl)c1,Cc1cc(Cl)c(OCCCl)c(Cl)c1,100,Likely stable,,95,low
COCCCc1cc(CN(C(=O)[C@H]2CN(C(=O)OC(C)(C)C)CC[C@@H]2c2ccc(OCCOc3c(Cl)cc(C)cc3Cl)cc2)C2CC2)cc(OCCCC#N)c1,O=C(O)[C@H]1CNCC[C@@H]1c1ccc(O)cc1,OC[C@H]1CNCC[C@@H]1c1ccc(O)cc1,100,Likely stable,,90,low
COCCCc1cc(CN(C(=O)[C@H]2CN(C(=O)OC(C)(C)C)CC[C@@H]2c2ccc(OCCOc3c(Cl)cc(C)cc3Cl)cc2)C2CC2)cc(OCCCC#N)c1,OC[C@H]1CNCC[C@@H]1c1ccc(O)cc1,O=CC[C@H](CCNC[C@H](O)C=O)c1ccc(O)cc1,,,,40,medium
COCCCc1cc(CN(C(=O)[C@H]2CN(C(=O)OC(C)(C)C)CC[C@@H]2c2ccc(OCCOc3c(Cl)cc(C)cc3Cl)cc2)C2CC2)cc(OCCCC#N)c1,O=CC[C@H](CCNC[C@H](O)C=O)c1ccc(O)cc1,O=CCC(CC=O)c1ccc(O)cc1,,,,95,low
COCCCc1cc(CN(C(=O)[C@H]2CN(C(=O)OC(C)(C)C)CC[C@@H]2c2ccc(OCCOc3c(Cl)cc(C)cc3Cl)cc2)C2CC2)cc(OCCCC#N)c1,O=CC[C@H](CCNC[C@H](O)C=O)c1ccc(O)cc1,NC[C@H](O)C=O,100,Likely stable,,95,low
COCCCc1cc(CN(C(=O)[C@H]2CN(C(=O)OC(C)(C)C)CC[C@@H]2c2ccc(OCCOc3c(Cl)cc(C)cc3Cl)cc2)C2CC2)cc(OCCCC#N)c1,O=CCC(CC=O)c1ccc(O)cc1,OCCC(CCO)c1ccc(O)cc1,,,,100,low
COCCCc1cc(CN(C(=O)[C@H]2CN(C(=O)OC(C)(C)C)CC[C@@H]2c2ccc(OCCOc3c(Cl)cc(C)cc3Cl)cc2)C2CC2)cc(OCCCC#N)c1,OCCC(CCO)c1ccc(O)cc1,C=Cc1ccc(O)cc1,100,Likely stable,,60,medium
COCCCc1cc(CN(C(=O)[C@H]2CN(C(=O)OC(C)(C)C)CC[C@@H]2c2ccc(OCCOc3c(Cl)cc(C)cc3Cl)cc2)C2CC2)cc(OCCCC#N)c1,OCCC(CCO)c1ccc(O)cc1,C1CO1,80,Likely stable,Three-membered heterocycle (potentially unstable),60,medium
COCCCc1cc(CN(C(=O)[C@H]2CN(C(=O)OC(C)(C)C)CC[C@@H]2c2ccc(OCCOc3c(Cl)cc(C)cc3Cl)cc2)C2CC2)cc(OCCCC#N)c1,C=Cc1ccc(O)cc1,C=Cc1ccc(OC)cc1,100,Likely stable,,95,low
COCCCc1cc(CN(C(=O)[C@H]2CN(C(=O)OC(C)(C)C)CC[C@@H]2c2ccc(OCCOc3c(Cl)cc(C)cc3Cl)cc2)C2CC2)cc(OCCCC#N)c1,Cc1cc(Cl)c(OCCCl)c(Cl)c1,ClCCBr,100,Likely stable,,95,low
COCCCc1cc(CN(C(=O)[C@H]2CN(C(=O)OC(C)(C)C)CC[C@@H]2c2ccc(OCCOc3c(Cl)cc(C)cc3Cl)cc2)C2CC2)cc(OCCCC#N)c1,Cc1cc(Cl)c(OCCCl)c(Cl)c1,Cc1cc(Cl)c(O)c(Cl)c1,100,Likely stable,,95,low
COCCCc1cc(CN(C(=O)[C@H]2CN(C(=O)OC(C)(C)C)CC[C@@H]2c2ccc(OCCOc3c(Cl)cc(C)cc3Cl)cc2)C2CC2)cc(OCCCC#N)c1,CC(C)(C)OC(=O)OC(=O)OC(C)(C)C,C=C(C)C,100,Likely stable,,95,low
COCCCc1cc(CN(C(=O)[C@H]2CN(C(=O)OC(C)(C)C)CC[C@@H]2c2ccc(OCCOc3c(Cl)cc(C)cc3Cl)cc2)C2CC2)cc(OCCCC#N)c1,CC(C)(C)OC(=O)OC(=O)OC(C)(C)C,CC(C)(C)OC(=O)OC(=O)O,100,Likely stable,,95,low
COCCCc1cc(CN(C(=O)[C@H]2CN(C(=O)OC(C)(C)C)CC[C@@H]2c2ccc(OCCOc3c(Cl)cc(C)cc3Cl)cc2)C2CC2)cc(OCCCC#N)c1,CC(C)(C)OC(=O)OC(=O)O,C=C(C)C,100,Likely stable,,95,low
COCCCc1cc(CN(C(=O)[C@H]2CN(C(=O)OC(C)(C)C)CC[C@@H]2c2ccc(OCCOc3c(Cl)cc(C)cc3Cl)cc2)C2CC2)cc(OCCCC#N)c1,CC(C)(C)OC(=O)OC(=O)O,O=C(O)OC(=O)O,100,Likely stable,,95,low
C[C@@H](O)c1nc2cnc3ccsc3c2n1[C@H]1CC[C@H](CO)CC1,C[C@@H](O)c1nc2cnc3ccsc3c2n1[C@H]1CC[C@H](CO)CC1,COC(=O)[C@H]1CC[C@H](n2c([C@@H](C)O)nc3cnc4ccsc4c32)CC1,100,Likely stable,,95,low
C[C@@H](O)c1nc2cnc3ccsc3c2n1[C@H]1CC[C@H](CO)CC1,COC(=O)[C@H]1CC[C@H](n2c([C@@H](C)O)nc3cnc4ccsc4c32)CC1,C[C@@H](O)C(N)=O,100,Likely stable,,5,critical
C[C@@H](O)c1nc2cnc3ccsc3c2n1[C@H]1CC[C@H](CO)CC1,COC(=O)[C@H]1CC[C@H](n2c([C@@H](C)O)nc3cnc4ccsc4c32)CC1,COC(=O)[C@H]1CC[C@H](Nc2c(N)cnc3ccsc23)CC1,100,Likely stable,,5,critical
C[C@@H](O)c1nc2cnc3ccsc3c2n1[C@H]1CC[C@H](CO)CC1,COC(=O)[C@H]1CC[C@H](Nc2c(N)cnc3ccsc23)CC1,COC(=O)[C@H]1CC[C@H](Nc2c([N+](=O)[O-])cnc3ccsc23)CC1,100,Likely stable,,90,low
C[C@@H](O)c1nc2cnc3ccsc3c2n1[C@H]1CC[C@H](CO)CC1,COC(=O)[C@H]1CC[C@H](Nc2c([N+](=O)[O-])cnc3ccsc23)CC1,COC(=O)[C@H]1CC[C@H](N)CC1,100,Likely stable,,95,low
C[C@@H](O)c1nc2cnc3ccsc3c2n1[C@H]1CC[C@H](CO)CC1,COC(=O)[C@H]1CC[C@H](Nc2c([N+](=O)[O-])cnc3ccsc23)CC1,O=[N+]([O-])c1cnc2ccsc2c1Cl,100,Likely stable,,95,low
C#CC1(O)C(C)=CC2(CC1(C)C(F)(F)F)OC(C)C(C)O2,C#CC1(O)C(C)=CC2(CC1(C)C(F)(F)F)OC(C)C(C)O2,C#CC1(O)C(C)=CC(=O)CC1(C)C(F)(F)F,65,Moderately stable,Contains carbene (highly reactive intermediate),65,medium
C#CC1(O)C(C)=CC2(CC1(C)C(F)(F)F)OC(C)C(C)O2,C#CC1(O)C(C)=CC2(CC1(C)C(F)(F)F)OC(C)C(C)O2,CC(O)C(C)O,100,Likely stable,,65,medium
C#CC1(O)C(C)=CC2(CC1(C)C(F)(F)F)OC(C)C(C)O2,C#CC1(O)C(C)=CC(=O)CC1(C)C(F)(F)F,CC1=CC(=O)CC(C)(C(F)(F)F)C1=O,100,Likely stable,,95,low
C#CC1(O)C(C)=CC2(CC1(C)C(F)(F)F)OC(C)C(C)O2,C#CC1(O)C(C)=CC(=O)CC1(C)C(F)(F)F,C#C,100,Likely stable,,95,low
C#CC1(O)C(C)=CC2(CC1(C)C(F)(F)F)OC(C)C(C)O2,CC1=CC(=O)CC(C)(C(F)(F)F)C1=O,CC1=CC(=O)CCC1,100,Likely stable,,95,low
C#CC1(O)C(C)=CC2(CC1(C)C(F)(F)F)OC(C)C(C)O2,CC1=CC(=O)CC(C)(C(F)(F)F)C1=O,CC(=O)C(F)(F)F,100,Likely stable,,95,low
C#CC1(O)C(C)=CC2(CC1(C)C(F)(F)F)OC(C)C(C)O2,CC1=CC(=O)CCC1,CC(=O)O,100,Likely stable,,90,low
C#CC1(O)C(C)=CC2(CC1(C)C(F)(F)F)OC(C)C(C)O2,CC1=CC(=O)CCC1,CC1=CCCCC1,100,Likely stable,,90,low
CC(C)(C)OC(=O)N[C@@H]1c2cccnc2C(=O)CC[C@H]1c1cccc(F)c1F,CC(C)(C)OC(=O)N[C@@H]1c2cccnc2C(=O)CC[C@H]1c1cccc(F)c1F,CC(C)(C)OC(=O)N[C@@H](c1cccnc1C=O)[C@H](CCBr)c1cccc(F)c1F,100,Likely stable,,70,medium
CC(C)(C)OC(=O)N[C@@H]1c2cccnc2C(=O)CC[C@H]1c1cccc(F)c1F,CC(C)(C)OC(=O)N[C@@H](c1cccnc1C=O)[C@H](CCBr)c1cccc(F)c1F,CC(C)(C)OC(=O)N[C@H](C=O)c1cccnc1C=O,100,Likely stable,,95,low
CC(C)(C)OC(=O)N[C@@H]1c2cccnc2C(=O)CC[C@H]1c1cccc(F)c1F,CC(C)(C)OC(=O)N[C@@H](c1cccnc1C=O)[C@H](CCBr)c1cccc(F)c1F,N[C@H](CCBr)c1cccc(F)c1F,100,Likely stable,,95,low
CC(C)(C)OC(=O)N[C@@H]1c2cccnc2C(=O)CC[C@H]1c1cccc(F)c1F,CC(C)(C)OC(=O)N[C@H](C=O)c1cccnc1C=O,CN(C)C=O,100,Likely stable,,30,high
CC(C)(C)OC(=O)N[C@@H]1c2cccnc2C(=O)CC[C@H]1c1cccc(F)c1F,CC(C)(C)OC(=O)N[C@H](C=O)c1cccnc1C=O,CC(C)(C)OC(=O)N[C@H](C=O)c1cccnc1,100,Likely stable,,30,high
CC(C)(C)OC(=O)N[C@@H]1c2cccnc2C(=O)CC[C@H]1c1cccc(F)c1F,CC(C)(C)OC(=O)N[C@H](C=O)c1cccnc1,CC(C)(C)OC(=O)N[C@H](CO)c1cccnc1,100,Likely stable,,100,low
CC(C)(C)OC(=O)N[C@@H]1c2cccnc2C(=O)CC[C@H]1c1cccc(F)c1F,N[C@H](CCBr)c1cccc(F)c1F,O=C1CCC(=O)N1Br,95,Likely stable,,55,medium
CC(C)(C)OC(=O)N[C@@H]1c2cccnc2C(=O)CC[C@H]1c1cccc(F)c1F,N[C@H](CCBr)c1cccc(F)c1F,N[C@H](CCO)c1cccc(F)c1F,100,Likely stable,,55,medium
CC(C)(C)OC(=O)N[C@@H]1c2cccnc2C(=O)CC[C@H]1c1cccc(F)c1F,N[C@H](CCO)c1cccc(F)c1F,N[C@H](CC(=O)O)c1cccc(F)c1F,100,Likely stable,,95,low
CS(=O)(=O)CCN1CCC(c2ccc3c(c2)-n2nc(-c4ncnn4CC(F)(F)F)cc2CCO3)CC1,CS(=O)(=O)CCN1CCC(c2ccc3c(c2)-n2nc(-c4ncnn4CC(F)(F)F)cc2CCO3)CC1,CS(=O)(=O)CCN1CCC(c2ccc(O)c(-n3nc(-c4ncnn4CC(F)(F)F)cc3CCBr)c2)CC1,,,,70,medium
CS(=O)(=O)CCN1CCC(c2ccc3c(c2)-n2nc(-c4ncnn4CC(F)(F)F)cc2CCO3)CC1,CS(=O)(=O)CCN1CCC(c2ccc(O)c(-n3nc(-c4ncnn4CC(F)(F)F)cc3CCBr)c2)CC1,CCc1cc(-c2ncnn2CC(F)(F)F)nn1-c1cc(C2CCN(CCS(C)(=O)=O)CC2)ccc1O,,,,90,low
CS(=O)(=O)CCN1CCC(c2ccc3c(c2)-n2nc(-c4ncnn4CC(F)(F)F)cc2CCO3)CC1,CCc1cc(-c2ncnn2CC(F)(F)F)nn1-c1cc(C2CCN(CCS(C)(=O)=O)CC2)ccc1O,CCc1cc(-c2ncnn2CC(F)(F)F)nn1-c1cc(C2CCNCC2)ccc1O,,,,95,low
CS(=O)(=O)CCN1CCC(c2ccc3c(c2)-n2nc(-c4ncnn4CC(F)(F)F)cc2CCO3)CC1,CCc1cc(-c2ncnn2CC(F)(F)F)nn1-c1cc(C2CCN(CCS(C)(=O)=O)CC2)ccc1O,CS(=O)(=O)CCBr,100,Likely stable,,95,low
CS(=O)(=O)CCN1CCC(c2ccc3c(c2)-n2nc(-c4ncnn4CC(F)(F)F)cc2CCO3)CC1,CCc1cc(-c2ncnn2CC(F)(F)F)nn1-c1cc(C2CCNCC2)ccc1O,Oc1ccc(C2CCNCC2)cc1Br,100,Likely stable,,95,low
CS(=O)(=O)CCN1CCC(c2ccc3c(c2)-n2nc(-c4ncnn4CC(F)(F)F)cc2CCO3)CC1,CCc1cc(-c2ncnn2CC(F)(F)F)nn1-c1cc(C2CCNCC2)ccc1O,CCc1cc(-c2ncnn2CC(F)(F)F)n[nH]1,100,Likely stable,,95,low
CS(=O)(=O)CCN1CCC(c2ccc3c(c2)-n2nc(-c4ncnn4CC(F)(F)F)cc2CCO3)CC1,Oc1ccc(C2CCNCC2)cc1Br,O=C1CCC(=O)N1Br,95,Likely stable,,55,medium
CS(=O)(=O)CCN1CCC(c2ccc3c(c2)-n2nc(-c4ncnn4CC(F)(F)F)cc2CCO3)CC1,Oc1ccc(C2CCNCC2)cc1Br,Oc1ccc(C2CCNCC2)cc1,100,Likely stable,,55,medium
CS(=O)(=O)CCN1CCC(c2ccc3c(c2)-n2nc(-c4ncnn4CC(F)(F)F)cc2CCO3)CC1,CCc1cc(-c2ncnn2CC(F)(F)F)n[nH]1,FC(F)(F)CBr,100,Likely stable,,95,low
CS(=O)(=O)CCN1CCC(c2ccc3c(c2)-n2nc(-c4ncnn4CC(F)(F)F)cc2CCO3)CC1,CCc1cc(-c2ncnn2CC(F)(F)F)n[nH]1,CCc1cc(-c2ncn[nH]2)n[nH]1,100,Likely stable,,95,low
CS(=O)(=O)CCN1CCC(c2ccc3c(c2)-n2nc(-c4ncnn4CC(F)(F)F)cc2CCO3)CC1,CCc1cc(-c2ncn[nH]2)n[nH]1,NN,100,Likely stable,,0,critical
CS(=O)(=O)CCN1CCC(c2ccc3c(c2)-n2nc(-c4ncnn4CC(F)(F)F)cc2CCO3)CC1,CCc1cc(-c2ncn[nH]2)n[nH]1,CCC(=O)Cl,100,Likely stable,,0,critical
CS(=O)(=O)CCN1CCC(c2ccc3c(c2)-n2nc(-c4ncnn4CC(F)(F)F)cc2CCO3)CC1,CCc1cc(-c2ncn[nH]2)n[nH]1,CC(=O)c1ncn[nH]1,100,Likely stable,,0,critical
CS(=O)(=O)CCN1CCC(c2ccc3c(c2)-n2nc(-c4ncnn4CC(F)(F)F)cc2CCO3)CC1,NN,NN=O,100,Likely stable,,95,low
CS(=O)(=O)CCN1CCC(c2ccc3c(c2)-n2nc(-c4ncnn4CC(F)(F)F)cc2CCO3)CC1,NN=O,O=N[N+](=O)[O-],100,Likely stable,,90,low
C[C@@H]1CCCN1CCc1nnc2cc(Br)ccc2c1O,C[C@@H]1CCCN1CCc1nnc2cc(Br)ccc2c1O,C[C@@H]1CCCN1,95,Likely stable,,95,low
C[C@@H]1CCCN1CCc1nnc2cc(Br)ccc2c1O,C[C@@H]1CCCN1CCc1nnc2cc(Br)ccc2c1O,Oc1c(CCBr)nnc2cc(Br)ccc12,,,,95,low
C[C@@H]1CCCN1CCc1nnc2cc(Br)ccc2c1O,C[C@@H]1CCCN1,C[C@@H]1CCCN1Cc1ccccc1,100,Likely stable,,0,critical
C[C@@H]1CCCN1CCc1nnc2cc(Br)ccc2c1O,Oc1c(CCBr)nnc2cc(Br)ccc12,Oc1cnnc2cc(Br)ccc12,100,Likely stable,,95,low
C[C@@H]1CCCN1CCc1nnc2cc(Br)ccc2c1O,Oc1c(CCBr)nnc2cc(Br)ccc12,BrCCBr,100,Likely stable,,95,low
C[C@@H]1CCCN1CCc1nnc2cc(Br)ccc2c1O,Oc1cnnc2cc(Br)ccc12,CC(=O)Oc1cnnc2cc(Br)ccc12,100,Likely stable,,90,low
C[C@@H]1CCCN1CCc1nnc2cc(Br)ccc2c1O,CC(=O)Oc1cnnc2cc(Br)ccc12,O=C1CCC(=O)N1Br,95,Likely stable,,55,medium
C[C@@H]1CCCN1CCc1nnc2cc(Br)ccc2c1O,CC(=O)Oc1cnnc2cc(Br)ccc12,CC(=O)Oc1cnnc2ccccc12,100,Likely stable,,55,medium
C[C@@H]1CCCN1CCc1nnc2cc(Br)ccc2c1O,CC(=O)Oc1cnnc2ccccc12,CC(=O)OC(C)=O,100,Likely stable,,90,low
C[C@@H]1CCCN1CCc1nnc2cc(Br)ccc2c1O,CC(=O)Oc1cnnc2ccccc12,Oc1cnnc2ccccc12,100,Likely stable,,90,low
O=C(Cc1cccs1)NC1C(=O)N2C(C(=O)O)C(CBr)=CS[C@H]12,O=C(Cc1cccs1)NC1C(=O)N2C(C(=O)O)C(CBr)=CS[C@H]12,NC1C(=O)N2C(C(=O)O)C(CBr)=CSC12,,,,95,low
O=C(Cc1cccs1)NC1C(=O)N2C(C(=O)O)C(CBr)=CS[C@H]12,O=C(Cc1cccs1)NC1C(=O)N2C(C(=O)O)C(CBr)=CS[C@H]12,O=C(Cl)Cc1cccs1,100,Likely stable,,95,low
O=C(Cc1cccs1)NC1C(=O)N2C(C(=O)O)C(CBr)=CS[C@H]12,NC1C(=O)N2C(C(=O)O)C(CBr)=CSC12,CC1=CSC2C(N)C(=O)N2C1C(=O)O,,,,90,low
O=C(Cc1cccs1)NC1C(=O)N2C(C(=O)O)C(CBr)=CS[C@H]12,CC1=CSC2C(N)C(=O)N2C1C(=O)O,CC=CSC(N)C(=O)NC(C(=O)O)C(=O)O,,,,40,medium
O=C(Cc1cccs1)NC1C(=O)N2C(C(=O)O)C(CBr)=CS[C@H]12,CC=CSC(N)C(=O)NC(C(=O)O)C(=O)O,NC(C(=O)O)C(=O)O,,,,95,low
O=C(Cc1cccs1)NC1C(=O)N2C(C(=O)O)C(CBr)=CS[C@H]12,CC=CSC(N)C(=O)NC(C(=O)O)C(=O)O,CC=CSC(N)C(=O)Cl,,,,95,low
O=C(Cc1cccs1)NC1C(=O)N2C(C(=O)O)C(CBr)=CS[C@H]12,CC=CSC(N)C(=O)Cl,CC=CSC(N)C(=O)O,,,,95,low
O=C(Cc1cccs1)NC1C(=O)N2C(C(=O)O)C(CBr)=CS[C@H]12,CC=CSC(N)C(=O)O,NC(CS)C(=O)O,,,,95,low
O=C(Cc1cccs1)NC1C(=O)N2C(C(=O)O)C(CBr)=CS[C@H]12,CC=CSC(N)C(=O)O,C=CCBr,100,Likely stable,,95,low
O=C(Cc1cccs1)NC1C(=O)N2C(C(=O)O)C(CBr)=CS[C@H]12,O=C(Cl)Cc1cccs1,O=C(Cl)C(=O)Cl,100,Likely stable,,85,low
O=C(Cc1cccs1)NC1C(=O)N2C(C(=O)O)C(CBr)=CS[C@H]12,O=C(Cl)Cc1cccs1,O=C(O)Cc1cccs1,100,Likely stable,,85,low
CN1CCN(c2ccc3c(c2)[nH]c2c(C(N)=O)cc(-c4cnn(C)c4)nc23)CC1,CN1CCN(c2ccc3c(c2)[nH]c2c(C(N)=O)cc(-c4cnn(C)c4)nc23)CC1,CN1CCNCC1,95,Likely stable,,95,low
CN1CCN(c2ccc3c(c2)[nH]c2c(C(N)=O)cc(-c4cnn(C)c4)nc23)CC1,CN1CCN(c2ccc3c(c2)[nH]c2c(C(N)=O)cc(-c4cnn(C)c4)nc23)CC1,Cn1cc(-c2cc(C(N)=O)c3[nH]c4cc(Cl)ccc4c3n2)cn1,,,,95,low
CN1CCN(c2ccc3c(c2)[nH]c2c(C(N)=O)cc(-c4cnn(C)c4)nc23)CC1,CN1CCNCC1,CN1CCN(Cc2ccccc2)CC1,100,Likely stable,,0,critical
CN1CCN(c2ccc3c(c2)[nH]c2c(C(N)=O)cc(-c4cnn(C)c4)nc23)CC1,Cn1cc(-c2cc(C(N)=O)c3[nH]c4cc(Cl)ccc4c3n2)cn1,Cn1cc(-c2cc(C(=O)O)c3[nH]c4cc(Cl)ccc4c3n2)cn1,100,Likely stable,,95,low
CN1CCN(c2ccc3c(c2)[nH]c2c(C(N)=O)cc(-c4cnn(C)c4)nc23)CC1,Cn1cc(-c2cc(C(=O)O)c3[nH]c4cc(Cl)ccc4c3n2)cn1,Cn1cc(B2OC(C)(C)C(C)(C)O2)cn1,100,Likely stable,,20,high
CN1CCN(c2ccc3c(c2)[nH]c2c(C(N)=O)cc(-c4cnn(C)c4)nc23)CC1,Cn1cc(-c2cc(C(=O)O)c3[nH]c4cc(Cl)ccc4c3n2)cn1,O=C(O)c1cc(Cl)nc2c1[nH]c1cc(Cl)ccc12,100,Likely stable,,20,high
CN1CCN(c2ccc3c(c2)[nH]c2c(C(N)=O)cc(-c4cnn(C)c4)nc23)CC1,O=C(O)c1cc(Cl)nc2c1[nH]c1cc(Cl)ccc12,O=C(O)c1cc(Cl)ncc1Nc1cccc(Cl)c1,100,Likely stable,,70,medium
CN1CCN(c2ccc3c(c2)[nH]c2c(C(N)=O)cc(-c4cnn(C)c4)nc23)CC1,O=C(O)c1cc(Cl)ncc1Nc1cccc(Cl)c1,CC(C)(C)OC(=O)c1cc(Cl)ncc1Nc1cccc(Cl)c1,100,Likely stable,,80,low
CN1CCN(c2ccc3c(c2)[nH]c2c(C(N)=O)cc(-c4cnn(C)c4)nc23)CC1,CC(C)(C)OC(=O)c1cc(Cl)ncc1Nc1cccc(Cl)c1,Nc1cccc(Cl)c1,100,Likely stable,,95,low
CN1CCN(c2ccc3c(c2)[nH]c2c(C(N)=O)cc(-c4cnn(C)c4)nc23)CC1,CC(C)(C)OC(=O)c1cc(Cl)ncc1Nc1cccc(Cl)c1,CC(C)(C)OC(=O)c1cc(Cl)ncc1Br,100,Likely stable,,95,low
CN1CCN(c2ccc3c(c2)[nH]c2c(C(N)=O)cc(-c4cnn(C)c4)nc23)CC1,CC(C)(C)OC(=O)c1cc(Cl)ncc1Br,CC(C)(C)OC(=O)OC(=O)OC(C)(C)C,100,Likely stable,,70,medium
CN1CCN(c2ccc3c(c2)[nH]c2c(C(N)=O)cc(-c4cnn(C)c4)nc23)CC1,CC(C)(C)OC(=O)c1cc(Cl)ncc1Br,O=C(O)c1cc(Cl)ncc1Br,100,Likely stable,,70,medium
CC1(C)OCC(C)(C=O)N(Cc2ccccc2)C1=O,CC1(C)OCC(C)(C=O)N(Cc2ccccc2)C1=O,CC1(C)OCC(C)(CO)N(Cc2ccccc2)C1=O,100,Likely stable,,100,low
CC1(C)OCC(C)(C=O)N(Cc2ccccc2)C1=O,CC1(C)OCC(C)(CO)N(Cc2ccccc2)C1=O,CC1(CO)COC(C)(C)C(=O)N1,,,,95,low
CC1(C)OCC(C)(C=O)N(Cc2ccccc2)C1=O,CC1(C)OCC(C)(CO)N(Cc2ccccc2)C1=O,BrCc1ccccc1,100,Likely stable,,95,low
CC1(C)OCC(C)(C=O)N(Cc2ccccc2)C1=O,CC1(CO)COC(C)(C)C(=O)N1,CC(C)(O)CNC(C)(C)CO,100,Likely stable,,70,medium
CC1(C)OCC(C)(C=O)N(Cc2ccccc2)C1=O,CC1(CO)COC(C)(C)C(=O)N1,O=C=O,65,Moderately stable,Contains carbene (highly reactive intermediate),70,medium
CC1(C)OCC(C)(C=O)N(Cc2ccccc2)C1=O,CC(C)(O)CNC(C)(C)CO,CC1(C)CO1,80,Likely stable,Three-membered heterocycle (potentially unstable),75,medium
CC1(C)OCC(C)(C=O)N(Cc2ccccc2)C1=O,CC(C)(O)CNC(C)(C)CO,CC(C)(N)CO,100,Likely stable,,75,medium
CC1(C)OCC(C)(C=O)N(Cc2ccccc2)C1=O,BrCc1ccccc1,Cc1ccccc1,100,Likely stable,,55,medium
CC1(C)OCC(C)(C=O)N(Cc2ccccc2)C1=O,BrCc1ccccc1,O=C1CCC(=O)N1Br,95,Likely stable,,55,medium
COCCCc1cc(CN(C(=O)[C@H]2CN(C(=O)OC(C)(C)C)CC[C@@H]2c2ccc(OCCOc3c(Cl)cc(C)cc3Cl)cc2)C2CC2)cc(OS(=O)(=O)C(F)(F)F)c1,COCCCc1cc(CN(C(=O)[C@H]2CN(C(=O)OC(C)(C)C)CC[C@@H]2c2ccc(OCCOc3c(Cl)cc(C)cc3Cl)cc2)C2CC2)cc(OS(=O)(=O)C(F)(F)F)c1,COCCCc1cc(CNC2CC2)cc(OS(=O)(=O)C(F)(F)F)c1,100,Likely stable,,95,low
COCCCc1cc(CN(C(=O)[C@H]2CN(C(=O)OC(C)(C)C)CC[C@@H]2c2ccc(OCCOc3c(Cl)cc(C)cc3Cl)cc2)C2CC2)cc(OS(=O)(=O)C(F)(F)F)c1,COCCCc1cc(CN(C(=O)[C@H]2CN(C(=O)OC(C)(C)C)CC[C@@H]2c2ccc(OCCOc3c(Cl)cc(C)cc3Cl)cc2)C2CC2)cc(OS(=O)(=O)C(F)(F)F)c1,Cc1cc(Cl)c(OCCOc2ccc([C@H]3CCN(C(=O)OC(C)(C)C)C[C@@H]3C(=O)O)cc2)c(Cl)c1,,,,95,low
COCCCc1cc(CN(C(=O)[C@H]2CN(C(=O)OC(C)(C)C)CC[C@@H]2c2ccc(OCCOc3c(Cl)cc(C)cc3Cl)cc2)C2CC2)cc(OS(=O)(=O)C(F)(F)F)c1,COCCCc1cc(CNC2CC2)cc(OS(=O)(=O)C(F)(F)F)c1,COCCCc1cc(C=O)cc(OS(=O)(=O)C(F)(F)F)c1,100,Likely stable,,95,low
COCCCc1cc(CN(C(=O)[C@H]2CN(C(=O)OC(C)(C)C)CC[C@@H]2c2ccc(OCCOc3c(Cl)cc(C)cc3Cl)cc2)C2CC2)cc(OS(=O)(=O)C(F)(F)F)c1,COCCCc1cc(CNC2CC2)cc(OS(=O)(=O)C(F)(F)F)c1,CNC1CC1,100,Likely stable,,95,low
COCCCc1cc(CN(C(=O)[C@H]2CN(C(=O)OC(C)(C)C)CC[C@@H]2c2ccc(OCCOc3c(Cl)cc(C)cc3Cl)cc2)C2CC2)cc(OS(=O)(=O)C(F)(F)F)c1,COCCCc1cc(C=O)cc(OS(=O)(=O)C(F)(F)F)c1,COCCCc1cc(O)cc(C=O)c1,100,Likely stable,,85,low
COCCCc1cc(CN(C(=O)[C@H]2CN(C(=O)OC(C)(C)C)CC[C@@H]2c2ccc(OCCOc3c(Cl)cc(C)cc3Cl)cc2)C2CC2)cc(OS(=O)(=O)C(F)(F)F)c1,COCCCc1cc(C=O)cc(OS(=O)(=O)C(F)(F)F)c1,O=S(=O)(OS(=O)(=O)C(F)(F)F)C(F)(F)F,100,Likely stable,,85,low
COCCCc1cc(CN(C(=O)[C@H]2CN(C(=O)OC(C)(C)C)CC[C@@H]2c2ccc(OCCOc3c(Cl)cc(C)cc3Cl)cc2)C2CC2)cc(OS(=O)(=O)C(F)(F)F)c1,COCCCc1cc(O)cc(C=O)c1,C=CCOC,100,Likely stable,,95,low
COCCCc1cc(CN(C(=O)[C@H]2CN(C(=O)OC(C)(C)C)CC[C@@H]2c2ccc(OCCOc3c(Cl)cc(C)cc3Cl)cc2)C2CC2)cc(OS(=O)(=O)C(F)(F)F)c1,COCCCc1cc(O)cc(C=O)c1,O=Cc1cc(O)cc(Br)c1,100,Likely stable,,95,low
COCCCc1cc(CN(C(=O)[C@H]2CN(C(=O)OC(C)(C)C)CC[C@@H]2c2ccc(OCCOc3c(Cl)cc(C)cc3Cl)cc2)C2CC2)cc(OS(=O)(=O)C(F)(F)F)c1,Cc1cc(Cl)c(OCCOc2ccc([C@H]3CCN(C(=O)OC(C)(C)C)C[C@@H]3C(=O)O)cc2)c(Cl)c1,Cc1cc(Cl)c(OCCOc2ccc([C@H]3CCNC[C@@H]3C(=O)O)cc2)c(Cl)c1,,,,75,medium
COCCCc1cc(CN(C(=O)[C@H]2CN(C(=O)OC(C)(C)C)CC[C@@H]2c2ccc(OCCOc3c(Cl)cc(C)cc3Cl)cc2)C2CC2)cc(OS(=O)(=O)C(F)(F)F)c1,Cc1cc(Cl)c(OCCOc2ccc([C@H]3CCN(C(=O)OC(C)(C)C)C[C@@H]3C(=O)O)cc2)c(Cl)c1,CC(C)(C)OC(=O)OC(=O)OC(C)(C)C,100,Likely stable,,75,medium
COCCCc1cc(CN(C(=O)[C@H]2CN(C(=O)OC(C)(C)C)CC[C@@H]2c2ccc(OCCOc3c(Cl)cc(C)cc3Cl)cc2)C2CC2)cc(OS(=O)(=O)C(F)(F)F)c1,Cc1cc(Cl)c(OCCOc2ccc([C@H]3CCNC[C@@H]3C(=O)O)cc2)c(Cl)c1,O=C(O)[C@H]1CNCC[C@@H]1c1ccc(O)cc1,100,Likely stable,,95,low
COCCCc1cc(CN(C(=O)[C@H]2CN(C(=O)OC(C)(C)C)CC[C@@H]2c2ccc(OCCOc3c(Cl)cc(C)cc3Cl)cc2)C2CC2)cc(OS(=O)(=O)C(F)(F)F)c1,Cc1cc(Cl)c(OCCOc2ccc([C@H]3CCNC[C@@H]3C(=O)O)cc2)c(Cl)c1,Cc1cc(Cl)c(OCCCl)c(Cl)c1,100,Likely stable,,95,low
COCCCc1cc(CN(C(=O)[C@H]2CN(C(=O)OC(C)(C)C)CC[C@@H]2c2ccc(OCCOc3c(Cl)cc(C)cc3Cl)cc2)C2CC2)cc(OS(=O)(=O)C(F)(F)F)c1,O=C(O)[C@H]1CNCC[C@@H]1c1ccc(O)cc1,OC[C@H]1CNCC[C@@H]1c1ccc(O)cc1,100,Likely stable,,90,low
COCCCc1cc(CN(C(=O)[C@H]2CN(C(=O)OC(C)(C)C)CC[C@@H]2c2ccc(OCCOc3c(Cl)cc(C)cc3Cl)cc2)C2CC2)cc(OS(=O)(=O)C(F)(F)F)c1,OC[C@H]1CNCC[C@@H]1c1ccc(O)cc1,O=CC[C@H](CCNC[C@H](O)C=O)c1ccc(O)cc1,,,,40,medium
COCCCc1cc(CN(C(=O)[C@H]2CN(C(=O)OC(C)(C)C)CC[C@@H]2c2ccc(OCCOc3c(Cl)cc(C)cc3Cl)cc2)C2CC2)cc(OS(=O)(=O)C(F)(F)F)c1,O=CC[C@H](CCNC[C@H](O)C=O)c1ccc(O)cc1,O=CCC(CC=O)c1ccc(O)cc1,,,,95,low
COCCCc1cc(CN(C(=O)[C@H]2CN(C(=O)OC(C)(C)C)CC[C@@H]2c2ccc(OCCOc3c(Cl)cc(C)cc3Cl)cc2)C2CC2)cc(OS(=O)(=O)C(F)(F)F)c1,O=CC[C@H](CCNC[C@H](O)C=O)c1ccc(O)cc1,NC[C@H](O)C=O,100,Likely stable,,95,low
COCCCc1cc(CN(C(=O)[C@H]2CN(C(=O)OC(C)(C)C)CC[C@@H]2c2ccc(OCCOc3c(Cl)cc(C)cc3Cl)cc2)C2CC2)cc(OS(=O)(=O)C(F)(F)F)c1,O=CCC(CC=O)c1ccc(O)cc1,OCCC(CCO)c1ccc(O)cc1,,,,100,low
COCCCc1cc(CN(C(=O)[C@H]2CN(C(=O)OC(C)(C)C)CC[C@@H]2c2ccc(OCCOc3c(Cl)cc(C)cc3Cl)cc2)C2CC2)cc(OS(=O)(=O)C(F)(F)F)c1,OCCC(CCO)c1ccc(O)cc1,C=Cc1ccc(O)cc1,100,Likely stable,,60,medium
COCCCc1cc(CN(C(=O)[C@H]2CN(C(=O)OC(C)(C)C)CC[C@@H]2c2ccc(OCCOc3c(Cl)cc(C)cc3Cl)cc2)C2CC2)cc(OS(=O)(=O)C(F)(F)F)c1,OCCC(CCO)c1ccc(O)cc1,C1CO1,80,Likely stable,Three-membered heterocycle (potentially unstable),60,medium
COCCCc1cc(CN(C(=O)[C@H]2CN(C(=O)OC(C)(C)C)CC[C@@H]2c2ccc(OCCOc3c(Cl)cc(C)cc3Cl)cc2)C2CC2)cc(OS(=O)(=O)C(F)(F)F)c1,C=Cc1ccc(O)cc1,C=Cc1ccc(OC)cc1,100,Likely stable,,95,low
COCCCc1cc(CN(C(=O)[C@H]2CN(C(=O)OC(C)(C)C)CC[C@@H]2c2ccc(OCCOc3c(Cl)cc(C)cc3Cl)cc2)C2CC2)cc(OS(=O)(=O)C(F)(F)F)c1,Cc1cc(Cl)c(OCCCl)c(Cl)c1,ClCCBr,100,Likely stable,,95,low
COCCCc1cc(CN(C(=O)[C@H]2CN(C(=O)OC(C)(C)C)CC[C@@H]2c2ccc(OCCOc3c(Cl)cc(C)cc3Cl)cc2)C2CC2)cc(OS(=O)(=O)C(F)(F)F)c1,Cc1cc(Cl)c(OCCCl)c(Cl)c1,Cc1cc(Cl)c(O)c(Cl)c1,100,Likely stable,,95,low
COCCCc1cc(CN(C(=O)[C@H]2CN(C(=O)OC(C)(C)C)CC[C@@H]2c2ccc(OCCOc3c(Cl)cc(C)cc3Cl)cc2)C2CC2)cc(OS(=O)(=O)C(F)(F)F)c1,CC(C)(C)OC(=O)OC(=O)OC(C)(C)C,C=C(C)C,100,Likely stable,,95,low
COCCCc1cc(CN(C(=O)[C@H]2CN(C(=O)OC(C)(C)C)CC[C@@H]2c2ccc(OCCOc3c(Cl)cc(C)cc3Cl)cc2)C2CC2)cc(OS(=O)(=O)C(F)(F)F)c1,CC(C)(C)OC(=O)OC(=O)OC(C)(C)C,CC(C)(C)OC(=O)OC(=O)O,100,Likely stable,,95,low
COCCCc1cc(CN(C(=O)[C@H]2CN(C(=O)OC(C)(C)C)CC[C@@H]2c2ccc(OCCOc3c(Cl)cc(C)cc3Cl)cc2)C2CC2)cc(OS(=O)(=O)C(F)(F)F)c1,CC(C)(C)OC(=O)OC(=O)O,C=C(C)C,100,Likely stable,,95,low
COCCCc1cc(CN(C(=O)[C@H]2CN(C(=O)OC(C)(C)C)CC[C@@H]2c2ccc(OCCOc3c(Cl)cc(C)cc3Cl)cc2)C2CC2)cc(OS(=O)(=O)C(F)(F)F)c1,CC(C)(C)OC(=O)OC(=O)O,O=C(O)OC(=O)O,100,Likely stable,,95,low
OC1CCCc2sc(-c3ccncc3)cc2C1c1ccc(Cl)cc1,OC1CCCc2sc(-c3ccncc3)cc2C1c1ccc(Cl)cc1,O=C1CCCc2sc(-c3ccncc3)cc2C1,100,Likely stable,,95,low
OC1CCCc2sc(-c3ccncc3)cc2C1c1ccc(Cl)cc1,OC1CCCc2sc(-c3ccncc3)cc2C1c1ccc(Cl)cc1,Clc1ccc(Br)cc1,100,Likely stable,,95,low
OC1CCCc2sc(-c3ccncc3)cc2C1c1ccc(Cl)cc1,O=C1CCCc2sc(-c3ccncc3)cc2C1,OB(O)c1ccncc1,100,Likely stable,,90,low
OC1CCCc2sc(-c3ccncc3)cc2C1c1ccc(Cl)cc1,O=C1CCCc2sc(-c3ccncc3)cc2C1,O=C1CCCc2sc(Br)cc2C1,100,Likely stable,,90,low
OC1CCCc2sc(-c3ccncc3)cc2C1c1ccc(Cl)cc1,O=C1CCCc2sc(Br)cc2C1,O=C1CCCc2sccc2C1,100,Likely stable,,30,high
OC1CCCc2sc(-c3ccncc3)cc2C1c1ccc(Cl)cc1,O=C1CCCc2sc(Br)cc2C1,O=C1CCC(=O)N1Br,95,Likely stable,,30,high
OC1CCCc2sc(-c3ccncc3)cc2C1c1ccc(Cl)cc1,Clc1ccc(Br)cc1,Clc1ccccc1,100,Likely stable,,55,medium
OC1CCCc2sc(-c3ccncc3)cc2C1c1ccc(Cl)cc1,Clc1ccc(Br)cc1,O=C1CCC(=O)N1Br,95,Likely stable,,55,medium
N[C@H]1CC[C@H]1c1ccc(Cl)cc1,N[C@H]1CC[C@H]1c1ccc(Cl)cc1,CC(C)(C)OC(=O)N[C@H]1CC[C@H]1c1ccc(Cl)cc1,100,Likely stable,,75,medium
N[C@H]1CC[C@H]1c1ccc(Cl)cc1,CC(C)(C)OC(=O)N[C@H]1CC[C@H]1c1ccc(Cl)cc1,O=C1CCC(=O)N1Cl,95,Likely stable,,55,medium
N[C@H]1CC[C@H]1c1ccc(Cl)cc1,CC(C)(C)OC(=O)N[C@H]1CC[C@H]1c1ccc(Cl)cc1,CC(C)(C)OC(=O)N[C@H]1CC[C@H]1c1ccccc1,100,Likely stable,,55,medium
N[C@H]1CC[C@H]1c1ccc(Cl)cc1,CC(C)(C)OC(=O)N[C@H]1CC[C@H]1c1ccccc1,N[C@H]1CC[C@H]1c1ccccc1,100,Likely stable,,75,medium
N[C@H]1CC[C@H]1c1ccc(Cl)cc1,CC(C)(C)OC(=O)N[C@H]1CC[C@H]1c1ccccc1,CC(C)(C)OC(=O)OC(=O)OC(C)(C)C,100,Likely stable,,75,medium
CN(C)CC(OCC1(c2ccc(F)cc2)CCN(C(=O)OC(C)(C)C)CC1)c1cc(Cl)cc2cn(COCC[Si](C)(C)C)nc12,CN(C)CC(OCC1(c2ccc(F)cc2)CCN(C(=O)OC(C)(C)C)CC1)c1cc(Cl)cc2cn(COCC[Si](C)(C)C)nc12,CN(C)CC(O)c1cc(Cl)cc2cn(COCC[Si](C)(C)C)nc12,100,Likely stable,,95,low
CN(C)CC(OCC1(c2ccc(F)cc2)CCN(C(=O)OC(C)(C)C)CC1)c1cc(Cl)cc2cn(COCC[Si](C)(C)C)nc12,CN(C)CC(OCC1(c2ccc(F)cc2)CCN(C(=O)OC(C)(C)C)CC1)c1cc(Cl)cc2cn(COCC[Si](C)(C)C)nc12,CC(C)(C)OC(=O)N1CCC(CBr)(c2ccc(F)cc2)CC1,100,Likely stable,,95,low
CN(C)CC(OCC1(c2ccc(F)cc2)CCN(C(=O)OC(C)(C)C)CC1)c1cc(Cl)cc2cn(COCC[Si](C)(C)C)nc12,CN(C)CC(O)c1cc(Cl)cc2cn(COCC[Si](C)(C)C)nc12,C[Si](C)(C)CCOCCl,100,Likely stable,,95,low
CN(C)CC(OCC1(c2ccc(F)cc2)CCN(C(=O)OC(C)(C)C)CC1)c1cc(Cl)cc2cn(COCC[Si](C)(C)C)nc12,CN(C)CC(O)c1cc(Cl)cc2cn(COCC[Si](C)(C)C)nc12,CN(C)CC(O)c1cc(Cl)cc2c[nH]nc12,100,Likely stable,,95,low
CN(C)CC(OCC1(c2ccc(F)cc2)CCN(C(=O)OC(C)(C)C)CC1)c1cc(Cl)cc2cn(COCC[Si](C)(C)C)nc12,CN(C)CC(O)c1cc(Cl)cc2c[nH]nc12,CN(C)CC=O,100,Likely stable,,95,low
CN(C)CC(OCC1(c2ccc(F)cc2)CCN(C(=O)OC(C)(C)C)CC1)c1cc(Cl)cc2cn(COCC[Si](C)(C)C)nc12,CN(C)CC(O)c1cc(Cl)cc2c[nH]nc12,Clc1cc(Br)c2n[nH]cc2c1,100,Likely stable,,95,low
CN(C)CC(OCC1(c2ccc(F)cc2)CCN(C(=O)OC(C)(C)C)CC1)c1cc(Cl)cc2cn(COCC[Si](C)(C)C)nc12,CC(C)(C)OC(=O)N1CCC(CBr)(c2ccc(F)cc2)CC1,Fc1ccc(CCBr)cc1,100,Likely stable,,40,medium
CN(C)CC(OCC1(c2ccc(F)cc2)CCN(C(=O)OC(C)(C)C)CC1)c1cc(Cl)cc2cn(COCC[Si](C)(C)C)nc12,CC(C)(C)OC(=O)N1CCC(CBr)(c2ccc(F)cc2)CC1,CC(C)(C)OC(=O)N(CCCl)CCCl,100,Likely stable,,40,medium
C=C(C[C@@H](Cc1ccc(-c2ccccc2)cc1)NC(=O)OC(C)(C)C)C(=O)O,C=C(C[C@@H](Cc1ccc(-c2ccccc2)cc1)NC(=O)OC(C)(C)C)C(=O)O,CC(C)(C)OC(=O)N[C@@H](CC=O)Cc1ccc(-c2ccccc2)cc1,100,Likely stable,,55,medium
C=C(C[C@@H](Cc1ccc(-c2ccccc2)cc1)NC(=O)OC(C)(C)C)C(=O)O,C=C(C[C@@H](Cc1ccc(-c2ccccc2)cc1)NC(=O)OC(C)(C)C)C(=O)O,CCOC(=O)C(C(=O)OCC)=[PH](=O)(OCC)OCC,,,,55,medium
C=C(C[C@@H](Cc1ccc(-c2ccccc2)cc1)NC(=O)OC(C)(C)C)C(=O)O,CC(C)(C)OC(=O)N[C@@H](CC=O)Cc1ccc(-c2ccccc2)cc1,Brc1ccccc1,100,Likely stable,,95,low
C=C(C[C@@H](Cc1ccc(-c2ccccc2)cc1)NC(=O)OC(C)(C)C)C(=O)O,CC(C)(C)OC(=O)N[C@@H](CC=O)Cc1ccc(-c2ccccc2)cc1,Cc1ccc(C[C@H](CC=O)NC(=O)OC(C)(C)C)cc1,100,Likely stable,,95,low
C=C(C[C@@H](Cc1ccc(-c2ccccc2)cc1)NC(=O)OC(C)(C)C)C(=O)O,Cc1ccc(C[C@H](CC=O)NC(=O)OC(C)(C)C)cc1,Cc1ccc(C[C@H](CC(=O)O)NC(=O)OC(C)(C)C)cc1,100,Likely stable,,95,low
C=C(C[C@@H](Cc1ccc(-c2ccccc2)cc1)NC(=O)OC(C)(C)C)C(=O)O,Cc1ccc(C[C@H](CC(=O)O)NC(=O)OC(C)(C)C)cc1,Cc1ccc(C[C@@H](N)CC(=O)O)cc1,100,Likely stable,,75,medium
C=C(C[C@@H](Cc1ccc(-c2ccccc2)cc1)NC(=O)OC(C)(C)C)C(=O)O,Cc1ccc(C[C@H](CC(=O)O)NC(=O)OC(C)(C)C)cc1,CC(C)(C)OC(=O)OC(=O)OC(C)(C)C,100,Likely stable,,75,medium
C=C(C[C@@H](Cc1ccc(-c2ccccc2)cc1)NC(=O)OC(C)(C)C)C(=O)O,CCOC(=O)C(C(=O)OCC)=[PH](=O)(OCC)OCC,CCOP(OCC)OCC,,,,90,low
C=C(C[C@@H](Cc1ccc(-c2ccccc2)cc1)NC(=O)OC(C)(C)C)C(=O)O,CCOC(=O)C(C(=O)OCC)=[PH](=O)(OCC)OCC,CCOC(=O)C(Br)C(=O)OCC,100,Likely stable,,90,low
C=C(C[C@@H](Cc1ccc(-c2ccccc2)cc1)NC(=O)OC(C)(C)C)C(=O)O,CCOP(OCC)OCC,ClP(Cl)Cl,100,Likely stable,,60,medium
C=C(C[C@@H](Cc1ccc(-c2ccccc2)cc1)NC(=O)OC(C)(C)C)C(=O)O,CCOP(OCC)OCC,CCO,100,Likely stable,,60,medium
C=C(C[C@@H](Cc1ccc(-c2ccccc2)cc1)NC(=O)OC(C)(C)C)C(=O)O,CCOC(=O)C(Br)C(=O)OCC,CCOC(=O)CC(=O)OCC,100,Likely stable,,55,medium
C=C(C[C@@H](Cc1ccc(-c2ccccc2)cc1)NC(=O)OC(C)(C)C)C(=O)O,CCOC(=O)C(Br)C(=O)OCC,O=C1CCC(=O)N1Br,95,Likely stable,,55,medium
Nc1ccc(OC2(S(=O)(=O)c3ccccc3)CC2)nc1Cl,Nc1ccc(OC2(S(=O)(=O)c3ccccc3)CC2)nc1Cl,Nc1ccc(F)nc1Cl,100,Likely stable,,95,low
Nc1ccc(OC2(S(=O)(=O)c3ccccc3)CC2)nc1Cl,Nc1ccc(OC2(S(=O)(=O)c3ccccc3)CC2)nc1Cl,O=S(=O)(c1ccccc1)C1(O)CC1,,,,95,low
Nc1ccc(OC2(S(=O)(=O)c3ccccc3)CC2)nc1Cl,Nc1ccc(F)nc1Cl,O=[N+]([O-])c1ccc(F)nc1Cl,100,Likely stable,,90,low
Nc1ccc(OC2(S(=O)(=O)c3ccccc3)CC2)nc1Cl,O=S(=O)(c1ccccc1)C1(O)CC1,O=C1CC1,100,Likely stable,,95,low
Nc1ccc(OC2(S(=O)(=O)c3ccccc3)CC2)nc1Cl,O=S(=O)(c1ccccc1)C1(O)CC1,O=[SH](=O)c1ccccc1,100,Likely stable,,95,low
Nc1ccc(OC2(S(=O)(=O)c3ccccc3)CC2)nc1Cl,O=[SH](=O)c1ccccc1,Nc1ccc([SH](=O)=O)cc1,100,Likely stable,,35,high
C[C@]1(F)CC(F)(F)[C@@](C)(c2cc(N)ccc2F)N=C1N,C[C@]1(F)CC(F)(F)[C@@](C)(c2cc(N)ccc2F)N=C1N,C[C@]1(F)CC(F)(F)[C@@](C)(c2cc(N)ccc2F)NC1=O,100,Likely stable,,95,low
C[C@]1(F)CC(F)(F)[C@@](C)(c2cc(N)ccc2F)N=C1N,C[C@]1(F)CC(F)(F)[C@@](C)(c2cc(N)ccc2F)NC1=O,C[C@](F)(CC(F)(F)[C@@](C)(N)c1cc(N)ccc1F)C(=O)O,100,Likely stable,,45,medium
C[C@]1(F)CC(F)(F)[C@@](C)(c2cc(N)ccc2F)N=C1N,C[C@](F)(CC(F)(F)[C@@](C)(N)c1cc(N)ccc1F)C(=O)O,C[C@](F)(Br)C(=O)O,100,Likely stable,,95,low
C[C@]1(F)CC(F)(F)[C@@](C)(c2cc(N)ccc2F)N=C1N,C[C@](F)(CC(F)(F)[C@@](C)(N)c1cc(N)ccc1F)C(=O)O,CC(F)(F)[C@@](C)(N)c1cc(N)ccc1F,100,Likely stable,,95,low
C[C@]1(F)CC(F)(F)[C@@](C)(c2cc(N)ccc2F)N=C1N,CC(F)(F)[C@@](C)(N)c1cc(N)ccc1F,CC(F)(F)C(=O)c1cc(N)ccc1F,100,Likely stable,,90,low
C[C@]1(F)CC(F)(F)[C@@](C)(c2cc(N)ccc2F)N=C1N,CC(F)(F)[C@@](C)(N)c1cc(N)ccc1F,N,100,Likely stable,,90,low
C[C@]1(F)CC(F)(F)[C@@](C)(c2cc(N)ccc2F)N=C1N,CC(F)(F)C(=O)c1cc(N)ccc1F,CCOC(=O)C(C)(F)F,100,Likely stable,,90,low
C[C@]1(F)CC(F)(F)[C@@](C)(c2cc(N)ccc2F)N=C1N,CC(F)(F)C(=O)c1cc(N)ccc1F,Nc1ccc(F)c(Br)c1,100,Likely stable,,90,low
N[C@H]1CCOC[C@H]1c1ccc(I)cc1,N[C@H]1CCOC[C@H]1c1ccc(I)cc1,O=C1CCOC[C@H]1c1ccc(I)cc1,100,Likely stable,,95,low
N[C@H]1CCOC[C@H]1c1ccc(I)cc1,N[C@H]1CCOC[C@H]1c1ccc(I)cc1,N,100,Likely stable,,95,low
N[C@H]1CCOC[C@H]1c1ccc(I)cc1,O=C1CCOC[C@H]1c1ccc(I)cc1,O=C(O)CCC[C@H](O)c1ccc(I)cc1,100,Likely stable,,45,medium
N[C@H]1CCOC[C@H]1c1ccc(I)cc1,O=C(O)CCC[C@H](O)c1ccc(I)cc1,O=C(O)CCCC(=O)c1ccc(I)cc1,100,Likely stable,,100,low
N[C@H]1CCOC[C@H]1c1ccc(I)cc1,O=C(O)CCCC(=O)c1ccc(I)cc1,O=C(O)CCCC(=O)O,100,Likely stable,,35,high
N[C@H]1CCOC[C@H]1c1ccc(I)cc1,O=C(O)CCCC(=O)c1ccc(I)cc1,Ic1ccccc1,100,Likely stable,,35,high
COc1ccc2c(Nc3c(Cl)cncc3Cl)cc(=O)[nH]c2c1OCCCCCCN1CCCNCC1,COc1ccc2c(Nc3c(Cl)cncc3Cl)cc(=O)[nH]c2c1OCCCCCCN1CCCNCC1,COc1ccc2c(N)cc(=O)[nH]c2c1OCCCCCCN1CCCNCC1,80,Likely stable,Large (7-membered) heterocycle with N (potentially unstable),95,low
COc1ccc2c(Nc3c(Cl)cncc3Cl)cc(=O)[nH]c2c1OCCCCCCN1CCCNCC1,COc1ccc2c(Nc3c(Cl)cncc3Cl)cc(=O)[nH]c2c1OCCCCCCN1CCCNCC1,Clc1cncc(Cl)c1Cl,100,Likely stable,,95,low
COc1ccc2c(Nc3c(Cl)cncc3Cl)cc(=O)[nH]c2c1OCCCCCCN1CCCNCC1,COc1ccc2c(N)cc(=O)[nH]c2c1OCCCCCCN1CCCNCC1,COc1ccc2c(N)cc(=O)[nH]c2c1O,100,Likely stable,,95,low
COc1ccc2c(Nc3c(Cl)cncc3Cl)cc(=O)[nH]c2c1OCCCCCCN1CCCNCC1,COc1ccc2c(N)cc(=O)[nH]c2c1OCCCCCCN1CCCNCC1,BrCCCCCCN1CCCNCC1,70,Moderately stable,Large (7-membered) heterocycle with N (potentially unstable),95,low
COc1ccc2c(Nc3c(Cl)cncc3Cl)cc(=O)[nH]c2c1OCCCCCCN1CCCNCC1,COc1ccc2c(N)cc(=O)[nH]c2c1O,COc1ccc2c(Br)cc(=O)[nH]c2c1O,100,Likely stable,,95,low
COc1ccc2c(Nc3c(Cl)cncc3Cl)cc(=O)[nH]c2c1OCCCCCCN1CCCNCC1,COc1ccc2c(N)cc(=O)[nH]c2c1O,N,100,Likely stable,,95,low
COc1ccc2c(Nc3c(Cl)cncc3Cl)cc(=O)[nH]c2c1OCCCCCCN1CCCNCC1,COc1ccc2c(Br)cc(=O)[nH]c2c1O,COc1ccc2c(Br)cc(=O)[nH]c2c1OC,100,Likely stable,,35,high
COc1ccc2c(Nc3c(Cl)cncc3Cl)cc(=O)[nH]c2c1OCCCCCCN1CCCNCC1,COc1ccc2c(Br)cc(=O)[nH]c2c1OC,COc1cccc(NC(=O)CC(=O)Br)c1OC,100,Likely stable,,5,critical
COc1ccc2c(Nc3c(Cl)cncc3Cl)cc(=O)[nH]c2c1OCCCCCCN1CCCNCC1,COc1cccc(NC(=O)CC(=O)Br)c1OC,COc1cccc(N)c1OC,100,Likely stable,,90,low
COc1ccc2c(Nc3c(Cl)cncc3Cl)cc(=O)[nH]c2c1OCCCCCCN1CCCNCC1,COc1cccc(NC(=O)CC(=O)Br)c1OC,CCOC(=O)CC(=O)Br,100,Likely stable,,90,low
COc1ccc2c(Nc3c(Cl)cncc3Cl)cc(=O)[nH]c2c1OCCCCCCN1CCCNCC1,CCOC(=O)CC(=O)Br,CCOC(=O)OCC,100,Likely stable,,90,low
COc1ccc2c(Nc3c(Cl)cncc3Cl)cc(=O)[nH]c2c1OCCCCCCN1CCCNCC1,CCOC(=O)CC(=O)Br,CC(=O)Br,100,Likely stable,,90,low
COc1ccc2c(Nc3c(Cl)cncc3Cl)cc(=O)[nH]c2c1OCCCCCCN1CCCNCC1,BrCCCCCCN1CCCNCC1,C1CNCCNC1,70,Moderately stable,Large (7-membered) heterocycle with N (potentially unstable),95,low
COc1ccc2c(Nc3c(Cl)cncc3Cl)cc(=O)[nH]c2c1OCCCCCCN1CCCNCC1,BrCCCCCCN1CCCNCC1,ClCCCCCCBr,100,Likely stable,,95,low
COc1ccc2c(Nc3c(Cl)cncc3Cl)cc(=O)[nH]c2c1OCCCCCCN1CCCNCC1,Clc1cncc(Cl)c1Cl,O=P(Cl)(Cl)Cl,100,Likely stable,,30,high
COc1ccc2c(Nc3c(Cl)cncc3Cl)cc(=O)[nH]c2c1OCCCCCCN1CCCNCC1,Clc1cncc(Cl)c1Cl,Oc1c(Cl)cncc1Cl,100,Likely stable,,30,high
COc1cc2ncc3c(N)nc(-c4cncc(OCCNCc5ccc(F)cc5)c4)cc3c2cc1OC,COc1cc2ncc3c(N)nc(-c4cncc(OCCNCc5ccc(F)cc5)c4)cc3c2cc1OC,COc1cc2ncc3c(N)nc(Br)cc3c2cc1OC,100,Likely stable,,90,low
COc1cc2ncc3c(N)nc(-c4cncc(OCCNCc5ccc(F)cc5)c4)cc3c2cc1OC,COc1cc2ncc3c(N)nc(-c4cncc(OCCNCc5ccc(F)cc5)c4)cc3c2cc1OC,OB(O)c1cncc(OCCNCc2ccc(F)cc2)c1,100,Likely stable,,90,low
COc1cc2ncc3c(N)nc(-c4cncc(OCCNCc5ccc(F)cc5)c4)cc3c2cc1OC,COc1cc2ncc3c(N)nc(Br)cc3c2cc1OC,COc1cc2ncc3c(N)nccc3c2cc1OC,100,Likely stable,,90,low
COc1cc2ncc3c(N)nc(-c4cncc(OCCNCc5ccc(F)cc5)c4)cc3c2cc1OC,COc1cc2ncc3c(N)nccc3c2cc1OC,COc1cc2ncc3c(Cl)nccc3c2cc1OC,100,Likely stable,,95,low
COc1cc2ncc3c(N)nc(-c4cncc(OCCNCc5ccc(F)cc5)c4)cc3c2cc1OC,COc1cc2ncc3c(Cl)nccc3c2cc1OC,Oc1cc2ncc3c(Cl)nccc3c2cc1O,100,Likely stable,,90,low
COc1cc2ncc3c(N)nc(-c4cncc(OCCNCc5ccc(F)cc5)c4)cc3c2cc1OC,COc1cc2ncc3c(Cl)nccc3c2cc1OC,CI,100,Likely stable,,90,low
COc1cc2ncc3c(N)nc(-c4cncc(OCCNCc5ccc(F)cc5)c4)cc3c2cc1OC,Oc1cc2ncc3c(Cl)nccc3c2cc1O,Oc1cc2ncc3cnccc3c2cc1O,100,Likely stable,,90,low
COc1cc2ncc3c(N)nc(-c4cncc(OCCNCc5ccc(F)cc5)c4)cc3c2cc1OC,Oc1cc2ncc3cnccc3c2cc1O,c1ccc2c(c1)ncc1cnccc12,100,Likely stable,,80,low
COc1cc2ncc3c(N)nc(-c4cncc(OCCNCc5ccc(F)cc5)c4)cc3c2cc1OC,c1ccc2c(c1)ncc1cnccc12,Clc1nc2ccccc2c2ccncc12,100,Likely stable,,95,low
COc1cc2ncc3c(N)nc(-c4cncc(OCCNCc5ccc(F)cc5)c4)cc3c2cc1OC,Clc1nc2ccccc2c2ccncc12,O=P(Cl)(Cl)Cl,100,Likely stable,,90,low
COc1cc2ncc3c(N)nc(-c4cncc(OCCNCc5ccc(F)cc5)c4)cc3c2cc1OC,Clc1nc2ccccc2c2ccncc12,O=c1[nH]c2ccccc2c2ccncc12,100,Likely stable,,90,low
COc1cc2ncc3c(N)nc(-c4cncc(OCCNCc5ccc(F)cc5)c4)cc3c2cc1OC,O=c1[nH]c2ccccc2c2ccncc12,Nc1ccccc1B(O)O,100,Likely stable,,35,high
COc1cc2ncc3c(N)nc(-c4cncc(OCCNCc5ccc(F)cc5)c4)cc3c2cc1OC,O=c1[nH]c2ccccc2c2ccncc12,COC(=O)c1cnccc1Br,100,Likely stable,,35,high
COc1cc2ncc3c(N)nc(-c4cncc(OCCNCc5ccc(F)cc5)c4)cc3c2cc1OC,OB(O)c1cncc(OCCNCc2ccc(F)cc2)c1,NCc1ccc(F)cc1,100,Likely stable,,95,low
COc1cc2ncc3c(N)nc(-c4cncc(OCCNCc5ccc(F)cc5)c4)cc3c2cc1OC,OB(O)c1cncc(OCCNCc2ccc(F)cc2)c1,OB(O)c1cncc(OCCBr)c1,100,Likely stable,,95,low
COc1cc2ncc3c(N)nc(-c4cncc(OCCNCc5ccc(F)cc5)c4)cc3c2cc1OC,OB(O)c1cncc(OCCBr)c1,OB(O)c1cncc(O)c1,100,Likely stable,,95,low
COc1cc2ncc3c(N)nc(-c4cncc(OCCNCc5ccc(F)cc5)c4)cc3c2cc1OC,OB(O)c1cncc(OCCBr)c1,BrCCBr,100,Likely stable,,95,low
CC(C)c1ccc2c(c1)OC1(O)c3ccccc3C(=O)C21NC(=O)c1cc(-c2ccccc2)n[nH]1,CC(C)c1ccc2c(c1)OC1(O)c3ccccc3C(=O)C21NC(=O)c1cc(-c2ccccc2)n[nH]1,CC(C)c1ccc2c(c1)OC1(O)c3ccccc3C(=O)C21N,100,Likely stable,,95,low
CC(C)c1ccc2c(c1)OC1(O)c3ccccc3C(=O)C21NC(=O)c1cc(-c2ccccc2)n[nH]1,CC(C)c1ccc2c(c1)OC1(O)c3ccccc3C(=O)C21NC(=O)c1cc(-c2ccccc2)n[nH]1,O=C(O)c1cc(-c2ccccc2)n[nH]1,100,Likely stable,,95,low
CC(C)c1ccc2c(c1)OC1(O)c3ccccc3C(=O)C21NC(=O)c1cc(-c2ccccc2)n[nH]1,CC(C)c1ccc2c(c1)OC1(O)c3ccccc3C(=O)C21N,CC(C)c1ccc(O)c(C2(O)c3ccccc3C(=O)C2N)c1,,,,45,medium
CC(C)c1ccc2c(c1)OC1(O)c3ccccc3C(=O)C21NC(=O)c1cc(-c2ccccc2)n[nH]1,CC(C)c1ccc(O)c(C2(O)c3ccccc3C(=O)C2N)c1,CC(C)c1ccc(O)c(Br)c1,100,Likely stable,,95,low
CC(C)c1ccc2c(c1)OC1(O)c3ccccc3C(=O)C21NC(=O)c1cc(-c2ccccc2)n[nH]1,CC(C)c1ccc(O)c(C2(O)c3ccccc3C(=O)C2N)c1,NC1C(=O)c2ccccc2C1=O,100,Likely stable,,95,low
CC(C)c1ccc2c(c1)OC1(O)c3ccccc3C(=O)C21NC(=O)c1cc(-c2ccccc2)n[nH]1,CC(C)c1ccc(O)c(Br)c1,CC(C)c1ccc(O)cc1,100,Likely stable,,55,medium
CC(C)c1ccc2c(c1)OC1(O)c3ccccc3C(=O)C21NC(=O)c1cc(-c2ccccc2)n[nH]1,CC(C)c1ccc(O)c(Br)c1,O=C1CCC(=O)N1Br,95,Likely stable,,55,medium
CC(C)c1ccc2c(c1)OC1(O)c3ccccc3C(=O)C21NC(=O)c1cc(-c2ccccc2)n[nH]1,NC1C(=O)c2ccccc2C1=O,O=C1c2ccccc2C(=O)C1[N+](=O)[O-],100,Likely stable,,90,low
CC(C)c1ccc2c(c1)OC1(O)c3ccccc3C(=O)C21NC(=O)c1cc(-c2ccccc2)n[nH]1,O=C(O)c1cc(-c2ccccc2)n[nH]1,CCOC(=O)c1cc(-c2ccccc2)n[nH]1,100,Likely stable,,90,low
N#Cc1cc(F)cc([C@H]2C[C@H](F)CN2c2ccn3ncc(C(N)=O)c3c2)c1,N#Cc1cc(F)cc([C@H]2C[C@H](F)CN2c2ccn3ncc(C(N)=O)c3c2)c1,N#Cc1cc(F)cc([C@H]2C[C@H](F)CN2)c1,65,Moderately stable,Contains carbene (highly reactive intermediate),95,low
N#Cc1cc(F)cc([C@H]2C[C@H](F)CN2c2ccn3ncc(C(N)=O)c3c2)c1,N#Cc1cc(F)cc([C@H]2C[C@H](F)CN2c2ccn3ncc(C(N)=O)c3c2)c1,NC(=O)c1cnn2ccc(Br)cc12,100,Likely stable,,95,low
N#Cc1cc(F)cc([C@H]2C[C@H](F)CN2c2ccn3ncc(C(N)=O)c3c2)c1,N#Cc1cc(F)cc([C@H]2C[C@H](F)CN2)c1,N#Cc1cc(F)cc(Br)c1,70,Moderately stable,Contains carbene (highly reactive intermediate),95,low
N#Cc1cc(F)cc([C@H]2C[C@H](F)CN2c2ccn3ncc(C(N)=O)c3c2)c1,N#Cc1cc(F)cc([C@H]2C[C@H](F)CN2)c1,F[C@H]1C[CH]NC1,,,,95,low
N#Cc1cc(F)cc([C@H]2C[C@H](F)CN2c2ccn3ncc(C(N)=O)c3c2)c1,N#Cc1cc(F)cc(Br)c1,NC(=O)c1cc(F)cc(Br)c1,100,Likely stable,,95,low
N#Cc1cc(F)cc([C@H]2C[C@H](F)CN2c2ccn3ncc(C(N)=O)c3c2)c1,NC(=O)c1cnn2ccc(Br)cc12,NC(=O)c1cnn2ccccc12,100,Likely stable,,30,high
N#Cc1cc(F)cc([C@H]2C[C@H](F)CN2c2ccn3ncc(C(N)=O)c3c2)c1,NC(=O)c1cnn2ccc(Br)cc12,O=C1CCC(=O)N1Br,95,Likely stable,,30,high
NC(=O)c1cc(-c2ccc3c(cnn3CCN3CCOCC3)c2)nc2c1[nH]c1cc(N3CCOCC3)ccc12,NC(=O)c1cc(-c2ccc3c(cnn3CCN3CCOCC3)c2)nc2c1[nH]c1cc(N3CCOCC3)ccc12,O=C(O)c1cc(-c2ccc3c(cnn3CCN3CCOCC3)c2)nc2c1[nH]c1cc(N3CCOCC3)ccc12,100,Likely stable,,95,low
NC(=O)c1cc(-c2ccc3c(cnn3CCN3CCOCC3)c2)nc2c1[nH]c1cc(N3CCOCC3)ccc12,NC(=O)c1cc(-c2ccc3c(cnn3CCN3CCOCC3)c2)nc2c1[nH]c1cc(N3CCOCC3)ccc12,N,100,Likely stable,,95,low
NC(=O)c1cc(-c2ccc3c(cnn3CCN3CCOCC3)c2)nc2c1[nH]c1cc(N3CCOCC3)ccc12,O=C(O)c1cc(-c2ccc3c(cnn3CCN3CCOCC3)c2)nc2c1[nH]c1cc(N3CCOCC3)ccc12,O=C(O)c1cc(Br)nc2c1[nH]c1cc(N3CCOCC3)ccc12,100,Likely stable,,90,low
NC(=O)c1cc(-c2ccc3c(cnn3CCN3CCOCC3)c2)nc2c1[nH]c1cc(N3CCOCC3)ccc12,O=C(O)c1cc(-c2ccc3c(cnn3CCN3CCOCC3)c2)nc2c1[nH]c1cc(N3CCOCC3)ccc12,OB(O)c1ccc2c(cnn2CCN2CCOCC2)c1,100,Likely stable,,90,low
NC(=O)c1cc(-c2ccc3c(cnn3CCN3CCOCC3)c2)nc2c1[nH]c1cc(N3CCOCC3)ccc12,O=C(O)c1cc(Br)nc2c1[nH]c1cc(N3CCOCC3)ccc12,O=C(O)c1ccnc2c1[nH]c1cc(N3CCOCC3)ccc12,100,Likely stable,,90,low
NC(=O)c1cc(-c2ccc3c(cnn3CCN3CCOCC3)c2)nc2c1[nH]c1cc(N3CCOCC3)ccc12,O=C(O)c1ccnc2c1[nH]c1cc(N3CCOCC3)ccc12,CC(=O)O,100,Likely stable,,90,low
NC(=O)c1cc(-c2ccc3c(cnn3CCN3CCOCC3)c2)nc2c1[nH]c1cc(N3CCOCC3)ccc12,O=C(O)c1ccnc2c1[nH]c1cc(N3CCOCC3)ccc12,N#Cc1ccnc2c1[nH]c1cc(N3CCOCC3)ccc12,75,Moderately stable,Contains carbene (highly reactive intermediate),90,low
NC(=O)c1cc(-c2ccc3c(cnn3CCN3CCOCC3)c2)nc2c1[nH]c1cc(N3CCOCC3)ccc12,N#Cc1ccnc2c1[nH]c1cc(N3CCOCC3)ccc12,C1COCCN1,95,Likely stable,,95,low
NC(=O)c1cc(-c2ccc3c(cnn3CCN3CCOCC3)c2)nc2c1[nH]c1cc(N3CCOCC3)ccc12,N#Cc1ccnc2c1[nH]c1cc(N3CCOCC3)ccc12,N#Cc1ccnc2c1[nH]c1cc(Br)ccc12,80,Likely stable,Contains carbene (highly reactive intermediate),95,low
NC(=O)c1cc(-c2ccc3c(cnn3CCN3CCOCC3)c2)nc2c1[nH]c1cc(N3CCOCC3)ccc12,N#Cc1ccnc2c1[nH]c1cc(Br)ccc12,N#Cc1ccncc1Nc1cccc(Br)c1,75,Moderately stable,Contains carbene (highly reactive intermediate),70,medium
NC(=O)c1cc(-c2ccc3c(cnn3CCN3CCOCC3)c2)nc2c1[nH]c1cc(N3CCOCC3)ccc12,N#Cc1ccncc1Nc1cccc(Br)c1,Nc1cccc(Br)c1,100,Likely stable,,35,high
NC(=O)c1cc(-c2ccc3c(cnn3CCN3CCOCC3)c2)nc2c1[nH]c1cc(N3CCOCC3)ccc12,N#Cc1ccncc1Nc1cccc(Br)c1,N#Cc1ccncc1Br,70,Moderately stable,Contains carbene (highly reactive intermediate),35,high
NC(=O)c1cc(-c2ccc3c(cnn3CCN3CCOCC3)c2)nc2c1[nH]c1cc(N3CCOCC3)ccc12,OB(O)c1ccc2c(cnn2CCN2CCOCC2)c1,ClCCN1CCOCC1,95,Likely stable,,95,low
NC(=O)c1cc(-c2ccc3c(cnn3CCN3CCOCC3)c2)nc2c1[nH]c1cc(N3CCOCC3)ccc12,OB(O)c1ccc2c(cnn2CCN2CCOCC2)c1,OB(O)c1ccc2[nH]ncc2c1,100,Likely stable,,95,low
Cn1oc(=O)nc1/C(=N\OCc1cccc(N)n1)c1ccccc1,Cn1oc(=O)nc1/C(=N\OCc1cccc(N)n1)c1ccccc1,Cn1oc(=O)nc1C(=O)c1ccccc1,100,Likely stable,,95,low
Cn1oc(=O)nc1/C(=N\OCc1cccc(N)n1)c1ccccc1,Cn1oc(=O)nc1/C(=N\OCc1cccc(N)n1)c1ccccc1,NOCc1cccc(N)n1,100,Likely stable,,95,low
Cn1oc(=O)nc1/C(=N\OCc1cccc(N)n1)c1ccccc1,Cn1oc(=O)nc1C(=O)c1ccccc1,Cn1cnc(=O)o1,,,,95,low
Cn1oc(=O)nc1/C(=N\OCc1cccc(N)n1)c1ccccc1,Cn1oc(=O)nc1C(=O)c1ccccc1,O=C(Cl)c1ccccc1,100,Likely stable,,95,low
Cn1oc(=O)nc1/C(=N\OCc1cccc(N)n1)c1ccccc1,O=C(Cl)c1ccccc1,O=S(Cl)Cl,100,Likely stable,,90,low
Cn1oc(=O)nc1/C(=N\OCc1cccc(N)n1)c1ccccc1,O=C(Cl)c1ccccc1,O=C(O)c1ccccc1,100,Likely stable,,90,low
Cn1oc(=O)nc1/C(=N\OCc1cccc(N)n1)c1ccccc1,NOCc1cccc(N)n1,Nc1cccc(CON2C(=O)c3ccccc3C2=O)n1,100,Likely stable,,0,critical
Cn1oc(=O)nc1/C(=N\OCc1cccc(N)n1)c1ccccc1,Nc1cccc(CON2C(=O)c3ccccc3C2=O)n1,Nc1cccc(CO)n1,100,Likely stable,,95,low
Cn1oc(=O)nc1/C(=N\OCc1cccc(N)n1)c1ccccc1,Nc1cccc(CON2C(=O)c3ccccc3C2=O)n1,O=C1c2ccccc2C(=O)N1O,100,Likely stable,,95,low
CN1CCN(c2ccc3c(c2)[nH]c2c(C(N)=O)cc(-c4ccc(O)c(Cl)c4)nc23)CC1,CN1CCN(c2ccc3c(c2)[nH]c2c(C(N)=O)cc(-c4ccc(O)c(Cl)c4)nc23)CC1,NC(=O)c1cc(-c2ccc(O)c(Cl)c2)nc2c1[nH]c1cc(Cl)ccc12,,,,95,low
CN1CCN(c2ccc3c(c2)[nH]c2c(C(N)=O)cc(-c4ccc(O)c(Cl)c4)nc23)CC1,CN1CCN(c2ccc3c(c2)[nH]c2c(C(N)=O)cc(-c4ccc(O)c(Cl)c4)nc23)CC1,CN1CCNCC1,95,Likely stable,,95,low
CN1CCN(c2ccc3c(c2)[nH]c2c(C(N)=O)cc(-c4ccc(O)c(Cl)c4)nc23)CC1,NC(=O)c1cc(-c2ccc(O)c(Cl)c2)nc2c1[nH]c1cc(Cl)ccc12,NC(=O)c1cc(Br)nc2c1[nH]c1cc(Cl)ccc12,,,,90,low
CN1CCN(c2ccc3c(c2)[nH]c2c(C(N)=O)cc(-c4ccc(O)c(Cl)c4)nc23)CC1,NC(=O)c1cc(-c2ccc(O)c(Cl)c2)nc2c1[nH]c1cc(Cl)ccc12,OB(O)c1ccc(O)c(Cl)c1,100,Likely stable,,90,low
CN1CCN(c2ccc3c(c2)[nH]c2c(C(N)=O)cc(-c4ccc(O)c(Cl)c4)nc23)CC1,NC(=O)c1cc(Br)nc2c1[nH]c1cc(Cl)ccc12,O=C(O)c1cc(Br)nc2c1[nH]c1cc(Cl)ccc12,100,Likely stable,,95,low
CN1CCN(c2ccc3c(c2)[nH]c2c(C(N)=O)cc(-c4ccc(O)c(Cl)c4)nc23)CC1,O=C(O)c1cc(Br)nc2c1[nH]c1cc(Cl)ccc12,O=C(O)c1cc(Br)ncc1Nc1cccc(Cl)c1,100,Likely stable,,70,medium
CN1CCN(c2ccc3c(c2)[nH]c2c(C(N)=O)cc(-c4ccc(O)c(Cl)c4)nc23)CC1,O=C(O)c1cc(Br)ncc1Nc1cccc(Cl)c1,Nc1cnc(Br)cc1C(=O)O,100,Likely stable,,95,low
CN1CCN(c2ccc3c(c2)[nH]c2c(C(N)=O)cc(-c4ccc(O)c(Cl)c4)nc23)CC1,O=C(O)c1cc(Br)ncc1Nc1cccc(Cl)c1,Clc1cccc(I)c1,100,Likely stable,,95,low
CN1CCN(c2ccc3c(c2)[nH]c2c(C(N)=O)cc(-c4ccc(O)c(Cl)c4)nc23)CC1,OB(O)c1ccc(O)c(Cl)c1,O=C1CCC(=O)N1Cl,95,Likely stable,,55,medium
CN1CCN(c2ccc3c(c2)[nH]c2c(C(N)=O)cc(-c4ccc(O)c(Cl)c4)nc23)CC1,OB(O)c1ccc(O)c(Cl)c1,OB(O)c1ccc(O)cc1,100,Likely stable,,55,medium
CN1CCN(c2ccc3c(c2)[nH]c2c(C(N)=O)cc(-c4ccc(O)c(Cl)c4)nc23)CC1,CN1CCNCC1,CN1CCN(Cc2ccccc2)CC1,100,Likely stable,,0,critical
COC(=O)CCc1cc2cc(-c3noc(-c4ccc(OC(C)C)c(Cl)c4)n3)ccc2n1C,COC(=O)CCc1cc2cc(-c3noc(-c4ccc(OC(C)C)c(Cl)c4)n3)ccc2n1C,COC(=O)CCc1cc2cc(Br)ccc2n1C,100,Likely stable,,90,low
COC(=O)CCc1cc2cc(-c3noc(-c4ccc(OC(C)C)c(Cl)c4)n3)ccc2n1C,COC(=O)CCc1cc2cc(-c3noc(-c4ccc(OC(C)C)c(Cl)c4)n3)ccc2n1C,CC(C)Oc1ccc(-c2noc(B(O)O)n2)cc1Cl,100,Likely stable,,90,low
COC(=O)CCc1cc2cc(-c3noc(-c4ccc(OC(C)C)c(Cl)c4)n3)ccc2n1C,COC(=O)CCc1cc2cc(Br)ccc2n1C,Cn1c(CCC(=O)O)cc2cc(Br)ccc21,100,Likely stable,,95,low
COC(=O)CCc1cc2cc(-c3noc(-c4ccc(OC(C)C)c(Cl)c4)n3)ccc2n1C,COC(=O)CCc1cc2cc(Br)ccc2n1C,CO,100,Likely stable,,95,low
COC(=O)CCc1cc2cc(-c3noc(-c4ccc(OC(C)C)c(Cl)c4)n3)ccc2n1C,Cn1c(CCC(=O)O)cc2cc(Br)ccc21,O=C(O)CC(=O)O,100,Likely stable,,85,low
COC(=O)CCc1cc2cc(-c3noc(-c4ccc(OC(C)C)c(Cl)c4)n3)ccc2n1C,Cn1c(CCC(=O)O)cc2cc(Br)ccc21,Cn1c(C=O)cc2cc(Br)ccc21,100,Likely stable,,85,low
COC(=O)CCc1cc2cc(-c3noc(-c4ccc(OC(C)C)c(Cl)c4)n3)ccc2n1C,CC(C)Oc1ccc(-c2noc(B(O)O)n2)cc1Cl,OB(O)c1nc(-c2ccc(O)c(Cl)c2)no1,,,,95,low
COC(=O)CCc1cc2cc(-c3noc(-c4ccc(OC(C)C)c(Cl)c4)n3)ccc2n1C,CC(C)Oc1ccc(-c2noc(B(O)O)n2)cc1Cl,CC(C)Br,100,Likely stable,,95,low
COC(=O)CCc1cc2cc(-c3noc(-c4ccc(OC(C)C)c(Cl)c4)n3)ccc2n1C,OB(O)c1nc(-c2ccc(O)c(Cl)c2)no1,OB(O)c1ccc(O)c(Cl)c1,100,Likely stable,,90,low
COC(=O)CCc1cc2cc(-c3noc(-c4ccc(OC(C)C)c(Cl)c4)n3)ccc2n1C,OB(O)c1nc(-c2ccc(O)c(Cl)c2)no1,OB(O)c1nc(Br)no1,,,,90,low
COC(=O)CCc1cc2cc(-c3noc(-c4ccc(OC(C)C)c(Cl)c4)n3)ccc2n1C,OB(O)c1ccc(O)c(Cl)c1,O=C1CCC(=O)N1Cl,95,Likely stable,,55,medium
COC(=O)CCc1cc2cc(-c3noc(-c4ccc(OC(C)C)c(Cl)c4)n3)ccc2n1C,OB(O)c1ccc(O)c(Cl)c1,OB(O)c1ccc(O)cc1,100,Likely stable,,55,medium
CCOP(=O)(Cc1ccc(Nc2ncc(C(F)(F)F)c(Nc3ccc([C@H]4CC[C@H](N5CCN(C)CC5)CC4)c4c3C(=O)N(C)C4)n2)c(OC)c1)OCC,CCOP(=O)(Cc1ccc(Nc2ncc(C(F)(F)F)c(Nc3ccc([C@H]4CC[C@H](N5CCN(C)CC5)CC4)c4c3C(=O)N(C)C4)n2)c(OC)c1)OCC,COc1cc(Br)ccc1Nc1ncc(C(F)(F)F)c(Nc2ccc([C@H]3CC[C@H](N4CCN(C)CC4)CC3)c3c2C(=O)N(C)C3)n1,,,,90,low
CCOP(=O)(Cc1ccc(Nc2ncc(C(F)(F)F)c(Nc3ccc([C@H]4CC[C@H](N5CCN(C)CC5)CC4)c4c3C(=O)N(C)C4)n2)c(OC)c1)OCC,CCOP(=O)(Cc1ccc(Nc2ncc(C(F)(F)F)c(Nc3ccc([C@H]4CC[C@H](N5CCN(C)CC5)CC4)c4c3C(=O)N(C)C4)n2)c(OC)c1)OCC,CCO[PH](=O)OCC,,,,90,low
CCOP(=O)(Cc1ccc(Nc2ncc(C(F)(F)F)c(Nc3ccc([C@H]4CC[C@H](N5CCN(C)CC5)CC4)c4c3C(=O)N(C)C4)n2)c(OC)c1)OCC,COc1cc(Br)ccc1Nc1ncc(C(F)(F)F)c(Nc2ccc([C@H]3CC[C@H](N4CCN(C)CC4)CC3)c3c2C(=O)N(C)C3)n1,FC(F)(F)c1cnc(Cl)nc1Cl,100,Likely stable,,90,low
CCOP(=O)(Cc1ccc(Nc2ncc(C(F)(F)F)c(Nc3ccc([C@H]4CC[C@H](N5CCN(C)CC5)CC4)c4c3C(=O)N(C)C4)n2)c(OC)c1)OCC,COc1cc(Br)ccc1Nc1ncc(C(F)(F)F)c(Nc2ccc([C@H]3CC[C@H](N4CCN(C)CC4)CC3)c3c2C(=O)N(C)C3)n1,COc1cc(Br)ccc1N,100,Likely stable,,90,low
CCOP(=O)(Cc1ccc(Nc2ncc(C(F)(F)F)c(Nc3ccc([C@H]4CC[C@H](N5CCN(C)CC5)CC4)c4c3C(=O)N(C)C4)n2)c(OC)c1)OCC,COc1cc(Br)ccc1Nc1ncc(C(F)(F)F)c(Nc2ccc([C@H]3CC[C@H](N4CCN(C)CC4)CC3)c3c2C(=O)N(C)C3)n1,CN1CCN([C@H]2CC[C@H](c3ccc(N)c4c3CN(C)C4=O)CC2)CC1,,,,90,low
CCOP(=O)(Cc1ccc(Nc2ncc(C(F)(F)F)c(Nc3ccc([C@H]4CC[C@H](N5CCN(C)CC5)CC4)c4c3C(=O)N(C)C4)n2)c(OC)c1)OCC,FC(F)(F)c1cnc(Cl)nc1Cl,Clc1ccnc(Cl)n1,100,Likely stable,,35,high
CCOP(=O)(Cc1ccc(Nc2ncc(C(F)(F)F)c(Nc3ccc([C@H]4CC[C@H](N5CCN(C)CC5)CC4)c4c3C(=O)N(C)C4)n2)c(OC)c1)OCC,FC(F)(F)c1cnc(Cl)nc1Cl,FC(F)(F)I,100,Likely stable,,35,high
CCOP(=O)(Cc1ccc(Nc2ncc(C(F)(F)F)c(Nc3ccc([C@H]4CC[C@H](N5CCN(C)CC5)CC4)c4c3C(=O)N(C)C4)n2)c(OC)c1)OCC,COc1cc(Br)ccc1N,COc1cc(Br)ccc1[N+](=O)[O-],100,Likely stable,,90,low
CCOP(=O)(Cc1ccc(Nc2ncc(C(F)(F)F)c(Nc3ccc([C@H]4CC[C@H](N5CCN(C)CC5)CC4)c4c3C(=O)N(C)C4)n2)c(OC)c1)OCC,CN1CCN([C@H]2CC[C@H](c3ccc(N)c4c3CN(C)C4=O)CC2)CC1,CN1Cc2c(c(N)ccc2[C@H]2CC[C@H](Br)CC2)C1=O,,,,95,low
CCOP(=O)(Cc1ccc(Nc2ncc(C(F)(F)F)c(Nc3ccc([C@H]4CC[C@H](N5CCN(C)CC5)CC4)c4c3C(=O)N(C)C4)n2)c(OC)c1)OCC,CN1CCN([C@H]2CC[C@H](c3ccc(N)c4c3CN(C)C4=O)CC2)CC1,CN1CCNCC1,95,Likely stable,,95,low
CCOP(=O)(Cc1ccc(Nc2ncc(C(F)(F)F)c(Nc3ccc([C@H]4CC[C@H](N5CCN(C)CC5)CC4)c4c3C(=O)N(C)C4)n2)c(OC)c1)OCC,CN1Cc2c(c(N)ccc2[C@H]2CC[C@H](Br)CC2)C1=O,CN1Cc2c(C3CCCCC3)ccc(N)c2C1=O,100,Likely stable,,90,low
CCOP(=O)(Cc1ccc(Nc2ncc(C(F)(F)F)c(Nc3ccc([C@H]4CC[C@H](N5CCN(C)CC5)CC4)c4c3C(=O)N(C)C4)n2)c(OC)c1)OCC,CN1Cc2c(C3CCCCC3)ccc(N)c2C1=O,CN1Cc2c(C3=CCCCC3)ccc(N)c2C1=O,100,Likely stable,,100,low
CCOP(=O)(Cc1ccc(Nc2ncc(C(F)(F)F)c(Nc3ccc([C@H]4CC[C@H](N5CCN(C)CC5)CC4)c4c3C(=O)N(C)C4)n2)c(OC)c1)OCC,CN1Cc2c(C3=CCCCC3)ccc(N)c2C1=O,OB(O)C1=CCCCC1,100,Likely stable,,90,low
CCOP(=O)(Cc1ccc(Nc2ncc(C(F)(F)F)c(Nc3ccc([C@H]4CC[C@H](N5CCN(C)CC5)CC4)c4c3C(=O)N(C)C4)n2)c(OC)c1)OCC,CN1Cc2c(C3=CCCCC3)ccc(N)c2C1=O,CN1Cc2c(Br)ccc(N)c2C1=O,100,Likely stable,,90,low
CCOP(=O)(Cc1ccc(Nc2ncc(C(F)(F)F)c(Nc3ccc([C@H]4CC[C@H](N5CCN(C)CC5)CC4)c4c3C(=O)N(C)C4)n2)c(OC)c1)OCC,CN1CCNCC1,CN1CCN(Cc2ccccc2)CC1,100,Likely stable,,0,critical
COc1ccc(C[C@H](C[C@H](O[Si](C)(C)C(C)(C)C)[C@H](CC2CCCCC2)NC(=O)OC(C)(C)C)C(=O)O)c(OC)c1OC,COc1ccc(C[C@H](C[C@H](O[Si](C)(C)C(C)(C)C)[C@H](CC2CCCCC2)NC(=O)OC(C)(C)C)C(=O)O)c(OC)c1OC,COc1ccc(C[C@@H](CO)C[C@H](O[Si](C)(C)C(C)(C)C)[C@H](CC2CCCCC2)NC(=O)OC(C)(C)C)c(OC)c1OC,,,,90,low
COc1ccc(C[C@H](C[C@H](O[Si](C)(C)C(C)(C)C)[C@H](CC2CCCCC2)NC(=O)OC(C)(C)C)C(=O)O)c(OC)c1OC,COc1ccc(C[C@@H](CO)C[C@H](O[Si](C)(C)C(C)(C)C)[C@H](CC2CCCCC2)NC(=O)OC(C)(C)C)c(OC)c1OC,COc1ccc(C[C@@H](CO)C[C@H](O)[C@H](CC2CCCCC2)NC(=O)OC(C)(C)C)c(OC)c1OC,,,,95,low
COc1ccc(C[C@H](C[C@H](O[Si](C)(C)C(C)(C)C)[C@H](CC2CCCCC2)NC(=O)OC(C)(C)C)C(=O)O)c(OC)c1OC,COc1ccc(C[C@@H](CO)C[C@H](O[Si](C)(C)C(C)(C)C)[C@H](CC2CCCCC2)NC(=O)OC(C)(C)C)c(OC)c1OC,CC(C)(C)[Si](C)(C)Cl,,,,95,low
COc1ccc(C[C@H](C[C@H](O[Si](C)(C)C(C)(C)C)[C@H](CC2CCCCC2)NC(=O)OC(C)(C)C)C(=O)O)c(OC)c1OC,COc1ccc(C[C@@H](CO)C[C@H](O)[C@H](CC2CCCCC2)NC(=O)OC(C)(C)C)c(OC)c1OC,COc1ccc(C[C@@H](C=O)C[C@H](O)[C@H](CC2CCCCC2)NC(=O)OC(C)(C)C)c(OC)c1OC,,,,100,low
COc1ccc(C[C@H](C[C@H](O[Si](C)(C)C(C)(C)C)[C@H](CC2CCCCC2)NC(=O)OC(C)(C)C)C(=O)O)c(OC)c1OC,CC(C)(C)[Si](C)(C)Cl,C[SiH](C)C(C)(C)C,,,,95,low
COc1ccc(C[C@H](C[C@H](O[Si](C)(C)C(C)(C)C)[C@H](CC2CCCCC2)NC(=O)OC(C)(C)C)C(=O)O)c(OC)c1OC,CC(C)(C)[Si](C)(C)Cl,ClCl,,,,95,low
COc1ccc(C[C@H](C[C@H](O[Si](C)(C)C(C)(C)C)[C@H](CC2CCCCC2)NC(=O)OC(C)(C)C)C(=O)O)c(OC)c1OC,C[SiH](C)C(C)(C)C,C[SiH2]C,,,,95,low
COc1ccc(C[C@H](C[C@H](O[Si](C)(C)C(C)(C)C)[C@H](CC2CCCCC2)NC(=O)OC(C)(C)C)C(=O)O)c(OC)c1OC,C[SiH](C)C(C)(C)C,C=C(C)C,100,Likely stable,,95,low
CC1(C)COCc2nc3cnc(Br)cc3n21,CC1(C)COCc2nc3cnc(Br)cc3n21,O=C1CCC(=O)N1Br,95,Likely stable,,30,high
CC1(C)COCc2nc3cnc(Br)cc3n21,CC1(C)COCc2nc3cnc(Br)cc3n21,CC1(C)COCc2nc3cnccc3n21,100,Likely stable,,30,high
CC1(C)COCc2nc3cnc(Br)cc3n21,CC1(C)COCc2nc3cnccc3n21,CC1(C)COCC(=O)N1,95,Likely stable,,20,high
CC1(C)COCc2nc3cnc(Br)cc3n21,CC1(C)COCc2nc3cnccc3n21,O=[N+]([O-])c1cnccc1I,100,Likely stable,,20,high
CC(C)S(=O)(=O)N[C@H]1CCOC[C@H]1c1ccc(-c2ccc(C#N)s2)cc1,CC(C)S(=O)(=O)N[C@H]1CCOC[C@H]1c1ccc(-c2ccc(C#N)s2)cc1,N#Cc1ccc(-c2ccc([C@@H]3COCC[C@@H]3N)cc2)s1,,,,95,low
CC(C)S(=O)(=O)N[C@H]1CCOC[C@H]1c1ccc(-c2ccc(C#N)s2)cc1,CC(C)S(=O)(=O)N[C@H]1CCOC[C@H]1c1ccc(-c2ccc(C#N)s2)cc1,CC(C)S(=O)(=O)Cl,100,Likely stable,,95,low
CC(C)S(=O)(=O)N[C@H]1CCOC[C@H]1c1ccc(-c2ccc(C#N)s2)cc1,N#Cc1ccc(-c2ccc([C@@H]3COCC[C@@H]3N)cc2)s1,N[C@H]1CCOC[C@H]1Br,95,Likely stable,,90,low
CC(C)S(=O)(=O)N[C@H]1CCOC[C@H]1c1ccc(-c2ccc(C#N)s2)cc1,N#Cc1ccc(-c2ccc([C@@H]3COCC[C@@H]3N)cc2)s1,N#Cc1ccc(-c2ccc(B(O)O)cc2)s1,75,Moderately stable,Contains carbene (highly reactive intermediate),90,low
CC(C)S(=O)(=O)N[C@H]1CCOC[C@H]1c1ccc(-c2ccc(C#N)s2)cc1,N[C@H]1CCOC[C@H]1Br,NC1CCOCC1,95,Likely stable,,90,low
CC(C)S(=O)(=O)N[C@H]1CCOC[C@H]1c1ccc(-c2ccc(C#N)s2)cc1,NC1CCOCC1,CC(C)(C)OC(=O)NC1CCOCC1,95,Likely stable,,75,medium
CC(C)S(=O)(=O)N[C@H]1CCOC[C@H]1c1ccc(-c2ccc(C#N)s2)cc1,N#Cc1ccc(-c2ccc(B(O)O)cc2)s1,OB(O)c1ccc(B(O)O)cc1,100,Likely stable,,30,high
CC(C)S(=O)(=O)N[C@H]1CCOC[C@H]1c1ccc(-c2ccc(C#N)s2)cc1,N#Cc1ccc(-c2ccc(B(O)O)cc2)s1,N#Cc1ccc(I)s1,70,Moderately stable,Contains carbene (highly reactive intermediate),30,high
C[C@H](c1ccccc1)N1C[C@]2(C(=O)OC(C)(C)C)C=CC[C@@H]2C1=O,C[C@H](c1ccccc1)N1C[C@]2(C(=O)OC(C)(C)C)C=CC[C@@H]2C1=O,CC(C)(C)OC(=O)[C@]12C=CC[C@H]1C(=O)NC2,,,,95,low
C[C@H](c1ccccc1)N1C[C@]2(C(=O)OC(C)(C)C)C=CC[C@@H]2C1=O,C[C@H](c1ccccc1)N1C[C@]2(C(=O)OC(C)(C)C)C=CC[C@@H]2C1=O,C[C@H](Br)c1ccccc1,100,Likely stable,,95,low
C[C@H](c1ccccc1)N1C[C@]2(C(=O)OC(C)(C)C)C=CC[C@@H]2C1=O,CC(C)(C)OC(=O)[C@]12C=CC[C@H]1C(=O)NC2,CC(C)(C)OC(=O)[C@]1(CN)C=CC[C@H]1C(=O)O,,,,45,medium
C[C@H](c1ccccc1)N1C[C@]2(C(=O)OC(C)(C)C)C=CC[C@@H]2C1=O,CC(C)(C)OC(=O)[C@]1(CN)C=CC[C@H]1C(=O)O,CC(C)(C)OC(=O)[C]1C=CC[C@H]1C(=O)O,,,,85,low
C[C@H](c1ccccc1)N1C[C@]2(C(=O)OC(C)(C)C)C=CC[C@@H]2C1=O,CC(C)(C)OC(=O)[C]1C=CC[C@H]1C(=O)O,C=CC[C@@H]([C](C=C)C(=O)OC(C)(C)C)C(=O)O,,,,65,medium
C[C@H](c1ccccc1)N1C[C@]2(C(=O)OC(C)(C)C)C=CC[C@@H]2C1=O,C=CC[C@@H]([C](C=C)C(=O)OC(C)(C)C)C(=O)O,C=CC[C@H](C(=O)O)[C@](C=C)(C(=O)O)C(=O)OC(C)(C)C,,,,90,low
C[C@H](c1ccccc1)N1C[C@]2(C(=O)OC(C)(C)C)C=CC[C@@H]2C1=O,C=CC[C@H](C(=O)O)[C@](C=C)(C(=O)O)C(=O)OC(C)(C)C,C=CC[C@H](C(=O)O)C(C(=O)O)(C(=O)O)C(=O)OC(C)(C)C,,,,90,low
C[C@H](c1ccccc1)N1C[C@]2(C(=O)OC(C)(C)C)C=CC[C@@H]2C1=O,C=CC[C@H](C(=O)O)C(C(=O)O)(C(=O)O)C(=O)OC(C)(C)C,C=CC[C@H](C(=O)O)C(C(=O)O)(C(=O)O)C(=O)O,,,,95,low
C[C@H](c1ccccc1)N1C[C@]2(C(=O)OC(C)(C)C)C=CC[C@@H]2C1=O,C=CC[C@H](C(=O)O)C(C(=O)O)(C(=O)O)C(=O)OC(C)(C)C,CC(C)(C)O,100,Likely stable,,95,low
C[C@H](c1ccccc1)N1C[C@]2(C(=O)OC(C)(C)C)C=CC[C@@H]2C1=O,C=CC[C@H](C(=O)O)C(C(=O)O)(C(=O)O)C(=O)O,C=CCC(C(=O)O)C(=O)O,100,Likely stable,,95,low
C[C@H](c1ccccc1)N1C[C@]2(C(=O)OC(C)(C)C)C=CC[C@@H]2C1=O,C=CC[C@H](C(=O)O)C(C(=O)O)(C(=O)O)C(=O)O,O=C(O)C(=O)C(=O)O,100,Likely stable,,95,low
C[C@H](c1ccccc1)N1C[C@]2(C(=O)OC(C)(C)C)C=CC[C@@H]2C1=O,C=CCC(C(=O)O)C(=O)O,C=CCC(C(=O)OCC)C(=O)OCC,100,Likely stable,,80,low
C[C@H](c1ccccc1)N1C[C@]2(C(=O)OC(C)(C)C)C=CC[C@@H]2C1=O,C[C@H](Br)c1ccccc1,C[C@H](Br)c1ccccc1N,100,Likely stable,,35,high
C[C@H](c1ccccc1)N1C[C@]2(C(=O)OC(C)(C)C)C=CC[C@@H]2C1=O,C[C@H](Br)c1ccccc1N,C[C@H](Br)c1ccccc1[N+](=O)[O-],100,Likely stable,,90,low
CCc1nc(C)c(C(=O)Nc2ccc(-c3ccc(C45CCC(CC(=O)OC)(CC4)OC5)cc3)cc2)o1,CCc1nc(C)c(C(=O)Nc2ccc(-c3ccc(C45CCC(CC(=O)OC)(CC4)OC5)cc3)cc2)o1,CCc1nc(C)c(C(=O)O)o1,100,Likely stable,,95,low
CCc1nc(C)c(C(=O)Nc2ccc(-c3ccc(C45CCC(CC(=O)OC)(CC4)OC5)cc3)cc2)o1,CCc1nc(C)c(C(=O)Nc2ccc(-c3ccc(C45CCC(CC(=O)OC)(CC4)OC5)cc3)cc2)o1,COC(=O)CC12CCC(c3ccc(-c4ccc(N)cc4)cc3)(CC1)CO2,,,,95,low
CCc1nc(C)c(C(=O)Nc2ccc(-c3ccc(C45CCC(CC(=O)OC)(CC4)OC5)cc3)cc2)o1,CCc1nc(C)c(C(=O)O)o1,CCc1nc(C)c(C(=O)OC)o1,100,Likely stable,,95,low
CCc1nc(C)c(C(=O)Nc2ccc(-c3ccc(C45CCC(CC(=O)OC)(CC4)OC5)cc3)cc2)o1,COC(=O)CC12CCC(c3ccc(-c4ccc(N)cc4)cc3)(CC1)CO2,Nc1ccc(Br)cc1,100,Likely stable,,90,low
CCc1nc(C)c(C(=O)Nc2ccc(-c3ccc(C45CCC(CC(=O)OC)(CC4)OC5)cc3)cc2)o1,COC(=O)CC12CCC(c3ccc(-c4ccc(N)cc4)cc3)(CC1)CO2,COC(=O)CC12CCC(c3ccc(Br)cc3)(CC1)CO2,,,,90,low
CCc1nc(C)c(C(=O)Nc2ccc(-c3ccc(C45CCC(CC(=O)OC)(CC4)OC5)cc3)cc2)o1,Nc1ccc(Br)cc1,O=[N+]([O-])c1ccc(Br)cc1,100,Likely stable,,90,low
CCc1nc(C)c(C(=O)Nc2ccc(-c3ccc(C45CCC(CC(=O)OC)(CC4)OC5)cc3)cc2)o1,COC(=O)CC12CCC(c3ccc(Br)cc3)(CC1)CO2,O=C(O)CC12CCC(c3ccc(Br)cc3)(CC1)CO2,,,,95,low
CCc1nc(C)c(C(=O)Nc2ccc(-c3ccc(C45CCC(CC(=O)OC)(CC4)OC5)cc3)cc2)o1,COC(=O)CC12CCC(c3ccc(Br)cc3)(CC1)CO2,CO,100,Likely stable,,95,low
CCc1nc(C)c(C(=O)Nc2ccc(-c3ccc(C45CCC(CC(=O)OC)(CC4)OC5)cc3)cc2)o1,O=C(O)CC12CCC(c3ccc(Br)cc3)(CC1)CO2,O=C(O)CC1(O)CCC(CO)(c2ccc(Br)cc2)CC1,100,Likely stable,,45,medium
CCc1nc(C)c(C(=O)Nc2ccc(-c3ccc(C45CCC(CC(=O)OC)(CC4)OC5)cc3)cc2)o1,O=C(O)CC1(O)CCC(CO)(c2ccc(Br)cc2)CC1,O=C1CCC(=O)N1Br,95,Likely stable,,55,medium
CCc1nc(C)c(C(=O)Nc2ccc(-c3ccc(C45CCC(CC(=O)OC)(CC4)OC5)cc3)cc2)o1,O=C(O)CC1(O)CCC(CO)(c2ccc(Br)cc2)CC1,O=C(O)CC1(O)CCC(CO)(c2ccccc2)CC1,100,Likely stable,,55,medium
CCc1nc(C)c(C(=O)Nc2ccc(-c3ccc(C45CCC(CC(=O)OC)(CC4)OC5)cc3)cc2)o1,O=C(O)CC1(O)CCC(CO)(c2ccccc2)CC1,CCOC(=O)CC1(O)CCC(CO)(c2ccccc2)CC1,100,Likely stable,,90,low
CCc1nc(C)c(C(=O)Nc2ccc(-c3ccc(C45CCC(CC(=O)OC)(CC4)OC5)cc3)cc2)o1,CCOC(=O)CC1(O)CCC(CO)(c2ccccc2)CC1,CCOC(=O)CBr,100,Likely stable,,95,low
CCc1nc(C)c(C(=O)Nc2ccc(-c3ccc(C45CCC(CC(=O)OC)(CC4)OC5)cc3)cc2)o1,CCOC(=O)CC1(O)CCC(CO)(c2ccccc2)CC1,O=C1CCC(CO)(c2ccccc2)CC1,100,Likely stable,,95,low
COc1cc2c(Oc3cc(C)c(C)nc3-c3cccc(C)n3)ccnc2cc1OCCNCCO,COc1cc2c(Oc3cc(C)c(C)nc3-c3cccc(C)n3)ccnc2cc1OCCNCCO,COc1cc2c(Oc3cc(C)c(C)nc3-c3cccc(C)n3)ccnc2cc1O,100,Likely stable,,95,low
COc1cc2c(Oc3cc(C)c(C)nc3-c3cccc(C)n3)ccnc2cc1OCCNCCO,COc1cc2c(Oc3cc(C)c(C)nc3-c3cccc(C)n3)ccnc2cc1OCCNCCO,OCCNCCCl,,,,95,low
COc1cc2c(Oc3cc(C)c(C)nc3-c3cccc(C)n3)ccnc2cc1OCCNCCO,COc1cc2c(Oc3cc(C)c(C)nc3-c3cccc(C)n3)ccnc2cc1O,COc1cc2c(Oc3cc(C)c(C)nc3Br)ccnc2cc1O,100,Likely stable,,90,low
COc1cc2c(Oc3cc(C)c(C)nc3-c3cccc(C)n3)ccnc2cc1OCCNCCO,COc1cc2c(Oc3cc(C)c(C)nc3-c3cccc(C)n3)ccnc2cc1O,Cc1cccc(B(O)O)n1,100,Likely stable,,90,low
COc1cc2c(Oc3cc(C)c(C)nc3-c3cccc(C)n3)ccnc2cc1OCCNCCO,COc1cc2c(Oc3cc(C)c(C)nc3Br)ccnc2cc1O,Cc1cc(O)c(Br)nc1C,100,Likely stable,,95,low
COc1cc2c(Oc3cc(C)c(C)nc3-c3cccc(C)n3)ccnc2cc1OCCNCCO,COc1cc2c(Oc3cc(C)c(C)nc3Br)ccnc2cc1O,COc1cc2c(Cl)ccnc2cc1O,100,Likely stable,,95,low
COc1cc2c(Oc3cc(C)c(C)nc3-c3cccc(C)n3)ccnc2cc1OCCNCCO,Cc1cc(O)c(Br)nc1C,Cc1cc(O)cnc1C,100,Likely stable,,55,medium
COc1cc2c(Oc3cc(C)c(C)nc3-c3cccc(C)n3)ccnc2cc1OCCNCCO,Cc1cc(O)c(Br)nc1C,O=C1CCC(=O)N1Br,95,Likely stable,,55,medium
COc1cc2c(Oc3cc(C)c(C)nc3-c3cccc(C)n3)ccnc2cc1OCCNCCO,Cc1cccc(B(O)O)n1,Cc1cccc(Br)n1,100,Likely stable,,55,medium
COc1cc2c(Oc3cc(C)c(C)nc3-c3cccc(C)n3)ccnc2cc1OCCNCCO,Cc1cccc(B(O)O)n1,CC(C)OB(OC(C)C)OC(C)C,100,Likely stable,,55,medium
O=C(CO)N1CCC(c2ccc3c(c2)-n2nc(-c4ncnn4CC(F)(F)F)cc2CCO3)CC1,O=C(CO)N1CCC(c2ccc3c(c2)-n2nc(-c4ncnn4CC(F)(F)F)cc2CCO3)CC1,O=C(Cl)CO,,,,95,low
O=C(CO)N1CCC(c2ccc3c(c2)-n2nc(-c4ncnn4CC(F)(F)F)cc2CCO3)CC1,O=C(CO)N1CCC(c2ccc3c(c2)-n2nc(-c4ncnn4CC(F)(F)F)cc2CCO3)CC1,FC(F)(F)Cn1ncnc1-c1cc2n(n1)-c1c(cccc1C1CCNCC1)OCC2,,,,95,low
O=C(CO)N1CCC(c2ccc3c(c2)-n2nc(-c4ncnn4CC(F)(F)F)cc2CCO3)CC1,FC(F)(F)Cn1ncnc1-c1cc2n(n1)-c1c(cccc1C1CCNCC1)OCC2,Oc1cccc(C2CCNCC2)c1-n1nc(-c2ncnn2CC(F)(F)F)cc1CCBr,,,,70,medium
O=C(CO)N1CCC(c2ccc3c(c2)-n2nc(-c4ncnn4CC(F)(F)F)cc2CCO3)CC1,Oc1cccc(C2CCNCC2)c1-n1nc(-c2ncnn2CC(F)(F)F)cc1CCBr,CCc1cc(-c2ncnn2CC(F)(F)F)nn1-c1c(O)cccc1C1CCNCC1,,,,90,low
O=C(CO)N1CCC(c2ccc3c(c2)-n2nc(-c4ncnn4CC(F)(F)F)cc2CCO3)CC1,CCc1cc(-c2ncnn2CC(F)(F)F)nn1-c1c(O)cccc1C1CCNCC1,CCc1cc(Br)nn1-c1c(O)cccc1C1CCNCC1,,,,90,low
O=C(CO)N1CCC(c2ccc3c(c2)-n2nc(-c4ncnn4CC(F)(F)F)cc2CCO3)CC1,CCc1cc(-c2ncnn2CC(F)(F)F)nn1-c1c(O)cccc1C1CCNCC1,OB(O)c1cnnn1CC(F)(F)F,,,,90,low
O=C(CO)N1CCC(c2ccc3c(c2)-n2nc(-c4ncnn4CC(F)(F)F)cc2CCO3)CC1,CCc1cc(Br)nn1-c1c(O)cccc1C1CCNCC1,Oc1cccc(Br)c1C1CCNCC1,100,Likely stable,,95,low
O=C(CO)N1CCC(c2ccc3c(c2)-n2nc(-c4ncnn4CC(F)(F)F)cc2CCO3)CC1,CCc1cc(Br)nn1-c1c(O)cccc1C1CCNCC1,CCc1cc(Br)n[nH]1,100,Likely stable,,95,low
O=C(CO)N1CCC(c2ccc3c(c2)-n2nc(-c4ncnn4CC(F)(F)F)cc2CCO3)CC1,Oc1cccc(Br)c1C1CCNCC1,COc1cccc(Br)c1C1CCNCC1,100,Likely stable,,95,low
O=C(CO)N1CCC(c2ccc3c(c2)-n2nc(-c4ncnn4CC(F)(F)F)cc2CCO3)CC1,COc1cccc(Br)c1C1CCNCC1,COc1cccc(Br)c1C1=CCN(Cc2ccccc2)CC1,100,Likely stable,,0,critical
O=C(CO)N1CCC(c2ccc3c(c2)-n2nc(-c4ncnn4CC(F)(F)F)cc2CCO3)CC1,COc1cccc(Br)c1C1=CCN(Cc2ccccc2)CC1,COc1cccc(Br)c1C1(O)CCN(Cc2ccccc2)CC1,100,Likely stable,,95,low
O=C(CO)N1CCC(c2ccc3c(c2)-n2nc(-c4ncnn4CC(F)(F)F)cc2CCO3)CC1,COc1cccc(Br)c1C1(O)CCN(Cc2ccccc2)CC1,COc1cccc(Br)c1,100,Likely stable,,0,critical
O=C(CO)N1CCC(c2ccc3c(c2)-n2nc(-c4ncnn4CC(F)(F)F)cc2CCO3)CC1,COc1cccc(Br)c1C1(O)CCN(Cc2ccccc2)CC1,O=C1CCN(Cc2ccccc2)CC1,100,Likely stable,,0,critical
O=C(CO)N1CCC(c2ccc3c(c2)-n2nc(-c4ncnn4CC(F)(F)F)cc2CCO3)CC1,CCc1cc(Br)n[nH]1,CCc1ccn[nH]1,100,Likely stable,,30,high
O=C(CO)N1CCC(c2ccc3c(c2)-n2nc(-c4ncnn4CC(F)(F)F)cc2CCO3)CC1,CCc1cc(Br)n[nH]1,O=C1CCC(=O)N1Br,95,Likely stable,,30,high
CC(C)(C)OC(=O)NC1(C2CCc3cc(Sc4cccc(OCc5ccccc5)c4)ccc3C2)COC(C)(C)OC1,CC(C)(C)OC(=O)NC1(C2CCc3cc(Sc4cccc(OCc5ccccc5)c4)ccc3C2)COC(C)(C)OC1,CC1(C)OCC(N)(C2CCc3cc(Sc4cccc(OCc5ccccc5)c4)ccc3C2)CO1,,,,45,medium
CC(C)(C)OC(=O)NC1(C2CCc3cc(Sc4cccc(OCc5ccccc5)c4)ccc3C2)COC(C)(C)OC1,CC1(C)OCC(N)(C2CCc3cc(Sc4cccc(OCc5ccccc5)c4)ccc3C2)CO1,Sc1cccc(OCc2ccccc2)c1,100,Likely stable,,95,low
CC(C)(C)OC(=O)NC1(C2CCc3cc(Sc4cccc(OCc5ccccc5)c4)ccc3C2)COC(C)(C)OC1,CC1(C)OCC(N)(C2CCc3cc(Sc4cccc(OCc5ccccc5)c4)ccc3C2)CO1,CC1(C)OCC(N)(C2CCc3cc(Br)ccc3C2)CO1,,,,95,low
CC(C)(C)OC(=O)NC1(C2CCc3cc(Sc4cccc(OCc5ccccc5)c4)ccc3C2)COC(C)(C)OC1,Sc1cccc(OCc2ccccc2)c1,CCOC(=S)Sc1cccc(OCc2ccccc2)c1,100,Likely stable,,85,low
CC(C)(C)OC(=O)NC1(C2CCc3cc(Sc4cccc(OCc5ccccc5)c4)ccc3C2)COC(C)(C)OC1,CCOC(=S)Sc1cccc(OCc2ccccc2)c1,CCOC(=S)S,100,Likely stable,,95,low
CC(C)(C)OC(=O)NC1(C2CCc3cc(Sc4cccc(OCc5ccccc5)c4)ccc3C2)COC(C)(C)OC1,CCOC(=S)Sc1cccc(OCc2ccccc2)c1,Nc1cccc(OCc2ccccc2)c1,100,Likely stable,,95,low
CC(C)(C)OC(=O)NC1(C2CCc3cc(Sc4cccc(OCc5ccccc5)c4)ccc3C2)COC(C)(C)OC1,CC1(C)OCC(N)(C2CCc3cc(Br)ccc3C2)CO1,CC1(C)OCC(C#N)(C2CCc3cc(Br)ccc3C2)CO1,,,,95,low
CC(C)(C)OC(=O)NC1(C2CCc3cc(Sc4cccc(OCc5ccccc5)c4)ccc3C2)COC(C)(C)OC1,CC1(C)OCC(C#N)(C2CCc3cc(Br)ccc3C2)CO1,CC1(C)OCC(C#N)CO1,60,Moderately stable,Contains carbene (highly reactive intermediate),95,low
CC(C)(C)OC(=O)NC1(C2CCc3cc(Sc4cccc(OCc5ccccc5)c4)ccc3C2)COC(C)(C)OC1,CC1(C)OCC(C#N)(C2CCc3cc(Br)ccc3C2)CO1,Brc1ccc2c(c1)CCC(Br)C2,,,,95,low
CC(C)(C)OC(=O)NC1(C2CCc3cc(Sc4cccc(OCc5ccccc5)c4)ccc3C2)COC(C)(C)OC1,CC1(C)OCC(C#N)CO1,CC1(C)OCC(C(N)=O)CO1,95,Likely stable,,95,low
CC(C)(C)OC(=O)NC1(C2CCc3cc(Sc4cccc(OCc5ccccc5)c4)ccc3C2)COC(C)(C)OC1,CC1(C)OCC(C(N)=O)CO1,CCN(CC)CC,100,Likely stable,,70,medium
CC(C)(C)OC(=O)NC1(C2CCc3cc(Sc4cccc(OCc5ccccc5)c4)ccc3C2)COC(C)(C)OC1,CC1(C)OCC(C(N)=O)CO1,CC1(C)OCC(C(=O)O)CO1,95,Likely stable,,70,medium
CC(C)(C)OC(=O)NC1(C2CCc3cc(Sc4cccc(OCc5ccccc5)c4)ccc3C2)COC(C)(C)OC1,Brc1ccc2c(c1)CCC(Br)C2,c1ccc2c(c1)CCCC2,100,Likely stable,,80,low
CC(C)(C)OC(=O)NC1(C2CCc3cc(Sc4cccc(OCc5ccccc5)c4)ccc3C2)COC(C)(C)OC1,c1ccc2c(c1)CCCC2,O=C1CCCc2ccccc21,100,Likely stable,,95,low
CCC[C@@H](CCO)Nc1nc(N)nc(C)c1Cc1ccc(CN2CCC[C@@H]2C(=O)O)cc1OC,CCC[C@@H](CCO)Nc1nc(N)nc(C)c1Cc1ccc(CN2CCC[C@@H]2C(=O)O)cc1OC,CCC[C@H](N)CCO,100,Likely stable,,95,low
CCC[C@@H](CCO)Nc1nc(N)nc(C)c1Cc1ccc(CN2CCC[C@@H]2C(=O)O)cc1OC,CCC[C@@H](CCO)Nc1nc(N)nc(C)c1Cc1ccc(CN2CCC[C@@H]2C(=O)O)cc1OC,COc1cc(CN2CCC[C@@H]2C(=O)O)ccc1Cc1c(C)nc(N)nc1Cl,100,Likely stable,,95,low
CCC[C@@H](CCO)Nc1nc(N)nc(C)c1Cc1ccc(CN2CCC[C@@H]2C(=O)O)cc1OC,CCC[C@H](N)CCO,CCC[C@H](N)CC(=O)O,100,Likely stable,,95,low
CCC[C@@H](CCO)Nc1nc(N)nc(C)c1Cc1ccc(CN2CCC[C@@H]2C(=O)O)cc1OC,COc1cc(CN2CCC[C@@H]2C(=O)O)ccc1Cc1c(C)nc(N)nc1Cl,O=P(Cl)(Cl)Cl,100,Likely stable,,90,low
CCC[C@@H](CCO)Nc1nc(N)nc(C)c1Cc1ccc(CN2CCC[C@@H]2C(=O)O)cc1OC,COc1cc(CN2CCC[C@@H]2C(=O)O)ccc1Cc1c(C)nc(N)nc1Cl,COc1cc(CN2CCC[C@@H]2C(=O)O)ccc1Cc1c(C)nc(N)nc1O,100,Likely stable,,90,low
CCC[C@@H](CCO)Nc1nc(N)nc(C)c1Cc1ccc(CN2CCC[C@@H]2C(=O)O)cc1OC,COc1cc(CN2CCC[C@@H]2C(=O)O)ccc1Cc1c(C)nc(N)nc1O,Cc1nc(N)nc(O)c1CO,100,Likely stable,,95,low
CCC[C@@H](CCO)Nc1nc(N)nc(C)c1Cc1ccc(CN2CCC[C@@H]2C(=O)O)cc1OC,COc1cc(CN2CCC[C@@H]2C(=O)O)ccc1Cc1c(C)nc(N)nc1O,COc1cccc(CN2CCC[C@@H]2C(=O)O)c1,100,Likely stable,,95,low
CCC[C@@H](CCO)Nc1nc(N)nc(C)c1Cc1ccc(CN2CCC[C@@H]2C(=O)O)cc1OC,Cc1nc(N)nc(O)c1CO,N=C(N)N,100,Likely stable,,25,high
CCC[C@@H](CCO)Nc1nc(N)nc(C)c1Cc1ccc(CN2CCC[C@@H]2C(=O)O)cc1OC,Cc1nc(N)nc(O)c1CO,CCOC(=O)C(CO)C(C)=O,100,Likely stable,,25,high
CCC[C@@H](CCO)Nc1nc(N)nc(C)c1Cc1ccc(CN2CCC[C@@H]2C(=O)O)cc1OC,CCOC(=O)C(CO)C(C)=O,CCOC(=O)C(C=O)C(C)=O,100,Likely stable,,100,low
CCC[C@@H](CCO)Nc1nc(N)nc(C)c1Cc1ccc(CN2CCC[C@@H]2C(=O)O)cc1OC,CCOC(=O)C(C=O)C(C)=O,CCOC=O,100,Likely stable,,90,low
CCC[C@@H](CCO)Nc1nc(N)nc(C)c1Cc1ccc(CN2CCC[C@@H]2C(=O)O)cc1OC,CCOC(=O)C(C=O)C(C)=O,CCOC(=O)CC(C)=O,100,Likely stable,,90,low
COc1cc(-c2cccc(C(F)(F)F)c2)c(F)cc1-c1nncc2cc(S(=O)(=O)Nc3ccon3)ccc12,COc1cc(-c2cccc(C(F)(F)F)c2)c(F)cc1-c1nncc2cc(S(=O)(=O)Nc3ccon3)ccc12,COc1cc(-c2cccc(C(F)(F)F)c2)c(F)cc1-c1nncc2cc(S(=O)(=O)Cl)ccc12,100,Likely stable,,95,low
COc1cc(-c2cccc(C(F)(F)F)c2)c(F)cc1-c1nncc2cc(S(=O)(=O)Nc3ccon3)ccc12,COc1cc(-c2cccc(C(F)(F)F)c2)c(F)cc1-c1nncc2cc(S(=O)(=O)Nc3ccon3)ccc12,Nc1ccon1,100,Likely stable,,95,low
COc1cc(-c2cccc(C(F)(F)F)c2)c(F)cc1-c1nncc2cc(S(=O)(=O)Nc3ccon3)ccc12,COc1cc(-c2cccc(C(F)(F)F)c2)c(F)cc1-c1nncc2cc(S(=O)(=O)Cl)ccc12,COc1cc(-c2cccc(C(F)(F)F)c2)c(F)cc1-c1nncc2cc(S(=O)(=O)O)ccc12,100,Likely stable,,95,low
COc1cc(-c2cccc(C(F)(F)F)c2)c(F)cc1-c1nncc2cc(S(=O)(=O)Nc3ccon3)ccc12,COc1cc(-c2cccc(C(F)(F)F)c2)c(F)cc1-c1nncc2cc(S(=O)(=O)O)ccc12,COc1cc(-c2cccc(C(F)(F)F)c2)c(F)cc1Br,100,Likely stable,,95,low
COc1cc(-c2cccc(C(F)(F)F)c2)c(F)cc1-c1nncc2cc(S(=O)(=O)Nc3ccon3)ccc12,COc1cc(-c2cccc(C(F)(F)F)c2)c(F)cc1-c1nncc2cc(S(=O)(=O)O)ccc12,OB(O)c1nncc2cc(O)ccc12,,,,95,low
COc1cc(-c2cccc(C(F)(F)F)c2)c(F)cc1-c1nncc2cc(S(=O)(=O)Nc3ccon3)ccc12,COc1cc(-c2cccc(C(F)(F)F)c2)c(F)cc1Br,Nc1cccc(C(F)(F)F)c1,100,Likely stable,,95,low
COc1cc(-c2cccc(C(F)(F)F)c2)c(F)cc1-c1nncc2cc(S(=O)(=O)Nc3ccon3)ccc12,COc1cc(-c2cccc(C(F)(F)F)c2)c(F)cc1Br,COc1ccc(F)cc1Br,100,Likely stable,,95,low
COc1cc(-c2cccc(C(F)(F)F)c2)c(F)cc1-c1nncc2cc(S(=O)(=O)Nc3ccon3)ccc12,OB(O)c1nncc2cc(O)ccc12,Oc1ccc2c(Br)nncc2c1,100,Likely stable,,80,low
COc1cc(-c2cccc(C(F)(F)F)c2)c(F)cc1-c1nncc2cc(S(=O)(=O)Nc3ccon3)ccc12,Oc1ccc2c(Br)nncc2c1,CC(=O)Oc1ccc2c(Br)nncc2c1,100,Likely stable,,90,low
COc1cc(-c2cccc(C(F)(F)F)c2)c(F)cc1-c1nncc2cc(S(=O)(=O)Nc3ccon3)ccc12,CC(=O)Oc1ccc2c(Br)nncc2c1,CC(=O)OO,100,Likely stable,,90,low
COc1cc(-c2cccc(C(F)(F)F)c2)c(F)cc1-c1nncc2cc(S(=O)(=O)Nc3ccon3)ccc12,CC(=O)Oc1ccc2c(Br)nncc2c1,CC(=O)c1ccc2c(Br)nncc2c1,100,Likely stable,,90,low
COc1cc(-c2cccc(C(F)(F)F)c2)c(F)cc1-c1nncc2cc(S(=O)(=O)Nc3ccon3)ccc12,CC(=O)c1ccc2c(Br)nncc2c1,CC(=O)Cl,100,Likely stable,,95,low
COc1cc(-c2cccc(C(F)(F)F)c2)c(F)cc1-c1nncc2cc(S(=O)(=O)Nc3ccon3)ccc12,CC(=O)c1ccc2c(Br)nncc2c1,Brc1nncc2ccccc12,100,Likely stable,,95,low
CCC/C=C/[C@H]1CC[C@H](C(C(=O)O)C(=O)O)CC1,CCC/C=C/[C@H]1CC[C@H](C(C(=O)O)C(=O)O)CC1,CCOC(=O)CC(=O)OCC,100,Likely stable,,80,low
CCC/C=C/[C@H]1CC[C@H](C(C(=O)O)C(=O)O)CC1,CCC/C=C/[C@H]1CC[C@H](C(C(=O)O)C(=O)O)CC1,CCC/C=C/[C@H]1CC[C@H](Br)CC1,100,Likely stable,,80,low
CCC/C=C/[C@H]1CC[C@H](C(C(=O)O)C(=O)O)CC1,CCOC(=O)CC(=O)OCC,CCOC(C)=O,100,Likely stable,,90,low
CCC/C=C/[C@H]1CC[C@H](C(C(=O)O)C(=O)O)CC1,CCOC(=O)CC(=O)OCC,CCOC(=O)OCC,100,Likely stable,,90,low
CCC/C=C/[C@H]1CC[C@H](C(C(=O)O)C(=O)O)CC1,CCC/C=C/[C@H]1CC[C@H](Br)CC1,CCCC(Br)[C@H]1CC[C@H](Br)CC1,100,Likely stable,,95,low
CCC/C=C/[C@H]1CC[C@H](C(C(=O)O)C(=O)O)CC1,CCCC(Br)[C@H]1CC[C@H](Br)CC1,CCCC=C1CC=CCC1,100,Likely stable,,80,low
CCC/C=C/[C@H]1CC[C@H](C(C(=O)O)C(=O)O)CC1,CCCC=C1CC=CCC1,C=CCCC,100,Likely stable,,90,low
CCC/C=C/[C@H]1CC[C@H](C(C(=O)O)C(=O)O)CC1,CCCC=C1CC=CCC1,C=C1CC=CCC1,100,Likely stable,,90,low
CCC/C=C/[C@H]1CC[C@H](C(C(=O)O)C(=O)O)CC1,C=C1CC=CCC1,C1CCOC1,95,Likely stable,,60,medium
CCC/C=C/[C@H]1CC[C@H](C(C(=O)O)C(=O)O)CC1,C=C1CC=CCC1,O=C1CC=CCC1,100,Likely stable,,60,medium
CCOC(=O)[C@@H]1C[C@H]1COc1cc(CCCOC)cc(CN(C(=O)[C@H]2CNCC[C@@H]2c2ccc(OCCOc3c(Cl)cc(C)cc3Cl)cc2)C2CC2)c1,CCOC(=O)[C@@H]1C[C@H]1COc1cc(CCCOC)cc(CN(C(=O)[C@H]2CNCC[C@@H]2c2ccc(OCCOc3c(Cl)cc(C)cc3Cl)cc2)C2CC2)c1,CCOC(=O)[C@H]1C[C@@H]1COc1cc(CCCOC)cc(CNC2CC2)c1,100,Likely stable,,95,low
CCOC(=O)[C@@H]1C[C@H]1COc1cc(CCCOC)cc(CN(C(=O)[C@H]2CNCC[C@@H]2c2ccc(OCCOc3c(Cl)cc(C)cc3Cl)cc2)C2CC2)c1,CCOC(=O)[C@@H]1C[C@H]1COc1cc(CCCOC)cc(CN(C(=O)[C@H]2CNCC[C@@H]2c2ccc(OCCOc3c(Cl)cc(C)cc3Cl)cc2)C2CC2)c1,Cc1cc(Cl)c(OCCOc2ccc([C@H]3CCNC[C@@H]3C(=O)O)cc2)c(Cl)c1,,,,95,low
CCOC(=O)[C@@H]1C[C@H]1COc1cc(CCCOC)cc(CN(C(=O)[C@H]2CNCC[C@@H]2c2ccc(OCCOc3c(Cl)cc(C)cc3Cl)cc2)C2CC2)c1,CCOC(=O)[C@H]1C[C@@H]1COc1cc(CCCOC)cc(CNC2CC2)c1,CCOC(=O)[C@H]1C[C@@H]1CO,100,Likely stable,,95,low
CCOC(=O)[C@@H]1C[C@H]1COc1cc(CCCOC)cc(CN(C(=O)[C@H]2CNCC[C@@H]2c2ccc(OCCOc3c(Cl)cc(C)cc3Cl)cc2)C2CC2)c1,CCOC(=O)[C@H]1C[C@@H]1COc1cc(CCCOC)cc(CNC2CC2)c1,COCCCc1cc(F)cc(CNC2CC2)c1,100,Likely stable,,95,low
CCOC(=O)[C@@H]1C[C@H]1COc1cc(CCCOC)cc(CN(C(=O)[C@H]2CNCC[C@@H]2c2ccc(OCCOc3c(Cl)cc(C)cc3Cl)cc2)C2CC2)c1,COCCCc1cc(F)cc(CNC2CC2)c1,COCCCc1cc(F)cc(C(=O)NC2CC2)c1,100,Likely stable,,95,low
CCOC(=O)[C@@H]1C[C@H]1COc1cc(CCCOC)cc(CN(C(=O)[C@H]2CNCC[C@@H]2c2ccc(OCCOc3c(Cl)cc(C)cc3Cl)cc2)C2CC2)c1,COCCCc1cc(F)cc(C(=O)NC2CC2)c1,NC1CC1,100,Likely stable,,95,low
CCOC(=O)[C@@H]1C[C@H]1COc1cc(CCCOC)cc(CN(C(=O)[C@H]2CNCC[C@@H]2c2ccc(OCCOc3c(Cl)cc(C)cc3Cl)cc2)C2CC2)c1,COCCCc1cc(F)cc(C(=O)NC2CC2)c1,COCCCc1cc(F)cc(C(=O)O)c1,100,Likely stable,,95,low
CCOC(=O)[C@@H]1C[C@H]1COc1cc(CCCOC)cc(CN(C(=O)[C@H]2CNCC[C@@H]2c2ccc(OCCOc3c(Cl)cc(C)cc3Cl)cc2)C2CC2)c1,Cc1cc(Cl)c(OCCOc2ccc([C@H]3CCNC[C@@H]3C(=O)O)cc2)c(Cl)c1,O=C(O)[C@H]1CNCC[C@@H]1c1ccc(O)cc1,100,Likely stable,,95,low
CCOC(=O)[C@@H]1C[C@H]1COc1cc(CCCOC)cc(CN(C(=O)[C@H]2CNCC[C@@H]2c2ccc(OCCOc3c(Cl)cc(C)cc3Cl)cc2)C2CC2)c1,Cc1cc(Cl)c(OCCOc2ccc([C@H]3CCNC[C@@H]3C(=O)O)cc2)c(Cl)c1,Cc1cc(Cl)c(OCCCl)c(Cl)c1,100,Likely stable,,95,low
CCOC(=O)[C@@H]1C[C@H]1COc1cc(CCCOC)cc(CN(C(=O)[C@H]2CNCC[C@@H]2c2ccc(OCCOc3c(Cl)cc(C)cc3Cl)cc2)C2CC2)c1,O=C(O)[C@H]1CNCC[C@@H]1c1ccc(O)cc1,OC[C@H]1CNCC[C@@H]1c1ccc(O)cc1,100,Likely stable,,90,low
CCOC(=O)[C@@H]1C[C@H]1COc1cc(CCCOC)cc(CN(C(=O)[C@H]2CNCC[C@@H]2c2ccc(OCCOc3c(Cl)cc(C)cc3Cl)cc2)C2CC2)c1,OC[C@H]1CNCC[C@@H]1c1ccc(O)cc1,O=CC[C@H](CCNC[C@H](O)C=O)c1ccc(O)cc1,,,,40,medium
CCOC(=O)[C@@H]1C[C@H]1COc1cc(CCCOC)cc(CN(C(=O)[C@H]2CNCC[C@@H]2c2ccc(OCCOc3c(Cl)cc(C)cc3Cl)cc2)C2CC2)c1,O=CC[C@H](CCNC[C@H](O)C=O)c1ccc(O)cc1,O=CCC(CC=O)c1ccc(O)cc1,,,,95,low
CCOC(=O)[C@@H]1C[C@H]1COc1cc(CCCOC)cc(CN(C(=O)[C@H]2CNCC[C@@H]2c2ccc(OCCOc3c(Cl)cc(C)cc3Cl)cc2)C2CC2)c1,O=CC[C@H](CCNC[C@H](O)C=O)c1ccc(O)cc1,NC[C@H](O)C=O,100,Likely stable,,95,low
CCOC(=O)[C@@H]1C[C@H]1COc1cc(CCCOC)cc(CN(C(=O)[C@H]2CNCC[C@@H]2c2ccc(OCCOc3c(Cl)cc(C)cc3Cl)cc2)C2CC2)c1,O=CCC(CC=O)c1ccc(O)cc1,OCCC(CCO)c1ccc(O)cc1,,,,100,low
CCOC(=O)[C@@H]1C[C@H]1COc1cc(CCCOC)cc(CN(C(=O)[C@H]2CNCC[C@@H]2c2ccc(OCCOc3c(Cl)cc(C)cc3Cl)cc2)C2CC2)c1,OCCC(CCO)c1ccc(O)cc1,C=Cc1ccc(O)cc1,100,Likely stable,,60,medium
CCOC(=O)[C@@H]1C[C@H]1COc1cc(CCCOC)cc(CN(C(=O)[C@H]2CNCC[C@@H]2c2ccc(OCCOc3c(Cl)cc(C)cc3Cl)cc2)C2CC2)c1,OCCC(CCO)c1ccc(O)cc1,C1CO1,80,Likely stable,Three-membered heterocycle (potentially unstable),60,medium
CCOC(=O)[C@@H]1C[C@H]1COc1cc(CCCOC)cc(CN(C(=O)[C@H]2CNCC[C@@H]2c2ccc(OCCOc3c(Cl)cc(C)cc3Cl)cc2)C2CC2)c1,C=Cc1ccc(O)cc1,C=Cc1ccc(OC)cc1,100,Likely stable,,95,low
CCOC(=O)[C@@H]1C[C@H]1COc1cc(CCCOC)cc(CN(C(=O)[C@H]2CNCC[C@@H]2c2ccc(OCCOc3c(Cl)cc(C)cc3Cl)cc2)C2CC2)c1,Cc1cc(Cl)c(OCCCl)c(Cl)c1,ClCCBr,100,Likely stable,,95,low
CCOC(=O)[C@@H]1C[C@H]1COc1cc(CCCOC)cc(CN(C(=O)[C@H]2CNCC[C@@H]2c2ccc(OCCOc3c(Cl)cc(C)cc3Cl)cc2)C2CC2)c1,Cc1cc(Cl)c(OCCCl)c(Cl)c1,Cc1cc(Cl)c(O)c(Cl)c1,100,Likely stable,,95,low
CCCCOC(=O)N1CCN(C(=O)[C@H](CCCO[Si](c2ccccc2)(c2ccccc2)C(C)(C)C)NC(=O)OC(C)(C)C)CC1,CCCCOC(=O)N1CCN(C(=O)[C@H](CCCO[Si](c2ccccc2)(c2ccccc2)C(C)(C)C)NC(=O)OC(C)(C)C)CC1,CC(C)(C)OC(=O)N[C@@H](CCCO[Si](c1ccccc1)(c1ccccc1)C(C)(C)C)C(=O)N1CCNCC1,,,,95,low
CCCCOC(=O)N1CCN(C(=O)[C@H](CCCO[Si](c2ccccc2)(c2ccccc2)C(C)(C)C)NC(=O)OC(C)(C)C)CC1,CCCCOC(=O)N1CCN(C(=O)[C@H](CCCO[Si](c2ccccc2)(c2ccccc2)C(C)(C)C)NC(=O)OC(C)(C)C)CC1,CCCCOC(=O)Cl,100,Likely stable,,95,low
CCCCOC(=O)N1CCN(C(=O)[C@H](CCCO[Si](c2ccccc2)(c2ccccc2)C(C)(C)C)NC(=O)OC(C)(C)C)CC1,CC(C)(C)OC(=O)N[C@@H](CCCO[Si](c1ccccc1)(c1ccccc1)C(C)(C)C)C(=O)N1CCNCC1,C1CNCCN1,95,Likely stable,,95,low
CCCCOC(=O)N1CCN(C(=O)[C@H](CCCO[Si](c2ccccc2)(c2ccccc2)C(C)(C)C)NC(=O)OC(C)(C)C)CC1,CC(C)(C)OC(=O)N[C@@H](CCCO[Si](c1ccccc1)(c1ccccc1)C(C)(C)C)C(=O)N1CCNCC1,CC(C)(C)OC(=O)N[C@@H](CCCO[Si](c1ccccc1)(c1ccccc1)C(C)(C)C)C(=O)O,100,Likely stable,,95,low
CCCCOC(=O)N1CCN(C(=O)[C@H](CCCO[Si](c2ccccc2)(c2ccccc2)C(C)(C)C)NC(=O)OC(C)(C)C)CC1,CC(C)(C)OC(=O)N[C@@H](CCCO[Si](c1ccccc1)(c1ccccc1)C(C)(C)C)C(=O)O,CC(C)(C)[Si](OCCC[C@H](N)C(=O)O)(c1ccccc1)c1ccccc1,,,,75,medium
CCCCOC(=O)N1CCN(C(=O)[C@H](CCCO[Si](c2ccccc2)(c2ccccc2)C(C)(C)C)NC(=O)OC(C)(C)C)CC1,CC(C)(C)OC(=O)N[C@@H](CCCO[Si](c1ccccc1)(c1ccccc1)C(C)(C)C)C(=O)O,CC(C)(C)OC(=O)OC(=O)OC(C)(C)C,100,Likely stable,,75,medium
CCCCOC(=O)N1CCN(C(=O)[C@H](CCCO[Si](c2ccccc2)(c2ccccc2)C(C)(C)C)NC(=O)OC(C)(C)C)CC1,CC(C)(C)[Si](OCCC[C@H](N)C(=O)O)(c1ccccc1)c1ccccc1,N[C@@H](CCCO)C(=O)O,100,Likely stable,,95,low
CCCCOC(=O)N1CCN(C(=O)[C@H](CCCO[Si](c2ccccc2)(c2ccccc2)C(C)(C)C)NC(=O)OC(C)(C)C)CC1,CC(C)(C)[Si](OCCC[C@H](N)C(=O)O)(c1ccccc1)c1ccccc1,CC(C)(C)[Si](Cl)(c1ccccc1)c1ccccc1,,,,95,low
CCCCOC(=O)N1CCN(C(=O)[C@H](CCCO[Si](c2ccccc2)(c2ccccc2)C(C)(C)C)NC(=O)OC(C)(C)C)CC1,N[C@@H](CCCO)C(=O)O,N[C@@H](CCCOCc1ccccc1)C(=O)O,100,Likely stable,,0,critical
CCCCOC(=O)N1CCN(C(=O)[C@H](CCCO[Si](c2ccccc2)(c2ccccc2)C(C)(C)C)NC(=O)OC(C)(C)C)CC1,CC(C)(C)[Si](Cl)(c1ccccc1)c1ccccc1,CC(C)(C)[SiH](c1ccccc1)c1ccccc1,,,,90,low
CCCCOC(=O)N1CCN(C(=O)[C@H](CCCO[Si](c2ccccc2)(c2ccccc2)C(C)(C)C)NC(=O)OC(C)(C)C)CC1,CC(C)(C)[SiH](c1ccccc1)c1ccccc1,Cl[SiH](c1ccccc1)c1ccccc1,,,,95,low
CCCCOC(=O)N1CCN(C(=O)[C@H](CCCO[Si](c2ccccc2)(c2ccccc2)C(C)(C)C)NC(=O)OC(C)(C)C)CC1,CC(C)(C)[SiH](c1ccccc1)c1ccccc1,[Li]C(C)(C)C,,,,95,low
CCCCOC(=O)N1CCN(C(=O)[C@H](CCCO[Si](c2ccccc2)(c2ccccc2)C(C)(C)C)NC(=O)OC(C)(C)C)CC1,Cl[SiH](c1ccccc1)c1ccccc1,Cl[Si](Cl)(Cl)c1ccccc1,,,,90,low
CCCCOC(=O)N1CCN(C(=O)[C@H](CCCO[Si](c2ccccc2)(c2ccccc2)C(C)(C)C)NC(=O)OC(C)(C)C)CC1,Cl[SiH](c1ccccc1)c1ccccc1,Br[Mg]c1ccccc1,,,,90,low
CCCCOC(=O)N1CCN(C(=O)[C@H](CCCO[Si](c2ccccc2)(c2ccccc2)C(C)(C)C)NC(=O)OC(C)(C)C)CC1,Cl[Si](Cl)(Cl)c1ccccc1,[SiH3]c1ccccc1,,,,85,low
CCCCOC(=O)N1CCN(C(=O)[C@H](CCCO[Si](c2ccccc2)(c2ccccc2)C(C)(C)C)NC(=O)OC(C)(C)C)CC1,Cl[Si](Cl)(Cl)c1ccccc1,ClCl,100,Likely stable,,85,low
CCCCOC(=O)N1CCN(C(=O)[C@H](CCCO[Si](c2ccccc2)(c2ccccc2)C(C)(C)C)NC(=O)OC(C)(C)C)CC1,[SiH3]c1ccccc1,Brc1ccccc1,100,Likely stable,,90,low
CCCCOC(=O)N1CCN(C(=O)[C@H](CCCO[Si](c2ccccc2)(c2ccccc2)C(C)(C)C)NC(=O)OC(C)(C)C)CC1,[SiH3]c1ccccc1,Cl[SiH2]Cl,100,Likely stable,,90,low
CCCCOC(=O)N1CCN(C(=O)[C@H](CCCO[Si](c2ccccc2)(c2ccccc2)C(C)(C)C)NC(=O)OC(C)(C)C)CC1,Brc1ccccc1,c1ccccc1,100,Likely stable,,55,medium
CCCCOC(=O)N1CCN(C(=O)[C@H](CCCO[Si](c2ccccc2)(c2ccccc2)C(C)(C)C)NC(=O)OC(C)(C)C)CC1,Brc1ccccc1,O=C1CCC(=O)N1Br,95,Likely stable,,55,medium
CCCCOC(=O)N1CCN(C(=O)[C@H](CCCO[Si](c2ccccc2)(c2ccccc2)C(C)(C)C)NC(=O)OC(C)(C)C)CC1,Br[Mg]c1ccccc1,[Mg],100,Likely stable,,0,critical
CCCCOC(=O)N1CCN(C(=O)[C@H](CCCO[Si](c2ccccc2)(c2ccccc2)C(C)(C)C)NC(=O)OC(C)(C)C)CC1,CC(C)(C)OC(=O)OC(=O)OC(C)(C)C,C=C(C)C,100,Likely stable,,95,low
CCCCOC(=O)N1CCN(C(=O)[C@H](CCCO[Si](c2ccccc2)(c2ccccc2)C(C)(C)C)NC(=O)OC(C)(C)C)CC1,CC(C)(C)OC(=O)OC(=O)OC(C)(C)C,CC(C)(C)OC(=O)OC(=O)O,100,Likely stable,,95,low
CCCCOC(=O)N1CCN(C(=O)[C@H](CCCO[Si](c2ccccc2)(c2ccccc2)C(C)(C)C)NC(=O)OC(C)(C)C)CC1,CC(C)(C)OC(=O)OC(=O)O,C=C(C)C,100,Likely stable,,95,low
CCCCOC(=O)N1CCN(C(=O)[C@H](CCCO[Si](c2ccccc2)(c2ccccc2)C(C)(C)C)NC(=O)OC(C)(C)C)CC1,CC(C)(C)OC(=O)OC(=O)O,O=C(O)OC(=O)O,100,Likely stable,,95,low
CCCCOC(=O)N1CCN(C(=O)[C@H](CCCO[Si](c2ccccc2)(c2ccccc2)C(C)(C)C)NC(=O)OC(C)(C)C)CC1,CCCCOC(=O)Cl,CCCCO,100,Likely stable,,95,low
CCCCOC(=O)N1CCN(C(=O)[C@H](CCCO[Si](c2ccccc2)(c2ccccc2)C(C)(C)C)NC(=O)OC(C)(C)C)CC1,CCCCOC(=O)Cl,O=C(Cl)Cl,100,Likely stable,,95,low
CC1(C)OCC(C)(CO)N(Cc2ccccc2)C1=O,CC1(C)OCC(C)(CO)N(Cc2ccccc2)C1=O,CC1(CO)COC(C)(C)C(=O)N1,,,,95,low
CC1(C)OCC(C)(CO)N(Cc2ccccc2)C1=O,CC1(C)OCC(C)(CO)N(Cc2ccccc2)C1=O,BrCc1ccccc1,100,Likely stable,,95,low
CC1(C)OCC(C)(CO)N(Cc2ccccc2)C1=O,CC1(CO)COC(C)(C)C(=O)N1,CC(C)(O)CNC(C)(C)CO,100,Likely stable,,70,medium
CC1(C)OCC(C)(CO)N(Cc2ccccc2)C1=O,CC1(CO)COC(C)(C)C(=O)N1,O=C=O,65,Moderately stable,Contains carbene (highly reactive intermediate),70,medium
CC1(C)OCC(C)(CO)N(Cc2ccccc2)C1=O,CC(C)(O)CNC(C)(C)CO,CC1(C)CO1,80,Likely stable,Three-membered heterocycle (potentially unstable),75,medium
CC1(C)OCC(C)(CO)N(Cc2ccccc2)C1=O,CC(C)(O)CNC(C)(C)CO,CC(C)(N)CO,100,Likely stable,,75,medium
CC1(C)OCC(C)(CO)N(Cc2ccccc2)C1=O,BrCc1ccccc1,Cc1ccccc1,100,Likely stable,,55,medium
CC1(C)OCC(C)(CO)N(Cc2ccccc2)C1=O,BrCc1ccccc1,O=C1CCC(=O)N1Br,95,Likely stable,,55,medium
CCc1[nH]c(C(=O)N[C@H]2CCN(c3cccc(C(=O)O)c3)C[C@H]2OC)nc1C(F)(F)F,CCc1[nH]c(C(=O)N[C@H]2CCN(c3cccc(C(=O)O)c3)C[C@H]2OC)nc1C(F)(F)F,CCc1[nH]c(C(=O)O)nc1C(F)(F)F,100,Likely stable,,95,low
CCc1[nH]c(C(=O)N[C@H]2CCN(c3cccc(C(=O)O)c3)C[C@H]2OC)nc1C(F)(F)F,CCc1[nH]c(C(=O)N[C@H]2CCN(c3cccc(C(=O)O)c3)C[C@H]2OC)nc1C(F)(F)F,CO[C@@H]1CN(c2cccc(C(=O)O)c2)CC[C@@H]1N,100,Likely stable,,95,low
CCc1[nH]c(C(=O)N[C@H]2CCN(c3cccc(C(=O)O)c3)C[C@H]2OC)nc1C(F)(F)F,CCc1[nH]c(C(=O)O)nc1C(F)(F)F,CCc1[nH]c(Br)nc1C(F)(F)F,100,Likely stable,,80,low
CCc1[nH]c(C(=O)N[C@H]2CCN(c3cccc(C(=O)O)c3)C[C@H]2OC)nc1C(F)(F)F,CCc1[nH]c(Br)nc1C(F)(F)F,CCc1[nH]cnc1C(F)(F)F,100,Likely stable,,90,low
CCc1[nH]c(C(=O)N[C@H]2CCN(c3cccc(C(=O)O)c3)C[C@H]2OC)nc1C(F)(F)F,CCc1[nH]cnc1C(F)(F)F,C#Cc1[nH]cnc1C(F)(F)F,70,Moderately stable,Contains carbene (highly reactive intermediate),100,low
CCc1[nH]c(C(=O)N[C@H]2CCN(c3cccc(C(=O)O)c3)C[C@H]2OC)nc1C(F)(F)F,C#Cc1[nH]cnc1C(F)(F)F,CC(C)(O)C#Cc1[nH]cnc1C(F)(F)F,70,Moderately stable,Contains carbene (highly reactive intermediate),85,low
CCc1[nH]c(C(=O)N[C@H]2CCN(c3cccc(C(=O)O)c3)C[C@H]2OC)nc1C(F)(F)F,CC(C)(O)C#Cc1[nH]cnc1C(F)(F)F,CC(C)(O)C#Cc1c(C(F)(F)F)ncn1COCC[Si](C)(C)C,70,Moderately stable,Contains carbene (highly reactive intermediate),70,medium
CCc1[nH]c(C(=O)N[C@H]2CCN(c3cccc(C(=O)O)c3)C[C@H]2OC)nc1C(F)(F)F,CC(C)(O)C#Cc1c(C(F)(F)F)ncn1COCC[Si](C)(C)C,C#CC(C)(C)O,65,Moderately stable,Contains carbene (highly reactive intermediate),95,low
CCc1[nH]c(C(=O)N[C@H]2CCN(c3cccc(C(=O)O)c3)C[C@H]2OC)nc1C(F)(F)F,CC(C)(O)C#Cc1c(C(F)(F)F)ncn1COCC[Si](C)(C)C,C[Si](C)(C)CCOCn1cnc(C(F)(F)F)c1Br,100,Likely stable,,95,low
CCc1[nH]c(C(=O)N[C@H]2CCN(c3cccc(C(=O)O)c3)C[C@H]2OC)nc1C(F)(F)F,C[Si](C)(C)CCOCn1cnc(C(F)(F)F)c1Br,C[Si](C)(C)CCOCCl,100,Likely stable,,95,low
CCc1[nH]c(C(=O)N[C@H]2CCN(c3cccc(C(=O)O)c3)C[C@H]2OC)nc1C(F)(F)F,C[Si](C)(C)CCOCn1cnc(C(F)(F)F)c1Br,FC(F)(F)c1nc[nH]c1Br,100,Likely stable,,95,low
CCc1[nH]c(C(=O)N[C@H]2CCN(c3cccc(C(=O)O)c3)C[C@H]2OC)nc1C(F)(F)F,CO[C@@H]1CN(c2cccc(C(=O)O)c2)CC[C@@H]1N,COC(=O)c1cccc(N2CC[C@H](N)[C@H](OC)C2)c1,100,Likely stable,,95,low
CCc1[nH]c(C(=O)N[C@H]2CCN(c3cccc(C(=O)O)c3)C[C@H]2OC)nc1C(F)(F)F,COC(=O)c1cccc(N2CC[C@H](N)[C@H](OC)C2)c1,CO[C@@H]1CNCC[C@@H]1N,95,Likely stable,,95,low
CCc1[nH]c(C(=O)N[C@H]2CCN(c3cccc(C(=O)O)c3)C[C@H]2OC)nc1C(F)(F)F,COC(=O)c1cccc(N2CC[C@H](N)[C@H](OC)C2)c1,COC(=O)c1cccc(Br)c1,100,Likely stable,,95,low
CC(C)(C)OC(=O)N[C@@H]1c2cccnc2[C@H](N2C(=O)c3ccccc3C2=O)CC[C@H]1c1cccc(F)c1F,CC(C)(C)OC(=O)N[C@@H]1c2cccnc2[C@H](N2C(=O)c3ccccc3C2=O)CC[C@H]1c1cccc(F)c1F,C=C[C@@H]1c2cccnc2[C@H](N2C(=O)c3ccccc3C2=O)CC[C@H]1NC(=O)OC(C)(C)C,100,Likely stable,,90,low
CC(C)(C)OC(=O)N[C@@H]1c2cccnc2[C@H](N2C(=O)c3ccccc3C2=O)CC[C@H]1c1cccc(F)c1F,CC(C)(C)OC(=O)N[C@@H]1c2cccnc2[C@H](N2C(=O)c3ccccc3C2=O)CC[C@H]1c1cccc(F)c1F,Fc1ccccc1F,100,Likely stable,,90,low
CC(C)(C)OC(=O)N[C@@H]1c2cccnc2[C@H](N2C(=O)c3ccccc3C2=O)CC[C@H]1c1cccc(F)c1F,C=C[C@@H]1c2cccnc2[C@H](N2C(=O)c3ccccc3C2=O)CC[C@H]1NC(=O)OC(C)(C)C,C=C[C@@H]1c2cccnc2[C@H](Br)CC[C@H]1NC(=O)OC(C)(C)C,100,Likely stable,,95,low
CC(C)(C)OC(=O)N[C@@H]1c2cccnc2[C@H](N2C(=O)c3ccccc3C2=O)CC[C@H]1c1cccc(F)c1F,C=C[C@@H]1c2cccnc2[C@H](N2C(=O)c3ccccc3C2=O)CC[C@H]1NC(=O)OC(C)(C)C,O=C1NC(=O)c2ccccc21,100,Likely stable,,95,low
CC(C)(C)OC(=O)N[C@@H]1c2cccnc2[C@H](N2C(=O)c3ccccc3C2=O)CC[C@H]1c1cccc(F)c1F,C=C[C@@H]1c2cccnc2[C@H](Br)CC[C@H]1NC(=O)OC(C)(C)C,C=C[C@@H]1c2cccnc2[C@H](Br)CC[C@H]1N,100,Likely stable,,75,medium
CC(C)(C)OC(=O)N[C@@H]1c2cccnc2[C@H](N2C(=O)c3ccccc3C2=O)CC[C@H]1c1cccc(F)c1F,C=C[C@@H]1c2cccnc2[C@H](Br)CC[C@H]1NC(=O)OC(C)(C)C,CC(C)(C)OC(=O)OC(=O)OC(C)(C)C,100,Likely stable,,75,medium
CC(C)(C)OC(=O)N[C@@H]1c2cccnc2[C@H](N2C(=O)c3ccccc3C2=O)CC[C@H]1c1cccc(F)c1F,C=C[C@@H]1c2cccnc2[C@H](Br)CC[C@H]1N,C=C[CH]c1cccnc1[C@H](Br)CC[C@H](N)C=C,,,,65,medium
CC(C)(C)OC(=O)N[C@@H]1c2cccnc2[C@H](N2C(=O)c3ccccc3C2=O)CC[C@H]1c1cccc(F)c1F,C=C[CH]c1cccnc1[C@H](Br)CC[C@H](N)C=C,C=C[CH]c1cccnc1CC[C@H](N)C=C,,,,85,low
CC(C)(C)OC(=O)N[C@@H]1c2cccnc2[C@H](N2C(=O)c3ccccc3C2=O)CC[C@H]1c1cccc(F)c1F,C=C[CH]c1cccnc1CC[C@H](N)C=C,C=C[C@@H](N)CCc1ncccc1Br,,,,90,low
CC(C)(C)OC(=O)N[C@@H]1c2cccnc2[C@H](N2C(=O)c3ccccc3C2=O)CC[C@H]1c1cccc(F)c1F,C=C[CH]c1cccnc1CC[C@H](N)C=C,C=CB(O)O,100,Likely stable,,90,low
CC(C)(C)OC(=O)N[C@@H]1c2cccnc2[C@H](N2C(=O)c3ccccc3C2=O)CC[C@H]1c1cccc(F)c1F,C=C[C@@H](N)CCc1ncccc1Br,C=CC(=O)CCc1ncccc1Br,,,,95,low
CC(C)(C)OC(=O)N[C@@H]1c2cccnc2[C@H](N2C(=O)c3ccccc3C2=O)CC[C@H]1c1cccc(F)c1F,C=C[C@@H](N)CCc1ncccc1Br,N,100,Likely stable,,95,low
CC(C)(C)OC(=O)N[C@@H]1c2cccnc2[C@H](N2C(=O)c3ccccc3C2=O)CC[C@H]1c1cccc(F)c1F,C=CC(=O)CCc1ncccc1Br,CC(=O)CCc1ncccc1Br,100,Likely stable,,95,low
CC(C)(C)OC(=O)N[C@@H]1c2cccnc2[C@H](N2C(=O)c3ccccc3C2=O)CC[C@H]1c1cccc(F)c1F,C=CC(=O)CCc1ncccc1Br,C=O,100,Likely stable,,95,low
CC(C)(C)OC(=O)N[C@@H]1c2cccnc2[C@H](N2C(=O)c3ccccc3C2=O)CC[C@H]1c1cccc(F)c1F,CC(=O)CCc1ncccc1Br,CC(=O)CC(C)=O,100,Likely stable,,90,low
CC(C)(C)OC(=O)N[C@@H]1c2cccnc2[C@H](N2C(=O)c3ccccc3C2=O)CC[C@H]1c1cccc(F)c1F,CC(=O)CCc1ncccc1Br,ClCc1ncccc1Br,100,Likely stable,,90,low
CC(C)(C)OC(=O)N[C@@H]1c2cccnc2[C@H](N2C(=O)c3ccccc3C2=O)CC[C@H]1c1cccc(F)c1F,CC(C)(C)OC(=O)OC(=O)OC(C)(C)C,C=C(C)C,100,Likely stable,,95,low
CC(C)(C)OC(=O)N[C@@H]1c2cccnc2[C@H](N2C(=O)c3ccccc3C2=O)CC[C@H]1c1cccc(F)c1F,CC(C)(C)OC(=O)OC(=O)OC(C)(C)C,CC(C)(C)OC(=O)OC(=O)O,100,Likely stable,,95,low
CC(C)(C)OC(=O)N[C@@H]1c2cccnc2[C@H](N2C(=O)c3ccccc3C2=O)CC[C@H]1c1cccc(F)c1F,CC(C)(C)OC(=O)OC(=O)O,C=C(C)C,100,Likely stable,,95,low
CC(C)(C)OC(=O)N[C@@H]1c2cccnc2[C@H](N2C(=O)c3ccccc3C2=O)CC[C@H]1c1cccc(F)c1F,CC(C)(C)OC(=O)OC(=O)O,O=C(O)OC(=O)O,100,Likely stable,,95,low
CC(C)(C)OC(=O)N[C@@H]1c2cccnc2[C@H](N2C(=O)c3ccccc3C2=O)CC[C@H]1c1cccc(F)c1F,O=C1NC(=O)c2ccccc21,NC(N)=O,100,Likely stable,,90,low
CC(C)(C)OC(=O)N[C@@H]1c2cccnc2[C@H](N2C(=O)c3ccccc3C2=O)CC[C@H]1c1cccc(F)c1F,O=C1NC(=O)c2ccccc21,O=C1OC(=O)c2ccccc21,100,Likely stable,,90,low
CC(C)(C)OC(=O)N[C@@H]1c2cccnc2[C@H](N2C(=O)c3ccccc3C2=O)CC[C@H]1c1cccc(F)c1F,Fc1ccccc1F,Oc1ccc(F)c(F)c1,100,Likely stable,,95,low
CC(C)c1ccc(OC2CCC3(CC2)N[C@@H](C(=O)O)C(C)(C)S3)cc1,CC(C)c1ccc(OC2CCC3(CC2)N[C@@H](C(=O)O)C(C)(C)S3)cc1,CC(C)c1ccc(O)cc1,100,Likely stable,,95,low
CC(C)c1ccc(OC2CCC3(CC2)N[C@@H](C(=O)O)C(C)(C)S3)cc1,CC(C)c1ccc(OC2CCC3(CC2)N[C@@H](C(=O)O)C(C)(C)S3)cc1,CC1(C)SC2(CCC(Cl)CC2)N[C@H]1C(=O)O,,,,95,low
CC(C)c1ccc(OC2CCC3(CC2)N[C@@H](C(=O)O)C(C)(C)S3)cc1,CC(C)c1ccc(O)cc1,COc1ccc(C(C)C)cc1,100,Likely stable,,95,low
CC(C)c1ccc(OC2CCC3(CC2)N[C@@H](C(=O)O)C(C)(C)S3)cc1,CC1(C)SC2(CCC(Cl)CC2)N[C@H]1C(=O)O,CC(C)(S)[C@@H](N)C(=O)O,100,Likely stable,,65,medium
CC(C)c1ccc(OC2CCC3(CC2)N[C@@H](C(=O)O)C(C)(C)S3)cc1,CC1(C)SC2(CCC(Cl)CC2)N[C@H]1C(=O)O,O=C1CCC(Cl)CC1,100,Likely stable,,65,medium
CC(C)c1ccc(OC2CCC3(CC2)N[C@@H](C(=O)O)C(C)(C)S3)cc1,CC(C)(S)[C@@H](N)C(=O)O,COC(=O)[C@H](N)C(C)(C)S,100,Likely stable,,95,low
CC(C)c1ccc(OC2CCC3(CC2)N[C@@H](C(=O)O)C(C)(C)S3)cc1,O=C1CCC(Cl)CC1,OC1CCC(Cl)CC1,100,Likely stable,,100,low
CCOC(=O)CCc1cc2cc(-c3noc(-c4ccc(OC(C)C)c(Cl)c4)n3)ccc2[nH]1,CCOC(=O)CCc1cc2cc(-c3noc(-c4ccc(OC(C)C)c(Cl)c4)n3)ccc2[nH]1,CC(C)Oc1ccc(-c2nc(-c3ccc4[nH]ccc4c3)no2)cc1Cl,100,Likely stable,,95,low
CCOC(=O)CCc1cc2cc(-c3noc(-c4ccc(OC(C)C)c(Cl)c4)n3)ccc2[nH]1,CCOC(=O)CCc1cc2cc(-c3noc(-c4ccc(OC(C)C)c(Cl)c4)n3)ccc2[nH]1,CCOC(=O)CCBr,100,Likely stable,,95,low
CCOC(=O)CCc1cc2cc(-c3noc(-c4ccc(OC(C)C)c(Cl)c4)n3)ccc2[nH]1,CC(C)Oc1ccc(-c2nc(-c3ccc4[nH]ccc4c3)no2)cc1Cl,N=C(NO)c1ccc2[nH]ccc2c1,100,Likely stable,,0,critical
CCOC(=O)CCc1cc2cc(-c3noc(-c4ccc(OC(C)C)c(Cl)c4)n3)ccc2[nH]1,CC(C)Oc1ccc(-c2nc(-c3ccc4[nH]ccc4c3)no2)cc1Cl,CC(C)Oc1ccc(C(=O)O)cc1Cl,100,Likely stable,,0,critical
CCOC(=O)CCc1cc2cc(-c3noc(-c4ccc(OC(C)C)c(Cl)c4)n3)ccc2[nH]1,CCOC(=O)CCBr,CCOC(=O)CCO,100,Likely stable,,55,medium
CCOC(=O)CCc1cc2cc(-c3noc(-c4ccc(OC(C)C)c(Cl)c4)n3)ccc2[nH]1,CCOC(=O)CCBr,O=C1CCC(=O)N1Br,95,Likely stable,,55,medium
CN(C1CC1)[C@H]1CC[C@H]2[C@@H]3CC=C4C[C@@H](O)CC[C@]4(C)[C@H]3CC[C@]12C,CN(C1CC1)[C@H]1CC[C@H]2[C@@H]3CC=C4C[C@@H](O)CC[C@]4(C)[C@H]3CC[C@]12C,CC1CCC2C3CC=C4CC(=O)CCC4(C)C3CCC12C,100,Likely stable,,95,low
CN(C1CC1)[C@H]1CC[C@H]2[C@@H]3CC=C4C[C@@H](O)CC[C@]4(C)[C@H]3CC[C@]12C,CN(C1CC1)[C@H]1CC[C@H]2[C@@H]3CC=C4C[C@@H](O)CC[C@]4(C)[C@H]3CC[C@]12C,CNC1CC1,100,Likely stable,,95,low
CN(C1CC1)[C@H]1CC[C@H]2[C@@H]3CC=C4C[C@@H](O)CC[C@]4(C)[C@H]3CC[C@]12C,CC1CCC2C3CC=C4CC(=O)CCC4(C)C3CCC12C,CC1CCC2C3CC=C4CC(O)CCC4(C)C3CCC12C,100,Likely stable,,100,low
CC(=O)c1ccc2c(c1)C=CC(O)(CO)CO2,CC(=O)c1ccc2c(c1)C=CC(O)(CO)CO2,C=Cc1ccc(C(C)=O)cc1O,100,Likely stable,,65,medium
CC(=O)c1ccc2c(c1)C=CC(O)(CO)CO2,CC(=O)c1ccc2c(c1)C=CC(O)(CO)CO2,O=CC(O)CO,,,,65,medium
CC(=O)c1ccc2c(c1)C=CC(O)(CO)CO2,C=Cc1ccc(C(C)=O)cc1O,CC(=O)OC(C)=O,100,Likely stable,,90,low
CC(=O)c1ccc2c(c1)C=CC(O)(CO)CO2,C=Cc1ccc(C(C)=O)cc1O,C=Cc1ccccc1O,100,Likely stable,,90,low
C[C@H]1OC[C@@H]2CC[C@@H](c3nc(-c4ccc(C(=O)Nc5cc(C(F)(F)F)ccn5)cc4)c4c(N)nccn34)CN2C1=O,C[C@H]1OC[C@@H]2CC[C@@H](c3nc(-c4ccc(C(=O)Nc5cc(C(F)(F)F)ccn5)cc4)c4c(N)nccn34)CN2C1=O,C[C@H]1OC[C@@H]2CC[C@@H](Br)CN2C1=O,90,Likely stable,,90,low
C[C@H]1OC[C@@H]2CC[C@@H](c3nc(-c4ccc(C(=O)Nc5cc(C(F)(F)F)ccn5)cc4)c4c(N)nccn34)CN2C1=O,C[C@H]1OC[C@@H]2CC[C@@H](c3nc(-c4ccc(C(=O)Nc5cc(C(F)(F)F)ccn5)cc4)c4c(N)nccn34)CN2C1=O,Nc1nccn2c(Br)nc(-c3ccc(C(=O)Nc4cc(C(F)(F)F)ccn4)cc3)c12,,,,90,low
C[C@H]1OC[C@@H]2CC[C@@H](c3nc(-c4ccc(C(=O)Nc5cc(C(F)(F)F)ccn5)cc4)c4c(N)nccn34)CN2C1=O,C[C@H]1OC[C@@H]2CC[C@@H](Br)CN2C1=O,C[C@H](O)C(=O)N1[C@@H](CCl)CC[C@@H]1Br,,,,40,medium
C[C@H]1OC[C@@H]2CC[C@@H](c3nc(-c4ccc(C(=O)Nc5cc(C(F)(F)F)ccn5)cc4)c4c(N)nccn34)CN2C1=O,C[C@H](O)C(=O)N1[C@@H](CCl)CC[C@@H]1Br,C[C@H](O)C(=O)N1CCC[C@@H]1CCl,95,Likely stable,,90,low
C[C@H]1OC[C@@H]2CC[C@@H](c3nc(-c4ccc(C(=O)Nc5cc(C(F)(F)F)ccn5)cc4)c4c(N)nccn34)CN2C1=O,C[C@H](O)C(=O)N1CCC[C@@H]1CCl,C[C@H](O)C(=O)O,100,Likely stable,,95,low
C[C@H]1OC[C@@H]2CC[C@@H](c3nc(-c4ccc(C(=O)Nc5cc(C(F)(F)F)ccn5)cc4)c4c(N)nccn34)CN2C1=O,C[C@H](O)C(=O)N1CCC[C@@H]1CCl,ClC[C@H]1CCCN1,95,Likely stable,,95,low
C[C@H]1OC[C@@H]2CC[C@@H](c3nc(-c4ccc(C(=O)Nc5cc(C(F)(F)F)ccn5)cc4)c4c(N)nccn34)CN2C1=O,Nc1nccn2c(Br)nc(-c3ccc(C(=O)Nc4cc(C(F)(F)F)ccn4)cc3)c12,Nc1nccn2cnc(-c3ccc(C(=O)Nc4cc(C(F)(F)F)ccn4)cc3)c12,,,,90,low
C[C@H]1OC[C@@H]2CC[C@@H](c3nc(-c4ccc(C(=O)Nc5cc(C(F)(F)F)ccn5)cc4)c4c(N)nccn34)CN2C1=O,Nc1nccn2cnc(-c3ccc(C(=O)Nc4cc(C(F)(F)F)ccn4)cc3)c12,Nc1nccn2cnc(Br)c12,100,Likely stable,,90,low
C[C@H]1OC[C@@H]2CC[C@@H](c3nc(-c4ccc(C(=O)Nc5cc(C(F)(F)F)ccn5)cc4)c4c(N)nccn34)CN2C1=O,Nc1nccn2cnc(-c3ccc(C(=O)Nc4cc(C(F)(F)F)ccn4)cc3)c12,O=C(Nc1cc(C(F)(F)F)ccn1)c1cccc(B(O)O)c1,100,Likely stable,,90,low
C[C@H]1OC[C@@H]2CC[C@@H](c3nc(-c4ccc(C(=O)Nc5cc(C(F)(F)F)ccn5)cc4)c4c(N)nccn34)CN2C1=O,Nc1nccn2cnc(Br)c12,COc1ccc(CNc2nccn3cnc(Br)c23)cc1,100,Likely stable,,0,critical
C[C@H]1OC[C@@H]2CC[C@@H](c3nc(-c4ccc(C(=O)Nc5cc(C(F)(F)F)ccn5)cc4)c4c(N)nccn34)CN2C1=O,COc1ccc(CNc2nccn3cnc(Br)c23)cc1,COc1ccc(CN)cc1,100,Likely stable,,95,low
C[C@H]1OC[C@@H]2CC[C@@H](c3nc(-c4ccc(C(=O)Nc5cc(C(F)(F)F)ccn5)cc4)c4c(N)nccn34)CN2C1=O,COc1ccc(CNc2nccn3cnc(Br)c23)cc1,Clc1nccn2cnc(Br)c12,100,Likely stable,,95,low
C[C@H]1OC[C@@H]2CC[C@@H](c3nc(-c4ccc(C(=O)Nc5cc(C(F)(F)F)ccn5)cc4)c4c(N)nccn34)CN2C1=O,O=C(Nc1cc(C(F)(F)F)ccn1)c1cccc(B(O)O)c1,Nc1cc(C(F)(F)F)ccn1,100,Likely stable,,95,low
C[C@H]1OC[C@@H]2CC[C@@H](c3nc(-c4ccc(C(=O)Nc5cc(C(F)(F)F)ccn5)cc4)c4c(N)nccn34)CN2C1=O,O=C(Nc1cc(C(F)(F)F)ccn1)c1cccc(B(O)O)c1,O=C(Cl)c1cccc(B(O)O)c1,100,Likely stable,,95,low
C[C@@H](n1ncn(-c2ccc(Cl)cc2)c1=O)[C@@]1(c2ccc(F)cc2F)CO1,C[C@@H](n1ncn(-c2ccc(Cl)cc2)c1=O)[C@@]1(c2ccc(F)cc2F)CO1,C=C(c1ccc(F)cc1F)[C@@H](C)n1ncn(-c2ccc(Cl)cc2)c1=O,,,,60,medium
C[C@@H](n1ncn(-c2ccc(Cl)cc2)c1=O)[C@@]1(c2ccc(F)cc2F)CO1,C=C(c1ccc(F)cc1F)[C@@H](C)n1ncn(-c2ccc(Cl)cc2)c1=O,C[C@H](C=O)n1ncn(-c2ccc(Cl)cc2)c1=O,,,,95,low
C[C@@H](n1ncn(-c2ccc(Cl)cc2)c1=O)[C@@]1(c2ccc(F)cc2F)CO1,C=C(c1ccc(F)cc1F)[C@@H](C)n1ncn(-c2ccc(Cl)cc2)c1=O,Fc1ccc(CBr)c(F)c1,100,Likely stable,,95,low
C[C@@H](n1ncn(-c2ccc(Cl)cc2)c1=O)[C@@]1(c2ccc(F)cc2F)CO1,C[C@H](C=O)n1ncn(-c2ccc(Cl)cc2)c1=O,C[C@H](CO)n1ncn(-c2ccc(Cl)cc2)c1=O,,,,100,low
C[C@@H](n1ncn(-c2ccc(Cl)cc2)c1=O)[C@@]1(c2ccc(F)cc2F)CO1,C[C@H](CO)n1ncn(-c2ccc(Cl)cc2)c1=O,C[C@@H](CO)n1ncc(=O)[nH]1,100,Likely stable,,95,low
C[C@@H](n1ncn(-c2ccc(Cl)cc2)c1=O)[C@@]1(c2ccc(F)cc2F)CO1,C[C@H](CO)n1ncn(-c2ccc(Cl)cc2)c1=O,O=C=Nc1ccc(Cl)cc1,70,Moderately stable,Contains carbene (highly reactive intermediate),95,low
C[C@@H](n1ncn(-c2ccc(Cl)cc2)c1=O)[C@@]1(c2ccc(F)cc2F)CO1,C[C@@H](CO)n1ncc(=O)[nH]1,O=c1[nH]cn[nH]1,,,,75,medium
C[C@@H](n1ncn(-c2ccc(Cl)cc2)c1=O)[C@@]1(c2ccc(F)cc2F)CO1,C[C@@H](CO)n1ncc(=O)[nH]1,C[C@@H]1CO1,80,Likely stable,Three-membered heterocycle (potentially unstable),75,medium
C[C@@H](n1ncn(-c2ccc(Cl)cc2)c1=O)[C@@]1(c2ccc(F)cc2F)CO1,O=C=Nc1ccc(Cl)cc1,O=C(Cl)Cl,100,Likely stable,,90,low
C[C@@H](n1ncn(-c2ccc(Cl)cc2)c1=O)[C@@]1(c2ccc(F)cc2F)CO1,O=C=Nc1ccc(Cl)cc1,Nc1ccc(Cl)cc1,100,Likely stable,,90,low
C[C@@H](n1ncn(-c2ccc(Cl)cc2)c1=O)[C@@]1(c2ccc(F)cc2F)CO1,Fc1ccc(CBr)c(F)c1,Cc1ccc(F)cc1F,100,Likely stable,,55,medium
C[C@@H](n1ncn(-c2ccc(Cl)cc2)c1=O)[C@@]1(c2ccc(F)cc2F)CO1,Fc1ccc(CBr)c(F)c1,O=C1CCC(=O)N1Br,95,Likely stable,,55,medium
CC(=O)NC[C@H]1CN(c2ccc3c(c2)CCCc2c(C(C)C)n[nH]c2-3)C(=O)O1,CC(=O)NC[C@H]1CN(c2ccc3c(c2)CCCc2c(C(C)C)n[nH]c2-3)C(=O)O1,CC(C)c1n[nH]c2c1CCCc1cc(N3C[C@H](CN)OC3=O)ccc1-2,,,,95,low
CC(=O)NC[C@H]1CN(c2ccc3c(c2)CCCc2c(C(C)C)n[nH]c2-3)C(=O)O1,CC(=O)NC[C@H]1CN(c2ccc3c(c2)CCCc2c(C(C)C)n[nH]c2-3)C(=O)O1,CC(=O)Cl,100,Likely stable,,95,low
CC(=O)NC[C@H]1CN(c2ccc3c(c2)CCCc2c(C(C)C)n[nH]c2-3)C(=O)O1,CC(C)c1n[nH]c2c1CCCc1cc(N3C[C@H](CN)OC3=O)ccc1-2,CC(C)c1n[nH]c2c1CCCc1cc(N)ccc1-2,,,,95,low
CC(=O)NC[C@H]1CN(c2ccc3c(c2)CCCc2c(C(C)C)n[nH]c2-3)C(=O)O1,CC(C)c1n[nH]c2c1CCCc1cc(N3C[C@H](CN)OC3=O)ccc1-2,NC[C@H]1CNC(=O)O1,95,Likely stable,,95,low
CC(=O)NC[C@H]1CN(c2ccc3c(c2)CCCc2c(C(C)C)n[nH]c2-3)C(=O)O1,CC(C)c1n[nH]c2c1CCCc1cc(N)ccc1-2,CC(C)c1n[nH]cc1C(=O)CCCc1ccc(N)cc1,100,Likely stable,,70,medium
CC(=O)NC[C@H]1CN(c2ccc3c(c2)CCCc2c(C(C)C)n[nH]c2-3)C(=O)O1,CC(C)c1n[nH]cc1C(=O)CCCc1ccc(N)cc1,NN,100,Likely stable,,15,critical
CC(=O)NC[C@H]1CN(c2ccc3c(c2)CCCc2c(C(C)C)n[nH]c2-3)C(=O)O1,CC(C)c1n[nH]cc1C(=O)CCCc1ccc(N)cc1,COC(OC)N(C)C,100,Likely stable,,15,critical
CC(=O)NC[C@H]1CN(c2ccc3c(c2)CCCc2c(C(C)C)n[nH]c2-3)C(=O)O1,CC(C)c1n[nH]cc1C(=O)CCCc1ccc(N)cc1,CC(C)C(=O)CC(=O)CCCc1ccc(N)cc1,100,Likely stable,,15,critical
CC(=O)NC[C@H]1CN(c2ccc3c(c2)CCCc2c(C(C)C)n[nH]c2-3)C(=O)O1,NN,NN=O,100,Likely stable,,95,low
CC(=O)NC[C@H]1CN(c2ccc3c(c2)CCCc2c(C(C)C)n[nH]c2-3)C(=O)O1,NN=O,O=N[N+](=O)[O-],100,Likely stable,,90,low
CC(=O)NC[C@H]1CN(c2ccc3c(c2)CCCc2c(C(C)C)n[nH]c2-3)C(=O)O1,CC(C)C(=O)CC(=O)CCCc1ccc(N)cc1,CC(=O)C(C)C,100,Likely stable,,95,low
CC(=O)NC[C@H]1CN(c2ccc3c(c2)CCCc2c(C(C)C)n[nH]c2-3)C(=O)O1,CC(C)C(=O)CC(=O)CCCc1ccc(N)cc1,COC(=O)CCCc1ccc(N)cc1,100,Likely stable,,95,low
COc1ccccc1C[C@H](C[C@H](O[Si](C)(C)C(C)(C)C)[C@H](Cc1ccccc1)NC(=O)OC(C)(C)C)C(=O)O,COc1ccccc1C[C@H](C[C@H](O[Si](C)(C)C(C)(C)C)[C@H](Cc1ccccc1)NC(=O)OC(C)(C)C)C(=O)O,COc1ccccc1C[C@@H](CO)C[C@H](O[Si](C)(C)C(C)(C)C)[C@H](Cc1ccccc1)NC(=O)OC(C)(C)C,,,,90,low
COc1ccccc1C[C@H](C[C@H](O[Si](C)(C)C(C)(C)C)[C@H](Cc1ccccc1)NC(=O)OC(C)(C)C)C(=O)O,COc1ccccc1C[C@@H](CO)C[C@H](O[Si](C)(C)C(C)(C)C)[C@H](Cc1ccccc1)NC(=O)OC(C)(C)C,COc1ccccc1C[C@@H](C=O)C[C@H](O[Si](C)(C)C(C)(C)C)[C@H](Cc1ccccc1)NC(=O)OC(C)(C)C,,,,100,low
COCCCc1cc(CN(C(=O)[C@H]2CN(C(=O)OC(C)(C)C)CC[C@@H]2c2ccc(OCCOc3c(Cl)cc(C)cc3Cl)cc2)C2CC2)cc(OCCOC)c1,COCCCc1cc(CN(C(=O)[C@H]2CN(C(=O)OC(C)(C)C)CC[C@@H]2c2ccc(OCCOc3c(Cl)cc(C)cc3Cl)cc2)C2CC2)cc(OCCOC)c1,Cc1cc(Cl)c(OCCOc2ccc([C@@H]3CCN(C(=O)OC(C)(C)C)C[C@H]3C(=O)O)cc2)c(Cl)c1,,,,95,low
COCCCc1cc(CN(C(=O)[C@H]2CN(C(=O)OC(C)(C)C)CC[C@@H]2c2ccc(OCCOc3c(Cl)cc(C)cc3Cl)cc2)C2CC2)cc(OCCOC)c1,COCCCc1cc(CN(C(=O)[C@H]2CN(C(=O)OC(C)(C)C)CC[C@@H]2c2ccc(OCCOc3c(Cl)cc(C)cc3Cl)cc2)C2CC2)cc(OCCOC)c1,COCCCc1cc(CNC2CC2)cc(OCCOC)c1,100,Likely stable,,95,low
COCCCc1cc(CN(C(=O)[C@H]2CN(C(=O)OC(C)(C)C)CC[C@@H]2c2ccc(OCCOc3c(Cl)cc(C)cc3Cl)cc2)C2CC2)cc(OCCOC)c1,Cc1cc(Cl)c(OCCOc2ccc([C@@H]3CCN(C(=O)OC(C)(C)C)C[C@H]3C(=O)O)cc2)c(Cl)c1,CC(C)(C)OC(=O)N1CC[C@@H](c2ccc(O)cc2)[C@H](C(=O)O)C1,,,,95,low
COCCCc1cc(CN(C(=O)[C@H]2CN(C(=O)OC(C)(C)C)CC[C@@H]2c2ccc(OCCOc3c(Cl)cc(C)cc3Cl)cc2)C2CC2)cc(OCCOC)c1,Cc1cc(Cl)c(OCCOc2ccc([C@@H]3CCN(C(=O)OC(C)(C)C)C[C@H]3C(=O)O)cc2)c(Cl)c1,Cc1cc(Cl)c(OCCCl)c(Cl)c1,100,Likely stable,,95,low
COCCCc1cc(CN(C(=O)[C@H]2CN(C(=O)OC(C)(C)C)CC[C@@H]2c2ccc(OCCOc3c(Cl)cc(C)cc3Cl)cc2)C2CC2)cc(OCCOC)c1,CC(C)(C)OC(=O)N1CC[C@@H](c2ccc(O)cc2)[C@H](C(=O)O)C1,O=C(O)[C@@H]1CNCC[C@H]1c1ccc(O)cc1,,,,45,medium
COCCCc1cc(CN(C(=O)[C@H]2CN(C(=O)OC(C)(C)C)CC[C@@H]2c2ccc(OCCOc3c(Cl)cc(C)cc3Cl)cc2)C2CC2)cc(OCCOC)c1,O=C(O)[C@@H]1CNCC[C@H]1c1ccc(O)cc1,N[C@H](Cc1ccc(O)cc1)C(=O)O,100,Likely stable,,40,medium
COCCCc1cc(CN(C(=O)[C@H]2CN(C(=O)OC(C)(C)C)CC[C@@H]2c2ccc(OCCOc3c(Cl)cc(C)cc3Cl)cc2)C2CC2)cc(OCCOC)c1,O=C(O)[C@@H]1CNCC[C@H]1c1ccc(O)cc1,O=CCCCC=O,100,Likely stable,,40,medium
COCCCc1cc(CN(C(=O)[C@H]2CN(C(=O)OC(C)(C)C)CC[C@@H]2c2ccc(OCCOc3c(Cl)cc(C)cc3Cl)cc2)C2CC2)cc(OCCOC)c1,N[C@H](Cc1ccc(O)cc1)C(=O)O,COc1ccc(C[C@@H](N)C(=O)O)cc1,100,Likely stable,,95,low
COCCCc1cc(CN(C(=O)[C@H]2CN(C(=O)OC(C)(C)C)CC[C@@H]2c2ccc(OCCOc3c(Cl)cc(C)cc3Cl)cc2)C2CC2)cc(OCCOC)c1,O=CCCCC=O,CCOC(CCCC=O)OCC,100,Likely stable,,80,low
COCCCc1cc(CN(C(=O)[C@H]2CN(C(=O)OC(C)(C)C)CC[C@@H]2c2ccc(OCCOc3c(Cl)cc(C)cc3Cl)cc2)C2CC2)cc(OCCOC)c1,Cc1cc(Cl)c(OCCCl)c(Cl)c1,ClCCBr,100,Likely stable,,95,low
COCCCc1cc(CN(C(=O)[C@H]2CN(C(=O)OC(C)(C)C)CC[C@@H]2c2ccc(OCCOc3c(Cl)cc(C)cc3Cl)cc2)C2CC2)cc(OCCOC)c1,Cc1cc(Cl)c(OCCCl)c(Cl)c1,Cc1cc(Cl)c(O)c(Cl)c1,100,Likely stable,,95,low
COCCCc1cc(CN(C(=O)[C@H]2CN(C(=O)OC(C)(C)C)CC[C@@H]2c2ccc(OCCOc3c(Cl)cc(C)cc3Cl)cc2)C2CC2)cc(OCCOC)c1,COCCCc1cc(CNC2CC2)cc(OCCOC)c1,COCCCc1cc(C=O)cc(OCCOC)c1,100,Likely stable,,95,low
COCCCc1cc(CN(C(=O)[C@H]2CN(C(=O)OC(C)(C)C)CC[C@@H]2c2ccc(OCCOc3c(Cl)cc(C)cc3Cl)cc2)C2CC2)cc(OCCOC)c1,COCCCc1cc(CNC2CC2)cc(OCCOC)c1,NC1CC1,,,,95,low
COCCCc1cc(CN(C(=O)[C@H]2CN(C(=O)OC(C)(C)C)CC[C@@H]2c2ccc(OCCOc3c(Cl)cc(C)cc3Cl)cc2)C2CC2)cc(OCCOC)c1,COCCCc1cc(C=O)cc(OCCOC)c1,COCCO,100,Likely stable,,95,low
COCCCc1cc(CN(C(=O)[C@H]2CN(C(=O)OC(C)(C)C)CC[C@@H]2c2ccc(OCCOc3c(Cl)cc(C)cc3Cl)cc2)C2CC2)cc(OCCOC)c1,COCCCc1cc(C=O)cc(OCCOC)c1,COCCCc1cc(F)cc(C=O)c1,100,Likely stable,,95,low
COCCCc1cc(CN(C(=O)[C@H]2CN(C(=O)OC(C)(C)C)CC[C@@H]2c2ccc(OCCOc3c(Cl)cc(C)cc3Cl)cc2)C2CC2)cc(OCCOC)c1,COCCCc1cc(F)cc(C=O)c1,COCCCc1cc(F)cc(CO)c1,100,Likely stable,,100,low
CC(C)N1CCC(Oc2ccc3c(c2)cc2n3[C@H](C)CN(CCO)C2=O)CC1,CC(C)N1CCC(Oc2ccc3c(c2)cc2n3[C@H](C)CN(CCO)C2=O)CC1,OCCBr,100,Likely stable,,95,low
CC(C)N1CCC(Oc2ccc3c(c2)cc2n3[C@H](C)CN(CCO)C2=O)CC1,CC(C)N1CCC(Oc2ccc3c(c2)cc2n3[C@H](C)CN(CCO)C2=O)CC1,CC(C)N1CCC(Oc2ccc3c(c2)cc2n3[C@H](C)CNC2=O)CC1,100,Likely stable,,95,low
CC(C)N1CCC(Oc2ccc3c(c2)cc2n3[C@H](C)CN(CCO)C2=O)CC1,CC(C)N1CCC(Oc2ccc3c(c2)cc2n3[C@H](C)CNC2=O)CC1,CC(C)N1CCC(O)CC1,95,Likely stable,,95,low
CC(C)N1CCC(Oc2ccc3c(c2)cc2n3[C@H](C)CN(CCO)C2=O)CC1,CC(C)N1CCC(Oc2ccc3c(c2)cc2n3[C@H](C)CNC2=O)CC1,C[C@@H]1CNC(=O)c2cc3cc(F)ccc3n21,100,Likely stable,,95,low
CC(C)N1CCC(Oc2ccc3c(c2)cc2n3[C@H](C)CN(CCO)C2=O)CC1,C[C@@H]1CNC(=O)c2cc3cc(F)ccc3n21,CCOC(=O)c1cc2cc(F)ccc2n1[C@H](C)CNC(=O)OC(C)(C)C,100,Likely stable,,15,critical
CC(C)N1CCC(Oc2ccc3c(c2)cc2n3[C@H](C)CN(CCO)C2=O)CC1,CCOC(=O)c1cc2cc(F)ccc2n1[C@H](C)CNC(=O)OC(C)(C)C,CCOC(=O)c1cc2cc(F)ccc2[nH]1,100,Likely stable,,35,high
CC(C)N1CCC(Oc2ccc3c(c2)cc2n3[C@H](C)CN(CCO)C2=O)CC1,CCOC(=O)c1cc2cc(F)ccc2n1[C@H](C)CNC(=O)OC(C)(C)C,C[C@H]1CN(C(=O)OC(C)(C)C)S(=O)(=O)O1,95,Likely stable,,35,high
COCCCc1cc(CN(C(=O)[C@H]2CN(C(=O)OC(C)(C)C)CC[C@@H]2c2ccc(OCCOc3c(Cl)cc(C)cc3Cl)cc2)C2CC2)cc(OCC2(CC#N)CC2)c1,COCCCc1cc(CN(C(=O)[C@H]2CN(C(=O)OC(C)(C)C)CC[C@@H]2c2ccc(OCCOc3c(Cl)cc(C)cc3Cl)cc2)C2CC2)cc(OCC2(CC#N)CC2)c1,COCCCc1cc(CNC2CC2)cc(OCC2(CC#N)CC2)c1,70,Moderately stable,Contains carbene (highly reactive intermediate),95,low
COCCCc1cc(CN(C(=O)[C@H]2CN(C(=O)OC(C)(C)C)CC[C@@H]2c2ccc(OCCOc3c(Cl)cc(C)cc3Cl)cc2)C2CC2)cc(OCC2(CC#N)CC2)c1,COCCCc1cc(CN(C(=O)[C@H]2CN(C(=O)OC(C)(C)C)CC[C@@H]2c2ccc(OCCOc3c(Cl)cc(C)cc3Cl)cc2)C2CC2)cc(OCC2(CC#N)CC2)c1,Cc1cc(Cl)c(OCCOc2ccc([C@H]3CCN(C(=O)OC(C)(C)C)C[C@@H]3C(=O)Cl)cc2)c(Cl)c1,100,Likely stable,,95,low
COCCCc1cc(CN(C(=O)[C@H]2CN(C(=O)OC(C)(C)C)CC[C@@H]2c2ccc(OCCOc3c(Cl)cc(C)cc3Cl)cc2)C2CC2)cc(OCC2(CC#N)CC2)c1,COCCCc1cc(CNC2CC2)cc(OCC2(CC#N)CC2)c1,N#CCC1(CO)CC1,65,Moderately stable,Contains carbene (highly reactive intermediate),95,low
COCCCc1cc(CN(C(=O)[C@H]2CN(C(=O)OC(C)(C)C)CC[C@@H]2c2ccc(OCCOc3c(Cl)cc(C)cc3Cl)cc2)C2CC2)cc(OCC2(CC#N)CC2)c1,COCCCc1cc(CNC2CC2)cc(OCC2(CC#N)CC2)c1,COCCCc1cc(F)cc(CNC2CC2)c1,100,Likely stable,,95,low
COCCCc1cc(CN(C(=O)[C@H]2CN(C(=O)OC(C)(C)C)CC[C@@H]2c2ccc(OCCOc3c(Cl)cc(C)cc3Cl)cc2)C2CC2)cc(OCC2(CC#N)CC2)c1,COCCCc1cc(F)cc(CNC2CC2)c1,COCCCc1cc(F)cc(C(=O)NC2CC2)c1,100,Likely stable,,95,low
COCCCc1cc(CN(C(=O)[C@H]2CN(C(=O)OC(C)(C)C)CC[C@@H]2c2ccc(OCCOc3c(Cl)cc(C)cc3Cl)cc2)C2CC2)cc(OCC2(CC#N)CC2)c1,COCCCc1cc(F)cc(C(=O)NC2CC2)c1,NC1CC1,100,Likely stable,,95,low
COCCCc1cc(CN(C(=O)[C@H]2CN(C(=O)OC(C)(C)C)CC[C@@H]2c2ccc(OCCOc3c(Cl)cc(C)cc3Cl)cc2)C2CC2)cc(OCC2(CC#N)CC2)c1,COCCCc1cc(F)cc(C(=O)NC2CC2)c1,COCCCc1cc(F)cc(C(=O)O)c1,100,Likely stable,,95,low
COCCCc1cc(CN(C(=O)[C@H]2CN(C(=O)OC(C)(C)C)CC[C@@H]2c2ccc(OCCOc3c(Cl)cc(C)cc3Cl)cc2)C2CC2)cc(OCC2(CC#N)CC2)c1,Cc1cc(Cl)c(OCCOc2ccc([C@H]3CCN(C(=O)OC(C)(C)C)C[C@@H]3C(=O)Cl)cc2)c(Cl)c1,Cc1cc(Cl)c(OCCO)c(Cl)c1,100,Likely stable,,95,low
COCCCc1cc(CN(C(=O)[C@H]2CN(C(=O)OC(C)(C)C)CC[C@@H]2c2ccc(OCCOc3c(Cl)cc(C)cc3Cl)cc2)C2CC2)cc(OCC2(CC#N)CC2)c1,Cc1cc(Cl)c(OCCOc2ccc([C@H]3CCN(C(=O)OC(C)(C)C)C[C@@H]3C(=O)Cl)cc2)c(Cl)c1,CC(C)(C)OC(=O)N1CC[C@H](c2ccc(F)cc2)[C@@H](C(=O)Cl)C1,100,Likely stable,,95,low
COCCCc1cc(CN(C(=O)[C@H]2CN(C(=O)OC(C)(C)C)CC[C@@H]2c2ccc(OCCOc3c(Cl)cc(C)cc3Cl)cc2)C2CC2)cc(OCC2(CC#N)CC2)c1,Cc1cc(Cl)c(OCCO)c(Cl)c1,O=C1OCCO1,95,Likely stable,,65,medium
COCCCc1cc(CN(C(=O)[C@H]2CN(C(=O)OC(C)(C)C)CC[C@@H]2c2ccc(OCCOc3c(Cl)cc(C)cc3Cl)cc2)C2CC2)cc(OCC2(CC#N)CC2)c1,Cc1cc(Cl)c(OCCO)c(Cl)c1,Cc1cc(Cl)c(O)c(Cl)c1,100,Likely stable,,65,medium
COCCCc1cc(CN(C(=O)[C@H]2CN(C(=O)OC(C)(C)C)CC[C@@H]2c2ccc(OCCOc3c(Cl)cc(C)cc3Cl)cc2)C2CC2)cc(OCC2(CC#N)CC2)c1,CC(C)(C)OC(=O)N1CC[C@H](c2ccc(F)cc2)[C@@H](C(=O)Cl)C1,O=S(Cl)Cl,100,Likely stable,,90,low
COCCCc1cc(CN(C(=O)[C@H]2CN(C(=O)OC(C)(C)C)CC[C@@H]2c2ccc(OCCOc3c(Cl)cc(C)cc3Cl)cc2)C2CC2)cc(OCC2(CC#N)CC2)c1,CC(C)(C)OC(=O)N1CC[C@H](c2ccc(F)cc2)[C@@H](C(=O)Cl)C1,CC(C)(C)OC(=O)N1CC[C@H](c2ccc(F)cc2)[C@@H](C(=O)O)C1,100,Likely stable,,90,low
COCCCc1cc(CN(C(=O)[C@H]2CN(C(=O)OC(C)(C)C)CC[C@@H]2c2ccc(OCCOc3c(Cl)cc(C)cc3Cl)cc2)C2CC2)cc(OCC2(CC#N)CC2)c1,CC(C)(C)OC(=O)N1CC[C@H](c2ccc(F)cc2)[C@@H](C(=O)O)C1,COC(=O)[C@H]1CN(C(=O)OC(C)(C)C)CC[C@@H]1c1ccc(F)cc1,100,Likely stable,,95,low
COCCCc1cc(CN(C(=O)[C@H]2CN(C(=O)OC(C)(C)C)CC[C@@H]2c2ccc(OCCOc3c(Cl)cc(C)cc3Cl)cc2)C2CC2)cc(OCC2(CC#N)CC2)c1,COC(=O)[C@H]1CN(C(=O)OC(C)(C)C)CC[C@@H]1c1ccc(F)cc1,CC(C)(C)OC(=O)OC(=O)OC(C)(C)C,100,Likely stable,,75,medium
COCCCc1cc(CN(C(=O)[C@H]2CN(C(=O)OC(C)(C)C)CC[C@@H]2c2ccc(OCCOc3c(Cl)cc(C)cc3Cl)cc2)C2CC2)cc(OCC2(CC#N)CC2)c1,COC(=O)[C@H]1CN(C(=O)OC(C)(C)C)CC[C@@H]1c1ccc(F)cc1,COC(=O)[C@H]1CNCC[C@@H]1c1ccc(F)cc1,100,Likely stable,,75,medium
CC(C)(C)OC(=O)N[C@@H]1c2cccnc2[C@H](N)CC[C@H]1c1cccc(F)c1F,CC(C)(C)OC(=O)N[C@@H]1c2cccnc2[C@H](N)CC[C@H]1c1cccc(F)c1F,N[C@@H]1CC[C@@H](c2cccc(F)c2F)[C@H](N)c2cccnc21,,,,75,medium
CC(C)(C)OC(=O)N[C@@H]1c2cccnc2[C@H](N)CC[C@H]1c1cccc(F)c1F,CC(C)(C)OC(=O)N[C@@H]1c2cccnc2[C@H](N)CC[C@H]1c1cccc(F)c1F,CC(C)(C)OC(=O)OC(=O)OC(C)(C)C,100,Likely stable,,75,medium
CC(C)(C)OC(=O)N[C@@H]1c2cccnc2[C@H](N)CC[C@H]1c1cccc(F)c1F,N[C@@H]1CC[C@@H](c2cccc(F)c2F)[C@H](N)c2cccnc21,C=CCC(N)c1ncccc1[C@H](N)[C@H](CC=C)c1cccc(F)c1F,,,,55,medium
CC(C)(C)OC(=O)N[C@@H]1c2cccnc2[C@H](N)CC[C@H]1c1cccc(F)c1F,C=CCC(N)c1ncccc1[C@H](N)[C@H](CC=C)c1cccc(F)c1F,C=CCC(N)c1ncccc1[C@H](N)C=O,,,,95,low
CC(C)(C)OC(=O)N[C@@H]1c2cccnc2[C@H](N)CC[C@H]1c1cccc(F)c1F,C=CCC(N)c1ncccc1[C@H](N)[C@H](CC=C)c1cccc(F)c1F,CC=C[C@@H](N)c1cccc(F)c1F,,,,95,low
CC(C)(C)OC(=O)N[C@@H]1c2cccnc2[C@H](N)CC[C@H]1c1cccc(F)c1F,C=CCC(N)c1ncccc1[C@H](N)C=O,C=CCC(N)c1ncccc1[C@H](N)CO,,,,100,low
CC(C)(C)OC(=O)N[C@@H]1c2cccnc2[C@H](N)CC[C@H]1c1cccc(F)c1F,C=CCC(N)c1ncccc1[C@H](N)CO,C=CCC(N)c1ncccc1C(=O)CO,,,,95,low
CC(C)(C)OC(=O)N[C@@H]1c2cccnc2[C@H](N)CC[C@H]1c1cccc(F)c1F,C=CCC(N)c1ncccc1C(=O)CO,C=CCC(=O)c1ncccc1C(=O)CO,100,Likely stable,,95,low
CC(C)(C)OC(=O)N[C@@H]1c2cccnc2[C@H](N)CC[C@H]1c1cccc(F)c1F,C=CCC(N)c1ncccc1C(=O)CO,N,100,Likely stable,,95,low
CC(C)(C)OC(=O)N[C@@H]1c2cccnc2[C@H](N)CC[C@H]1c1cccc(F)c1F,C=CCC(=O)c1ncccc1C(=O)CO,CON(C)C(=O)CO,100,Likely stable,,90,low
CC(C)(C)OC(=O)N[C@@H]1c2cccnc2[C@H](N)CC[C@H]1c1cccc(F)c1F,C=CCC(=O)c1ncccc1C(=O)CO,C=CCC(=O)c1ncccc1Br,100,Likely stable,,90,low
CC(C)(C)OC(=O)N[C@@H]1c2cccnc2[C@H](N)CC[C@H]1c1cccc(F)c1F,CON(C)C(=O)CO,CNOC,100,Likely stable,,95,low
CC(C)(C)OC(=O)N[C@@H]1c2cccnc2[C@H](N)CC[C@H]1c1cccc(F)c1F,CON(C)C(=O)CO,O=C(O)CO,100,Likely stable,,95,low
CC(C)(C)OC(=O)N[C@@H]1c2cccnc2[C@H](N)CC[C@H]1c1cccc(F)c1F,C=CCC(=O)c1ncccc1Br,C=CCC(=O)N(C)OC,100,Likely stable,,30,high
CC(C)(C)OC(=O)N[C@@H]1c2cccnc2[C@H](N)CC[C@H]1c1cccc(F)c1F,C=CCC(=O)c1ncccc1Br,Brc1cccnc1Br,100,Likely stable,,30,high
CC(C)(C)OC(=O)N[C@@H]1c2cccnc2[C@H](N)CC[C@H]1c1cccc(F)c1F,C=CCC(=O)N(C)OC,CNOC,100,Likely stable,,95,low
CC(C)(C)OC(=O)N[C@@H]1c2cccnc2[C@H](N)CC[C@H]1c1cccc(F)c1F,C=CCC(=O)N(C)OC,C=CCC(=O)O,100,Likely stable,,95,low
CC(C)(C)OC(=O)N[C@@H]1c2cccnc2[C@H](N)CC[C@H]1c1cccc(F)c1F,CC=C[C@@H](N)c1cccc(F)c1F,CC=CC(=O)c1cccc(F)c1F,100,Likely stable,,95,low
CC(C)(C)OC(=O)N[C@@H]1c2cccnc2[C@H](N)CC[C@H]1c1cccc(F)c1F,CC=CC(=O)c1cccc(F)c1F,CC=CC(=O)Cl,100,Likely stable,,95,low
CC(C)(C)OC(=O)N[C@@H]1c2cccnc2[C@H](N)CC[C@H]1c1cccc(F)c1F,CC=CC(=O)c1cccc(F)c1F,Fc1cccc(Br)c1F,100,Likely stable,,95,low
CC(C)(C)OC(=O)N[C@@H]1c2cccnc2[C@H](N)CC[C@H]1c1cccc(F)c1F,CC(C)(C)OC(=O)OC(=O)OC(C)(C)C,C=C(C)C,100,Likely stable,,95,low
CC(C)(C)OC(=O)N[C@@H]1c2cccnc2[C@H](N)CC[C@H]1c1cccc(F)c1F,CC(C)(C)OC(=O)OC(=O)OC(C)(C)C,CC(C)(C)OC(=O)OC(=O)O,100,Likely stable,,95,low
CC(C)(C)OC(=O)N[C@@H]1c2cccnc2[C@H](N)CC[C@H]1c1cccc(F)c1F,CC(C)(C)OC(=O)OC(=O)O,C=C(C)C,100,Likely stable,,95,low
CC(C)(C)OC(=O)N[C@@H]1c2cccnc2[C@H](N)CC[C@H]1c1cccc(F)c1F,CC(C)(C)OC(=O)OC(=O)O,O=C(O)OC(=O)O,100,Likely stable,,95,low
COCCCc1cc(CN(C(=O)[C@H]2CN(C(=O)OC(C)(C)C)CC[C@@H]2c2ccc(OCCOc3c(Cl)cc(C)cc3Cl)cc2)C2CC2)cc(OCC2(CC(=O)OC)CC2)c1,COCCCc1cc(CN(C(=O)[C@H]2CN(C(=O)OC(C)(C)C)CC[C@@H]2c2ccc(OCCOc3c(Cl)cc(C)cc3Cl)cc2)C2CC2)cc(OCC2(CC(=O)OC)CC2)c1,COCCCc1cc(CNC2CC2)cc(OCC2(CC(=O)OC)CC2)c1,100,Likely stable,,95,low
COCCCc1cc(CN(C(=O)[C@H]2CN(C(=O)OC(C)(C)C)CC[C@@H]2c2ccc(OCCOc3c(Cl)cc(C)cc3Cl)cc2)C2CC2)cc(OCC2(CC(=O)OC)CC2)c1,COCCCc1cc(CN(C(=O)[C@H]2CN(C(=O)OC(C)(C)C)CC[C@@H]2c2ccc(OCCOc3c(Cl)cc(C)cc3Cl)cc2)C2CC2)cc(OCC2(CC(=O)OC)CC2)c1,Cc1cc(Cl)c(OCCOc2ccc([C@H]3CCN(C(=O)OC(C)(C)C)C[C@@H]3C(=O)O)cc2)c(Cl)c1,,,,95,low
COCCCc1cc(CN(C(=O)[C@H]2CN(C(=O)OC(C)(C)C)CC[C@@H]2c2ccc(OCCOc3c(Cl)cc(C)cc3Cl)cc2)C2CC2)cc(OCC2(CC(=O)OC)CC2)c1,COCCCc1cc(CNC2CC2)cc(OCC2(CC(=O)OC)CC2)c1,COC(=O)CC1(CO)CC1,100,Likely stable,,95,low
COCCCc1cc(CN(C(=O)[C@H]2CN(C(=O)OC(C)(C)C)CC[C@@H]2c2ccc(OCCOc3c(Cl)cc(C)cc3Cl)cc2)C2CC2)cc(OCC2(CC(=O)OC)CC2)c1,COCCCc1cc(CNC2CC2)cc(OCC2(CC(=O)OC)CC2)c1,COCCCc1cc(F)cc(CNC2CC2)c1,100,Likely stable,,95,low
COCCCc1cc(CN(C(=O)[C@H]2CN(C(=O)OC(C)(C)C)CC[C@@H]2c2ccc(OCCOc3c(Cl)cc(C)cc3Cl)cc2)C2CC2)cc(OCC2(CC(=O)OC)CC2)c1,COCCCc1cc(F)cc(CNC2CC2)c1,COCCCc1cc(F)cc(C(=O)NC2CC2)c1,100,Likely stable,,95,low
COCCCc1cc(CN(C(=O)[C@H]2CN(C(=O)OC(C)(C)C)CC[C@@H]2c2ccc(OCCOc3c(Cl)cc(C)cc3Cl)cc2)C2CC2)cc(OCC2(CC(=O)OC)CC2)c1,COCCCc1cc(F)cc(C(=O)NC2CC2)c1,NC1CC1,100,Likely stable,,95,low
COCCCc1cc(CN(C(=O)[C@H]2CN(C(=O)OC(C)(C)C)CC[C@@H]2c2ccc(OCCOc3c(Cl)cc(C)cc3Cl)cc2)C2CC2)cc(OCC2(CC(=O)OC)CC2)c1,COCCCc1cc(F)cc(C(=O)NC2CC2)c1,COCCCc1cc(F)cc(C(=O)O)c1,100,Likely stable,,95,low
COCCCc1cc(CN(C(=O)[C@H]2CN(C(=O)OC(C)(C)C)CC[C@@H]2c2ccc(OCCOc3c(Cl)cc(C)cc3Cl)cc2)C2CC2)cc(OCC2(CC(=O)OC)CC2)c1,Cc1cc(Cl)c(OCCOc2ccc([C@H]3CCN(C(=O)OC(C)(C)C)C[C@@H]3C(=O)O)cc2)c(Cl)c1,Cc1cc(Cl)c(OCCOc2ccc([C@H]3CCNC[C@@H]3C(=O)O)cc2)c(Cl)c1,,,,75,medium
COCCCc1cc(CN(C(=O)[C@H]2CN(C(=O)OC(C)(C)C)CC[C@@H]2c2ccc(OCCOc3c(Cl)cc(C)cc3Cl)cc2)C2CC2)cc(OCC2(CC(=O)OC)CC2)c1,Cc1cc(Cl)c(OCCOc2ccc([C@H]3CCN(C(=O)OC(C)(C)C)C[C@@H]3C(=O)O)cc2)c(Cl)c1,CC(C)(C)OC(=O)OC(=O)OC(C)(C)C,100,Likely stable,,75,medium
COCCCc1cc(CN(C(=O)[C@H]2CN(C(=O)OC(C)(C)C)CC[C@@H]2c2ccc(OCCOc3c(Cl)cc(C)cc3Cl)cc2)C2CC2)cc(OCC2(CC(=O)OC)CC2)c1,Cc1cc(Cl)c(OCCOc2ccc([C@H]3CCNC[C@@H]3C(=O)O)cc2)c(Cl)c1,O=C(O)[C@H]1CNCC[C@@H]1c1ccc(O)cc1,100,Likely stable,,95,low
COCCCc1cc(CN(C(=O)[C@H]2CN(C(=O)OC(C)(C)C)CC[C@@H]2c2ccc(OCCOc3c(Cl)cc(C)cc3Cl)cc2)C2CC2)cc(OCC2(CC(=O)OC)CC2)c1,Cc1cc(Cl)c(OCCOc2ccc([C@H]3CCNC[C@@H]3C(=O)O)cc2)c(Cl)c1,Cc1cc(Cl)c(OCCCl)c(Cl)c1,100,Likely stable,,95,low
COCCCc1cc(CN(C(=O)[C@H]2CN(C(=O)OC(C)(C)C)CC[C@@H]2c2ccc(OCCOc3c(Cl)cc(C)cc3Cl)cc2)C2CC2)cc(OCC2(CC(=O)OC)CC2)c1,O=C(O)[C@H]1CNCC[C@@H]1c1ccc(O)cc1,OC[C@H]1CNCC[C@@H]1c1ccc(O)cc1,100,Likely stable,,90,low
COCCCc1cc(CN(C(=O)[C@H]2CN(C(=O)OC(C)(C)C)CC[C@@H]2c2ccc(OCCOc3c(Cl)cc(C)cc3Cl)cc2)C2CC2)cc(OCC2(CC(=O)OC)CC2)c1,OC[C@H]1CNCC[C@@H]1c1ccc(O)cc1,O=CC[C@H](CCNC[C@H](O)C=O)c1ccc(O)cc1,,,,40,medium
COCCCc1cc(CN(C(=O)[C@H]2CN(C(=O)OC(C)(C)C)CC[C@@H]2c2ccc(OCCOc3c(Cl)cc(C)cc3Cl)cc2)C2CC2)cc(OCC2(CC(=O)OC)CC2)c1,O=CC[C@H](CCNC[C@H](O)C=O)c1ccc(O)cc1,O=CCC(CC=O)c1ccc(O)cc1,,,,95,low
COCCCc1cc(CN(C(=O)[C@H]2CN(C(=O)OC(C)(C)C)CC[C@@H]2c2ccc(OCCOc3c(Cl)cc(C)cc3Cl)cc2)C2CC2)cc(OCC2(CC(=O)OC)CC2)c1,O=CC[C@H](CCNC[C@H](O)C=O)c1ccc(O)cc1,NC[C@H](O)C=O,100,Likely stable,,95,low
COCCCc1cc(CN(C(=O)[C@H]2CN(C(=O)OC(C)(C)C)CC[C@@H]2c2ccc(OCCOc3c(Cl)cc(C)cc3Cl)cc2)C2CC2)cc(OCC2(CC(=O)OC)CC2)c1,O=CCC(CC=O)c1ccc(O)cc1,OCCC(CCO)c1ccc(O)cc1,,,,100,low
COCCCc1cc(CN(C(=O)[C@H]2CN(C(=O)OC(C)(C)C)CC[C@@H]2c2ccc(OCCOc3c(Cl)cc(C)cc3Cl)cc2)C2CC2)cc(OCC2(CC(=O)OC)CC2)c1,OCCC(CCO)c1ccc(O)cc1,C=Cc1ccc(O)cc1,100,Likely stable,,60,medium
COCCCc1cc(CN(C(=O)[C@H]2CN(C(=O)OC(C)(C)C)CC[C@@H]2c2ccc(OCCOc3c(Cl)cc(C)cc3Cl)cc2)C2CC2)cc(OCC2(CC(=O)OC)CC2)c1,OCCC(CCO)c1ccc(O)cc1,C1CO1,80,Likely stable,Three-membered heterocycle (potentially unstable),60,medium
COCCCc1cc(CN(C(=O)[C@H]2CN(C(=O)OC(C)(C)C)CC[C@@H]2c2ccc(OCCOc3c(Cl)cc(C)cc3Cl)cc2)C2CC2)cc(OCC2(CC(=O)OC)CC2)c1,C=Cc1ccc(O)cc1,C=Cc1ccc(OC)cc1,100,Likely stable,,95,low
COCCCc1cc(CN(C(=O)[C@H]2CN(C(=O)OC(C)(C)C)CC[C@@H]2c2ccc(OCCOc3c(Cl)cc(C)cc3Cl)cc2)C2CC2)cc(OCC2(CC(=O)OC)CC2)c1,Cc1cc(Cl)c(OCCCl)c(Cl)c1,ClCCBr,100,Likely stable,,95,low
COCCCc1cc(CN(C(=O)[C@H]2CN(C(=O)OC(C)(C)C)CC[C@@H]2c2ccc(OCCOc3c(Cl)cc(C)cc3Cl)cc2)C2CC2)cc(OCC2(CC(=O)OC)CC2)c1,Cc1cc(Cl)c(OCCCl)c(Cl)c1,Cc1cc(Cl)c(O)c(Cl)c1,100,Likely stable,,95,low
COCCCc1cc(CN(C(=O)[C@H]2CN(C(=O)OC(C)(C)C)CC[C@@H]2c2ccc(OCCOc3c(Cl)cc(C)cc3Cl)cc2)C2CC2)cc(OCC2(CC(=O)OC)CC2)c1,CC(C)(C)OC(=O)OC(=O)OC(C)(C)C,C=C(C)C,100,Likely stable,,95,low
COCCCc1cc(CN(C(=O)[C@H]2CN(C(=O)OC(C)(C)C)CC[C@@H]2c2ccc(OCCOc3c(Cl)cc(C)cc3Cl)cc2)C2CC2)cc(OCC2(CC(=O)OC)CC2)c1,CC(C)(C)OC(=O)OC(=O)OC(C)(C)C,CC(C)(C)OC(=O)OC(=O)O,100,Likely stable,,95,low
COCCCc1cc(CN(C(=O)[C@H]2CN(C(=O)OC(C)(C)C)CC[C@@H]2c2ccc(OCCOc3c(Cl)cc(C)cc3Cl)cc2)C2CC2)cc(OCC2(CC(=O)OC)CC2)c1,CC(C)(C)OC(=O)OC(=O)O,C=C(C)C,100,Likely stable,,95,low
COCCCc1cc(CN(C(=O)[C@H]2CN(C(=O)OC(C)(C)C)CC[C@@H]2c2ccc(OCCOc3c(Cl)cc(C)cc3Cl)cc2)C2CC2)cc(OCC2(CC(=O)OC)CC2)c1,CC(C)(C)OC(=O)OC(=O)O,O=C(O)OC(=O)O,100,Likely stable,,95,low
CCCCCN1C(=O)C2(CNC(=O)c3cc4c(cc32)OCO4)c2ccccc21,CCCCCN1C(=O)C2(CNC(=O)c3cc4c(cc32)OCO4)c2ccccc21,O=C1NCC2(C(=O)Nc3ccccc32)c2cc3c(cc21)OCO3,,,,95,low
CCCCCN1C(=O)C2(CNC(=O)c3cc4c(cc32)OCO4)c2ccccc21,CCCCCN1C(=O)C2(CNC(=O)c3cc4c(cc32)OCO4)c2ccccc21,CCCCCBr,100,Likely stable,,95,low
CCCCCN1C(=O)C2(CNC(=O)c3cc4c(cc32)OCO4)c2ccccc21,O=C1NCC2(C(=O)Nc3ccccc32)c2cc3c(cc21)OCO3,O=C1Nc2ccccc2C12CN2,80,Likely stable,Three-membered heterocycle (potentially unstable),45,medium
CCCCCN1C(=O)C2(CNC(=O)c3cc4c(cc32)OCO4)c2ccccc21,O=C1NCC2(C(=O)Nc3ccccc32)c2cc3c(cc21)OCO3,O=C(Cl)c1ccc2c(c1)OCO2,100,Likely stable,,45,medium
CCCCCN1C(=O)C2(CNC(=O)c3cc4c(cc32)OCO4)c2ccccc21,O=C1Nc2ccccc2C12CN2,NCC1(CBr)C(=O)Nc2ccccc21,,,,70,medium
CCCCCN1C(=O)C2(CNC(=O)c3cc4c(cc32)OCO4)c2ccccc21,NCC1(CBr)C(=O)Nc2ccccc21,CC1(CN)C(=O)Nc2ccccc21,,,,90,low
CCCCCN1C(=O)C2(CNC(=O)c3cc4c(cc32)OCO4)c2ccccc21,CC1(CN)C(=O)Nc2ccccc21,CC1C(=O)Nc2ccccc21,,,,90,low
CCCCCN1C(=O)C2(CNC(=O)c3cc4c(cc32)OCO4)c2ccccc21,CC1(CN)C(=O)Nc2ccccc21,C=O,100,Likely stable,,90,low
CCCCCN1C(=O)C2(CNC(=O)c3cc4c(cc32)OCO4)c2ccccc21,CC1(CN)C(=O)Nc2ccccc21,N,100,Likely stable,,90,low
CCCCCN1C(=O)C2(CNC(=O)c3cc4c(cc32)OCO4)c2ccccc21,CC1C(=O)Nc2ccccc21,CC(C(=O)O)c1ccccc1N,100,Likely stable,,70,medium
CCCCCN1C(=O)C2(CNC(=O)c3cc4c(cc32)OCO4)c2ccccc21,CC(C(=O)O)c1ccccc1N,CC(C(=O)O)c1ccccc1[N+](=O)[O-],100,Likely stable,,90,low
CCCCCN1C(=O)C2(CNC(=O)c3cc4c(cc32)OCO4)c2ccccc21,CC(C(=O)O)c1ccccc1[N+](=O)[O-],CCOC(=O)C(C)(C(=O)OCC)c1ccccc1[N+](=O)[O-],100,Likely stable,,75,medium
CCCCCN1C(=O)C2(CNC(=O)c3cc4c(cc32)OCO4)c2ccccc21,CCOC(=O)C(C)(C(=O)OCC)c1ccccc1[N+](=O)[O-],O=[N+]([O-])c1ccccc1F,100,Likely stable,,95,low
CCCCCN1C(=O)C2(CNC(=O)c3cc4c(cc32)OCO4)c2ccccc21,CCOC(=O)C(C)(C(=O)OCC)c1ccccc1[N+](=O)[O-],CCOC(=O)C(C)C(=O)OCC,100,Likely stable,,95,low
CCCCCN1C(=O)C2(CNC(=O)c3cc4c(cc32)OCO4)c2ccccc21,O=C(Cl)c1ccc2c(c1)OCO2,O=S(Cl)Cl,100,Likely stable,,30,high
CCCCCN1C(=O)C2(CNC(=O)c3cc4c(cc32)OCO4)c2ccccc21,O=C(Cl)c1ccc2c(c1)OCO2,O=C(O)c1ccc2c(c1)OCO2,100,Likely stable,,30,high
CCCCCN1C(=O)C2(CNC(=O)c3cc4c(cc32)OCO4)c2ccccc21,CCCCCBr,CCCCCO,100,Likely stable,,55,medium
CCCCCN1C(=O)C2(CNC(=O)c3cc4c(cc32)OCO4)c2ccccc21,CCCCCBr,O=C1CCC(=O)N1Br,95,Likely stable,,55,medium
O=[N+]([O-])c1ccc(OC2(S(=O)(=O)c3ccccc3)CC2)nc1Cl,O=[N+]([O-])c1ccc(OC2(S(=O)(=O)c3ccccc3)CC2)nc1Cl,O=[N+]([O-])c1ccc(O)nc1Cl,100,Likely stable,,95,low
O=[N+]([O-])c1ccc(OC2(S(=O)(=O)c3ccccc3)CC2)nc1Cl,O=[N+]([O-])c1ccc(OC2(S(=O)(=O)c3ccccc3)CC2)nc1Cl,O=S(=O)(c1ccccc1)C1(Br)CC1,100,Likely stable,,95,low
O=[N+]([O-])c1ccc(OC2(S(=O)(=O)c3ccccc3)CC2)nc1Cl,O=[N+]([O-])c1ccc(O)nc1Cl,O=S(Cl)Cl,100,Likely stable,,30,high
O=[N+]([O-])c1ccc(OC2(S(=O)(=O)c3ccccc3)CC2)nc1Cl,O=[N+]([O-])c1ccc(O)nc1Cl,O=[N+]([O-])c1ccc(O)nc1O,100,Likely stable,,30,high
O=[N+]([O-])c1ccc(OC2(S(=O)(=O)c3ccccc3)CC2)nc1Cl,O=S(=O)(c1ccccc1)C1(Br)CC1,BrCCBr,100,Likely stable,,65,medium
O=[N+]([O-])c1ccc(OC2(S(=O)(=O)c3ccccc3)CC2)nc1Cl,O=S(=O)(c1ccccc1)C1(Br)CC1,O=S(=O)(CBr)c1ccccc1,100,Likely stable,,65,medium
C[Si](C)(C)CCOCn1cc(C2CCc3c(C(=O)O)nn(COCC[Si](C)(C)C)c3C2)cn1,C[Si](C)(C)CCOCn1cc(C2CCc3c(C(=O)O)nn(COCC[Si](C)(C)C)c3C2)cn1,C[Si](C)(C)CCOCn1cc(Br)cn1,100,Likely stable,,90,low
C[Si](C)(C)CCOCn1cc(C2CCc3c(C(=O)O)nn(COCC[Si](C)(C)C)c3C2)cn1,C[Si](C)(C)CCOCn1cc(C2CCc3c(C(=O)O)nn(COCC[Si](C)(C)C)c3C2)cn1,C[Si](C)(C)CCOCn1nc(C(=O)O)c2c1CC(B(O)O)CC2,100,Likely stable,,90,low
C[Si](C)(C)CCOCn1cc(C2CCc3c(C(=O)O)nn(COCC[Si](C)(C)C)c3C2)cn1,C[Si](C)(C)CCOCn1cc(Br)cn1,Brc1cn[nH]c1,100,Likely stable,,95,low
C[Si](C)(C)CCOCn1cc(C2CCc3c(C(=O)O)nn(COCC[Si](C)(C)C)c3C2)cn1,C[Si](C)(C)CCOCn1cc(Br)cn1,C[Si](C)(C)CCOCCl,100,Likely stable,,95,low
C[Si](C)(C)CCOCn1cc(C2CCc3c(C(=O)O)nn(COCC[Si](C)(C)C)c3C2)cn1,C[Si](C)(C)CCOCn1nc(C(=O)O)c2c1CC(B(O)O)CC2,C[Si](C)(C)CCO,100,Likely stable,,95,low
C[Si](C)(C)CCOCn1cc(C2CCc3c(C(=O)O)nn(COCC[Si](C)(C)C)c3C2)cn1,C[Si](C)(C)CCOCn1nc(C(=O)O)c2c1CC(B(O)O)CC2,O=C(O)c1nn(CBr)c2c1CCC(B(O)O)C2,,,,95,low
C[Si](C)(C)CCOCn1cc(C2CCc3c(C(=O)O)nn(COCC[Si](C)(C)C)c3C2)cn1,C[Si](C)(C)CCO,C[Si](C)(C)CC(=O)O,100,Likely stable,,95,low
C[Si](C)(C)CCOCn1cc(C2CCc3c(C(=O)O)nn(COCC[Si](C)(C)C)c3C2)cn1,O=C(O)c1nn(CBr)c2c1CCC(B(O)O)C2,O=C(O)c1nn(CBr)c2c1CCC(Br)C2,,,,80,low
C[Si](C)(C)CCOCn1cc(C2CCc3c(C(=O)O)nn(COCC[Si](C)(C)C)c3C2)cn1,O=C(O)c1nn(CBr)c2c1CCC(Br)C2,O=C(O)c1n[nH]c2c1CCC(Br)CC2,,,,40,medium
C[Si](C)(C)CCOCn1cc(C2CCc3c(C(=O)O)nn(COCC[Si](C)(C)C)c3C2)cn1,O=C(O)c1n[nH]c2c1CCC(Br)CC2,C=CCC(Br)CCc1c(C(=O)O)n[nH]c1C=C,100,Likely stable,,60,medium
C[Si](C)(C)CCOCn1cc(C2CCc3c(C(=O)O)nn(COCC[Si](C)(C)C)c3C2)cn1,C=CCC(Br)CCc1c(C(=O)O)n[nH]c1C=C,C=CCC=CCc1c(C(=O)O)n[nH]c1C=C,100,Likely stable,,90,low
C[Si](C)(C)CCOCn1cc(C2CCc3c(C(=O)O)nn(COCC[Si](C)(C)C)c3C2)cn1,C=CCC=CCc1c(C(=O)O)n[nH]c1C=C,C=Cc1c[nH]nc1C(=O)O,100,Likely stable,,95,low
C[Si](C)(C)CCOCn1cc(C2CCc3c(C(=O)O)nn(COCC[Si](C)(C)C)c3C2)cn1,C=CCC=CCc1c(C(=O)O)n[nH]c1C=C,C=CCC=CCBr,100,Likely stable,,95,low
C[Si](C)(C)CCOCn1cc(C2CCc3c(C(=O)O)nn(COCC[Si](C)(C)C)c3C2)cn1,C=Cc1c[nH]nc1C(=O)O,C=CB1OB(C=C)OB(C=C)O1,95,Likely stable,,55,medium
C[Si](C)(C)CCOCn1cc(C2CCc3c(C(=O)O)nn(COCC[Si](C)(C)C)c3C2)cn1,C=Cc1c[nH]nc1C(=O)O,O=C(O)c1n[nH]cc1Br,100,Likely stable,,55,medium
C[Si](C)(C)CCOCn1cc(C2CCc3c(C(=O)O)nn(COCC[Si](C)(C)C)c3C2)cn1,C=CCC=CCBr,C=CCC=CC,100,Likely stable,,55,medium
C[Si](C)(C)CCOCn1cc(C2CCc3c(C(=O)O)nn(COCC[Si](C)(C)C)c3C2)cn1,C=CCC=CCBr,O=C1CCC(=O)N1Br,95,Likely stable,,55,medium
CC1=NC2(N=C1N)c1cc(-c3cc(F)cc(C#N)c3)ccc1CCC21CC1,CC1=NC2(N=C1N)c1cc(-c3cc(F)cc(C#N)c3)ccc1CCC21CC1,CC1=NC2(N=C1N)c1cc(Br)ccc1CCC21CC1,100,Likely stable,,90,low
CC1=NC2(N=C1N)c1cc(-c3cc(F)cc(C#N)c3)ccc1CCC21CC1,CC1=NC2(N=C1N)c1cc(-c3cc(F)cc(C#N)c3)ccc1CCC21CC1,N#Cc1cc(F)cc(B(O)O)c1,70,Moderately stable,Contains carbene (highly reactive intermediate),90,low
CC1=NC2(N=C1N)c1cc(-c3cc(F)cc(C#N)c3)ccc1CCC21CC1,CC1=NC2(N=C1N)c1cc(Br)ccc1CCC21CC1,CC1=NC2(N=C1N)c1ccccc1CCC21CC1,100,Likely stable,,95,low
CC1=NC2(N=C1N)c1cc(-c3cc(F)cc(C#N)c3)ccc1CCC21CC1,CC1=NC2(N=C1N)c1cc(Br)ccc1CCC21CC1,NBS,100,Likely stable,,95,low
CC1=NC2(N=C1N)c1cc(-c3cc(F)cc(C#N)c3)ccc1CCC21CC1,CC1=NC2(N=C1N)c1ccccc1CCC21CC1,CC1=NC2(CC=Cc3ccccc32)N=C1N,,,,50,medium
CC1=NC2(N=C1N)c1cc(-c3cc(F)cc(C#N)c3)ccc1CCC21CC1,CC1=NC2(CC=Cc3ccccc32)N=C1N,CC1=NC(=N)N=C1N,95,Likely stable,,45,medium
CC1=NC2(N=C1N)c1cc(-c3cc(F)cc(C#N)c3)ccc1CCC21CC1,CC1=NC2(CC=Cc3ccccc32)N=C1N,C=Cc1ccccc1C=O,100,Likely stable,,45,medium
CC1=NC2(N=C1N)c1cc(-c3cc(F)cc(C#N)c3)ccc1CCC21CC1,C=Cc1ccccc1C=O,C=Cc1ccccc1CO,100,Likely stable,,100,low
CC1=NC2(N=C1N)c1cc(-c3cc(F)cc(C#N)c3)ccc1CCC21CC1,N#Cc1cc(F)cc(B(O)O)c1,CC1(C)OB(c2cc(F)cc(C#N)c2)OC1(C)C,65,Moderately stable,Contains carbene (highly reactive intermediate),45,medium
O=C(O)[C@H]1CCOC[C@H]1c1ccc(I)cc1,O=C(O)[C@H]1CCOC[C@H]1c1ccc(I)cc1,OC[C@H]1CCOC[C@H]1c1ccc(I)cc1,100,Likely stable,,90,low
O=C(O)[C@H]1CCOC[C@H]1c1ccc(I)cc1,OC[C@H]1CCOC[C@H]1c1ccc(I)cc1,O=C[C@@H]1COCC[C@@H]1CO,,,,95,low
O=C(O)[C@H]1CCOC[C@H]1c1ccc(I)cc1,OC[C@H]1CCOC[C@H]1c1ccc(I)cc1,Brc1ccc(I)cc1,100,Likely stable,,95,low
O=C(O)[C@H]1CCOC[C@H]1c1ccc(I)cc1,O=C[C@@H]1COCC[C@@H]1CO,OC[C@@H]1COCC[C@@H]1CO,,,,100,low
O=C(O)[C@H]1CCOC[C@H]1c1ccc(I)cc1,OC[C@@H]1COCC[C@@H]1CO,C[C@@H]1COCC[C@@H]1C,,,,80,low
O=C(O)[C@H]1CCOC[C@H]1c1ccc(I)cc1,C[C@@H]1COCC[C@@H]1C,C[C@H](O)CCC[C@H](C)O,100,Likely stable,,70,medium
O=C(O)[C@H]1CCOC[C@H]1c1ccc(I)cc1,C[C@H](O)CCC[C@H](C)O,C[C@H](O)C#CC[C@H](C)O,65,Moderately stable,Contains carbene (highly reactive intermediate),100,low
O=C(O)[C@H]1CCOC[C@H]1c1ccc(I)cc1,C[C@H](O)C#CC[C@H](C)O,C[C@H](O)CBr,100,Likely stable,,70,medium
O=C(O)[C@H]1CCOC[C@H]1c1ccc(I)cc1,C[C@H](O)C#CC[C@H](C)O,C#C[C@H](C)O[Si](C)(C)C(C)(C)C,65,Moderately stable,Contains carbene (highly reactive intermediate),70,medium
O=C(O)[C@H]1CCOC[C@H]1c1ccc(I)cc1,Brc1ccc(I)cc1,Brc1ccccc1,100,Likely stable,,55,medium
O=C(O)[C@H]1CCOC[C@H]1c1ccc(I)cc1,Brc1ccc(I)cc1,O=C1CCC(=O)N1I,95,Likely stable,,55,medium
COCCCc1cc(CN(C(=O)[C@H]2CN(C(=O)OC(C)(C)C)CC[C@@H]2c2ccc(OCCOc3c(Cl)cc(C)cc3Cl)cc2)C2CC2)cc(OC[C@@H]2C[C@H]2C(=O)OCC(=O)N(C)C)c1,COCCCc1cc(CN(C(=O)[C@H]2CN(C(=O)OC(C)(C)C)CC[C@@H]2c2ccc(OCCOc3c(Cl)cc(C)cc3Cl)cc2)C2CC2)cc(OC[C@@H]2C[C@H]2C(=O)OCC(=O)N(C)C)c1,COCCCc1cc(CN2CC2)cc(OC[C@@H]2C[C@H]2C(=O)OCC(=O)N(C)C)c1,85,Likely stable,Three-membered heterocycle (potentially unstable),90,low
COCCCc1cc(CN(C(=O)[C@H]2CN(C(=O)OC(C)(C)C)CC[C@@H]2c2ccc(OCCOc3c(Cl)cc(C)cc3Cl)cc2)C2CC2)cc(OC[C@@H]2C[C@H]2C(=O)OCC(=O)N(C)C)c1,COCCCc1cc(CN(C(=O)[C@H]2CN(C(=O)OC(C)(C)C)CC[C@@H]2c2ccc(OCCOc3c(Cl)cc(C)cc3Cl)cc2)C2CC2)cc(OC[C@@H]2C[C@H]2C(=O)OCC(=O)N(C)C)c1,Cc1cc(Cl)c(OCCOc2ccc([C@H]3CCN(C(=O)OC(C)(C)C)C[C@@H]3C(=O)O)cc2)c(Cl)c1,,,,90,low
COCCCc1cc(CN(C(=O)[C@H]2CN(C(=O)OC(C)(C)C)CC[C@@H]2c2ccc(OCCOc3c(Cl)cc(C)cc3Cl)cc2)C2CC2)cc(OC[C@@H]2C[C@H]2C(=O)OCC(=O)N(C)C)c1,COCCCc1cc(CN2CC2)cc(OC[C@@H]2C[C@H]2C(=O)OCC(=O)N(C)C)c1,COCCCc1cc(O)cc(CN2CC2)c1,85,Likely stable,Three-membered heterocycle (potentially unstable),95,low
COCCCc1cc(CN(C(=O)[C@H]2CN(C(=O)OC(C)(C)C)CC[C@@H]2c2ccc(OCCOc3c(Cl)cc(C)cc3Cl)cc2)C2CC2)cc(OC[C@@H]2C[C@H]2C(=O)OCC(=O)N(C)C)c1,COCCCc1cc(CN2CC2)cc(OC[C@@H]2C[C@H]2C(=O)OCC(=O)N(C)C)c1,CN(C)C(=O)COC(=O)[C@@H]1C[C@H]1CBr,100,Likely stable,,95,low
COCCCc1cc(CN(C(=O)[C@H]2CN(C(=O)OC(C)(C)C)CC[C@@H]2c2ccc(OCCOc3c(Cl)cc(C)cc3Cl)cc2)C2CC2)cc(OC[C@@H]2C[C@H]2C(=O)OCC(=O)N(C)C)c1,COCCCc1cc(O)cc(CN2CC2)c1,COCCCc1cc(O)cc(C(=O)N2CC2)c1,85,Likely stable,Three-membered heterocycle (potentially unstable),95,low
COCCCc1cc(CN(C(=O)[C@H]2CN(C(=O)OC(C)(C)C)CC[C@@H]2c2ccc(OCCOc3c(Cl)cc(C)cc3Cl)cc2)C2CC2)cc(OC[C@@H]2C[C@H]2C(=O)OCC(=O)N(C)C)c1,COCCCc1cc(O)cc(C(=O)N2CC2)c1,COCCCc1cc(OC)cc(C(=O)N2CC2)c1,85,Likely stable,Three-membered heterocycle (potentially unstable),95,low
COCCCc1cc(CN(C(=O)[C@H]2CN(C(=O)OC(C)(C)C)CC[C@@H]2c2ccc(OCCOc3c(Cl)cc(C)cc3Cl)cc2)C2CC2)cc(OC[C@@H]2C[C@H]2C(=O)OCC(=O)N(C)C)c1,COCCCc1cc(OC)cc(C(=O)N2CC2)c1,C1CN1,80,Likely stable,Three-membered heterocycle (potentially unstable),95,low
COCCCc1cc(CN(C(=O)[C@H]2CN(C(=O)OC(C)(C)C)CC[C@@H]2c2ccc(OCCOc3c(Cl)cc(C)cc3Cl)cc2)C2CC2)cc(OC[C@@H]2C[C@H]2C(=O)OCC(=O)N(C)C)c1,COCCCc1cc(OC)cc(C(=O)N2CC2)c1,COCCCc1cc(OC)cc(C(=O)O)c1,100,Likely stable,,95,low
COCCCc1cc(CN(C(=O)[C@H]2CN(C(=O)OC(C)(C)C)CC[C@@H]2c2ccc(OCCOc3c(Cl)cc(C)cc3Cl)cc2)C2CC2)cc(OC[C@@H]2C[C@H]2C(=O)OCC(=O)N(C)C)c1,C1CN1,c1ccc(CN2CC2)cc1,85,Likely stable,Three-membered heterocycle (potentially unstable),0,critical
COCCCc1cc(CN(C(=O)[C@H]2CN(C(=O)OC(C)(C)C)CC[C@@H]2c2ccc(OCCOc3c(Cl)cc(C)cc3Cl)cc2)C2CC2)cc(OC[C@@H]2C[C@H]2C(=O)OCC(=O)N(C)C)c1,CN(C)C(=O)COC(=O)[C@@H]1C[C@H]1CBr,CN(C)C(=O)CCl,100,Likely stable,,95,low
COCCCc1cc(CN(C(=O)[C@H]2CN(C(=O)OC(C)(C)C)CC[C@@H]2c2ccc(OCCOc3c(Cl)cc(C)cc3Cl)cc2)C2CC2)cc(OC[C@@H]2C[C@H]2C(=O)OCC(=O)N(C)C)c1,CN(C)C(=O)COC(=O)[C@@H]1C[C@H]1CBr,O=C(O)[C@@H]1C[C@H]1CBr,100,Likely stable,,95,low
COCCCc1cc(CN(C(=O)[C@H]2CN(C(=O)OC(C)(C)C)CC[C@@H]2c2ccc(OCCOc3c(Cl)cc(C)cc3Cl)cc2)C2CC2)cc(OC[C@@H]2C[C@H]2C(=O)OCC(=O)N(C)C)c1,O=C(O)[C@@H]1C[C@H]1CBr,CCOC(=O)[C@@H]1C[C@H]1CBr,100,Likely stable,,90,low
COCCCc1cc(CN(C(=O)[C@H]2CN(C(=O)OC(C)(C)C)CC[C@@H]2c2ccc(OCCOc3c(Cl)cc(C)cc3Cl)cc2)C2CC2)cc(OC[C@@H]2C[C@H]2C(=O)OCC(=O)N(C)C)c1,Cc1cc(Cl)c(OCCOc2ccc([C@H]3CCN(C(=O)OC(C)(C)C)C[C@@H]3C(=O)O)cc2)c(Cl)c1,Cc1cc(Cl)c(OCCOc2ccc([C@H]3CCNC[C@@H]3C(=O)O)cc2)c(Cl)c1,,,,75,medium
COCCCc1cc(CN(C(=O)[C@H]2CN(C(=O)OC(C)(C)C)CC[C@@H]2c2ccc(OCCOc3c(Cl)cc(C)cc3Cl)cc2)C2CC2)cc(OC[C@@H]2C[C@H]2C(=O)OCC(=O)N(C)C)c1,Cc1cc(Cl)c(OCCOc2ccc([C@H]3CCN(C(=O)OC(C)(C)C)C[C@@H]3C(=O)O)cc2)c(Cl)c1,CC(C)(C)OC(=O)OC(=O)OC(C)(C)C,100,Likely stable,,75,medium
COCCCc1cc(CN(C(=O)[C@H]2CN(C(=O)OC(C)(C)C)CC[C@@H]2c2ccc(OCCOc3c(Cl)cc(C)cc3Cl)cc2)C2CC2)cc(OC[C@@H]2C[C@H]2C(=O)OCC(=O)N(C)C)c1,Cc1cc(Cl)c(OCCOc2ccc([C@H]3CCNC[C@@H]3C(=O)O)cc2)c(Cl)c1,O=C(O)[C@H]1CNCC[C@@H]1c1ccc(O)cc1,100,Likely stable,,95,low
COCCCc1cc(CN(C(=O)[C@H]2CN(C(=O)OC(C)(C)C)CC[C@@H]2c2ccc(OCCOc3c(Cl)cc(C)cc3Cl)cc2)C2CC2)cc(OC[C@@H]2C[C@H]2C(=O)OCC(=O)N(C)C)c1,Cc1cc(Cl)c(OCCOc2ccc([C@H]3CCNC[C@@H]3C(=O)O)cc2)c(Cl)c1,Cc1cc(Cl)c(OCCCl)c(Cl)c1,100,Likely stable,,95,low
COCCCc1cc(CN(C(=O)[C@H]2CN(C(=O)OC(C)(C)C)CC[C@@H]2c2ccc(OCCOc3c(Cl)cc(C)cc3Cl)cc2)C2CC2)cc(OC[C@@H]2C[C@H]2C(=O)OCC(=O)N(C)C)c1,O=C(O)[C@H]1CNCC[C@@H]1c1ccc(O)cc1,OC[C@H]1CNCC[C@@H]1c1ccc(O)cc1,100,Likely stable,,90,low
COCCCc1cc(CN(C(=O)[C@H]2CN(C(=O)OC(C)(C)C)CC[C@@H]2c2ccc(OCCOc3c(Cl)cc(C)cc3Cl)cc2)C2CC2)cc(OC[C@@H]2C[C@H]2C(=O)OCC(=O)N(C)C)c1,OC[C@H]1CNCC[C@@H]1c1ccc(O)cc1,O=CC[C@H](CCNC[C@H](O)C=O)c1ccc(O)cc1,,,,40,medium
COCCCc1cc(CN(C(=O)[C@H]2CN(C(=O)OC(C)(C)C)CC[C@@H]2c2ccc(OCCOc3c(Cl)cc(C)cc3Cl)cc2)C2CC2)cc(OC[C@@H]2C[C@H]2C(=O)OCC(=O)N(C)C)c1,O=CC[C@H](CCNC[C@H](O)C=O)c1ccc(O)cc1,O=CCC(CC=O)c1ccc(O)cc1,,,,95,low
COCCCc1cc(CN(C(=O)[C@H]2CN(C(=O)OC(C)(C)C)CC[C@@H]2c2ccc(OCCOc3c(Cl)cc(C)cc3Cl)cc2)C2CC2)cc(OC[C@@H]2C[C@H]2C(=O)OCC(=O)N(C)C)c1,O=CC[C@H](CCNC[C@H](O)C=O)c1ccc(O)cc1,NC[C@H](O)C=O,100,Likely stable,,95,low
COCCCc1cc(CN(C(=O)[C@H]2CN(C(=O)OC(C)(C)C)CC[C@@H]2c2ccc(OCCOc3c(Cl)cc(C)cc3Cl)cc2)C2CC2)cc(OC[C@@H]2C[C@H]2C(=O)OCC(=O)N(C)C)c1,O=CCC(CC=O)c1ccc(O)cc1,OCCC(CCO)c1ccc(O)cc1,,,,100,low
COCCCc1cc(CN(C(=O)[C@H]2CN(C(=O)OC(C)(C)C)CC[C@@H]2c2ccc(OCCOc3c(Cl)cc(C)cc3Cl)cc2)C2CC2)cc(OC[C@@H]2C[C@H]2C(=O)OCC(=O)N(C)C)c1,OCCC(CCO)c1ccc(O)cc1,C=Cc1ccc(O)cc1,100,Likely stable,,60,medium
COCCCc1cc(CN(C(=O)[C@H]2CN(C(=O)OC(C)(C)C)CC[C@@H]2c2ccc(OCCOc3c(Cl)cc(C)cc3Cl)cc2)C2CC2)cc(OC[C@@H]2C[C@H]2C(=O)OCC(=O)N(C)C)c1,OCCC(CCO)c1ccc(O)cc1,C1CO1,80,Likely stable,Three-membered heterocycle (potentially unstable),60,medium
COCCCc1cc(CN(C(=O)[C@H]2CN(C(=O)OC(C)(C)C)CC[C@@H]2c2ccc(OCCOc3c(Cl)cc(C)cc3Cl)cc2)C2CC2)cc(OC[C@@H]2C[C@H]2C(=O)OCC(=O)N(C)C)c1,C=Cc1ccc(O)cc1,C=Cc1ccc(OC)cc1,100,Likely stable,,95,low
COCCCc1cc(CN(C(=O)[C@H]2CN(C(=O)OC(C)(C)C)CC[C@@H]2c2ccc(OCCOc3c(Cl)cc(C)cc3Cl)cc2)C2CC2)cc(OC[C@@H]2C[C@H]2C(=O)OCC(=O)N(C)C)c1,Cc1cc(Cl)c(OCCCl)c(Cl)c1,ClCCBr,100,Likely stable,,95,low
COCCCc1cc(CN(C(=O)[C@H]2CN(C(=O)OC(C)(C)C)CC[C@@H]2c2ccc(OCCOc3c(Cl)cc(C)cc3Cl)cc2)C2CC2)cc(OC[C@@H]2C[C@H]2C(=O)OCC(=O)N(C)C)c1,Cc1cc(Cl)c(OCCCl)c(Cl)c1,Cc1cc(Cl)c(O)c(Cl)c1,100,Likely stable,,95,low
COCCCc1cc(CN(C(=O)[C@H]2CN(C(=O)OC(C)(C)C)CC[C@@H]2c2ccc(OCCOc3c(Cl)cc(C)cc3Cl)cc2)C2CC2)cc(OC[C@@H]2C[C@H]2C(=O)OCC(=O)N(C)C)c1,CC(C)(C)OC(=O)OC(=O)OC(C)(C)C,C=C(C)C,100,Likely stable,,95,low
COCCCc1cc(CN(C(=O)[C@H]2CN(C(=O)OC(C)(C)C)CC[C@@H]2c2ccc(OCCOc3c(Cl)cc(C)cc3Cl)cc2)C2CC2)cc(OC[C@@H]2C[C@H]2C(=O)OCC(=O)N(C)C)c1,CC(C)(C)OC(=O)OC(=O)OC(C)(C)C,CC(C)(C)OC(=O)OC(=O)O,100,Likely stable,,95,low
COCCCc1cc(CN(C(=O)[C@H]2CN(C(=O)OC(C)(C)C)CC[C@@H]2c2ccc(OCCOc3c(Cl)cc(C)cc3Cl)cc2)C2CC2)cc(OC[C@@H]2C[C@H]2C(=O)OCC(=O)N(C)C)c1,CC(C)(C)OC(=O)OC(=O)O,C=C(C)C,100,Likely stable,,95,low
COCCCc1cc(CN(C(=O)[C@H]2CN(C(=O)OC(C)(C)C)CC[C@@H]2c2ccc(OCCOc3c(Cl)cc(C)cc3Cl)cc2)C2CC2)cc(OC[C@@H]2C[C@H]2C(=O)OCC(=O)N(C)C)c1,CC(C)(C)OC(=O)OC(=O)O,O=C(O)OC(=O)O,100,Likely stable,,95,low
C[C@H](C(=O)NCCF)N(C)C(=O)c1ccc2c(c1)c1c(n2C)CCC(C2CCOCC2)C1,C[C@H](C(=O)NCCF)N(C)C(=O)c1ccc2c(c1)c1c(n2C)CCC(C2CCOCC2)C1,C[C@H](C(=O)O)N(C)C(=O)c1ccc2c(c1)c1c(n2C)CCC(C2CCOCC2)C1,100,Likely stable,,95,low
C[C@H](C(=O)NCCF)N(C)C(=O)c1ccc2c(c1)c1c(n2C)CCC(C2CCOCC2)C1,C[C@H](C(=O)NCCF)N(C)C(=O)c1ccc2c(c1)c1c(n2C)CCC(C2CCOCC2)C1,NCCF,100,Likely stable,,95,low
C[C@H](C(=O)NCCF)N(C)C(=O)c1ccc2c(c1)c1c(n2C)CCC(C2CCOCC2)C1,C[C@H](C(=O)O)N(C)C(=O)c1ccc2c(c1)c1c(n2C)CCC(C2CCOCC2)C1,Cn1c2c(c3cc(C(=O)O)ccc31)CC(C1CCOCC1)CC2,,,,95,low
C[C@H](C(=O)NCCF)N(C)C(=O)c1ccc2c(c1)c1c(n2C)CCC(C2CCOCC2)C1,C[C@H](C(=O)O)N(C)C(=O)c1ccc2c(c1)c1c(n2C)CCC(C2CCOCC2)C1,CN[C@@H](C)C(=O)O,100,Likely stable,,95,low
C[C@H](C(=O)NCCF)N(C)C(=O)c1ccc2c(c1)c1c(n2C)CCC(C2CCOCC2)C1,Cn1c2c(c3cc(C(=O)O)ccc31)CC(C1CCOCC1)CC2,Cn1c2c(c3cc(C=O)ccc31)CC(C1CCOCC1)CC2,100,Likely stable,,90,low
C[C@H](C(=O)NCCF)N(C)C(=O)c1ccc2c(c1)c1c(n2C)CCC(C2CCOCC2)C1,Cn1c2c(c3cc(C=O)ccc31)CC(C1CCOCC1)CC2,CN(N)c1ccc(C=O)cc1,100,Likely stable,,30,high
C[C@H](C(=O)NCCF)N(C)C(=O)c1ccc2c(c1)c1c(n2C)CCC(C2CCOCC2)C1,Cn1c2c(c3cc(C=O)ccc31)CC(C1CCOCC1)CC2,O=C1CCC(C2CCOCC2)CC1,95,Likely stable,,30,high
C[C@H](C(=O)NCCF)N(C)C(=O)c1ccc2c(c1)c1c(n2C)CCC(C2CCOCC2)C1,CN(N)c1ccc(C=O)cc1,CN(C)C=O,100,Likely stable,,30,high
C[C@H](C(=O)NCCF)N(C)C(=O)c1ccc2c(c1)c1c(n2C)CCC(C2CCOCC2)C1,CN(N)c1ccc(C=O)cc1,CN(N)c1ccccc1,100,Likely stable,,30,high
C[C@H](C(=O)NCCF)N(C)C(=O)c1ccc2c(c1)c1c(n2C)CCC(C2CCOCC2)C1,O=C1CCC(C2CCOCC2)CC1,OC1CCC(C2CCOCC2)CC1,95,Likely stable,,100,low
C[C@H](C(=O)NCCF)N(C)C(=O)c1ccc2c(c1)c1c(n2C)CCC(C2CCOCC2)C1,OC1CCC(C2CCOCC2)CC1,Oc1ccc(C2CCOCC2)cc1,100,Likely stable,,60,medium
C[C@H](C(=O)NCCF)N(C)C(=O)c1ccc2c(c1)c1c(n2C)CCC(C2CCOCC2)C1,Oc1ccc(C2CCOCC2)cc1,Oc1ccc(C2=CCOCC2)cc1,100,Likely stable,,100,low
C[C@H](C(=O)NCCF)N(C)C(=O)c1ccc2c(c1)c1c(n2C)CCC(C2CCOCC2)C1,Oc1ccc(C2=CCOCC2)cc1,Oc1ccc(Br)cc1,100,Likely stable,,45,medium
C[C@H](C(=O)NCCF)N(C)C(=O)c1ccc2c(c1)c1c(n2C)CCC(C2CCOCC2)C1,Oc1ccc(C2=CCOCC2)cc1,CC1(C)OB(C2=CCOCC2)OC1(C)C,90,Likely stable,,45,medium
C[C@H](O[Si](C)(C)C(C)(C)C)[C@@H]1CC(O)CC(C)(C)N1,C[C@H](O[Si](C)(C)C(C)(C)C)[C@@H]1CC(O)CC(C)(C)N1,C[C@H](O)[C@@H]1CC(O)CC(C)(C)N1,95,Likely stable,,95,low
C[C@H](O[Si](C)(C)C(C)(C)C)[C@@H]1CC(O)CC(C)(C)N1,C[C@H](O[Si](C)(C)C(C)(C)C)[C@@H]1CC(O)CC(C)(C)N1,CC(C)(C)[Si](C)(C)Cl,,,,95,low
C[C@H](O[Si](C)(C)C(C)(C)C)[C@@H]1CC(O)CC(C)(C)N1,C[C@H](O)[C@@H]1CC(O)CC(C)(C)N1,CC1(C)CC(O)C[C@@H](C=O)N1,,,,95,low
C[C@H](O[Si](C)(C)C(C)(C)C)[C@@H]1CC(O)CC(C)(C)N1,C[C@H](O)[C@@H]1CC(O)CC(C)(C)N1,C[Mg]Br,100,Likely stable,,95,low
C[C@H](O[Si](C)(C)C(C)(C)C)[C@@H]1CC(O)CC(C)(C)N1,CC1(C)CC(O)C[C@@H](C=O)N1,CC1(C)CC(O)C[C@@H](CO)N1,,,,100,low
C[C@H](O[Si](C)(C)C(C)(C)C)[C@@H]1CC(O)CC(C)(C)N1,CC(C)(C)[Si](C)(C)Cl,C[Si](C)C(C)(C)C,,,,90,low
CCc1[nH]c(C(=O)N[C@H]2CCN(c3cccc(C(=O)OC(C)(C)C)c3)C[C@H]2OC)nc1C(F)(F)F,CCc1[nH]c(C(=O)N[C@H]2CCN(c3cccc(C(=O)OC(C)(C)C)c3)C[C@H]2OC)nc1C(F)(F)F,CCc1[nH]c(C(=O)N[C@H]2CCNC[C@H]2OC)nc1C(F)(F)F,100,Likely stable,,95,low
CCc1[nH]c(C(=O)N[C@H]2CCN(c3cccc(C(=O)OC(C)(C)C)c3)C[C@H]2OC)nc1C(F)(F)F,CCc1[nH]c(C(=O)N[C@H]2CCN(c3cccc(C(=O)OC(C)(C)C)c3)C[C@H]2OC)nc1C(F)(F)F,CC(C)(C)OC(=O)c1cccc(I)c1,100,Likely stable,,95,low
CCc1[nH]c(C(=O)N[C@H]2CCN(c3cccc(C(=O)OC(C)(C)C)c3)C[C@H]2OC)nc1C(F)(F)F,CCc1[nH]c(C(=O)N[C@H]2CCNC[C@H]2OC)nc1C(F)(F)F,CCc1[nH]c(C(=O)O)nc1C(F)(F)F,100,Likely stable,,40,medium
CCc1[nH]c(C(=O)N[C@H]2CCN(c3cccc(C(=O)OC(C)(C)C)c3)C[C@H]2OC)nc1C(F)(F)F,CCc1[nH]c(C(=O)N[C@H]2CCNC[C@H]2OC)nc1C(F)(F)F,CO[C@@H]1CNC[C@@H]1N,95,Likely stable,,40,medium
CCc1[nH]c(C(=O)N[C@H]2CCN(c3cccc(C(=O)OC(C)(C)C)c3)C[C@H]2OC)nc1C(F)(F)F,CCc1[nH]c(C(=O)O)nc1C(F)(F)F,CCc1[nH]c(Br)nc1C(F)(F)F,100,Likely stable,,80,low
CCc1[nH]c(C(=O)N[C@H]2CCN(c3cccc(C(=O)OC(C)(C)C)c3)C[C@H]2OC)nc1C(F)(F)F,CCc1[nH]c(Br)nc1C(F)(F)F,CCc1[nH]cnc1C(F)(F)F,100,Likely stable,,90,low
CCc1[nH]c(C(=O)N[C@H]2CCN(c3cccc(C(=O)OC(C)(C)C)c3)C[C@H]2OC)nc1C(F)(F)F,CCc1[nH]cnc1C(F)(F)F,C#Cc1[nH]cnc1C(F)(F)F,70,Moderately stable,Contains carbene (highly reactive intermediate),100,low
CCc1[nH]c(C(=O)N[C@H]2CCN(c3cccc(C(=O)OC(C)(C)C)c3)C[C@H]2OC)nc1C(F)(F)F,C#Cc1[nH]cnc1C(F)(F)F,CC(C)(O)C#Cc1[nH]cnc1C(F)(F)F,70,Moderately stable,Contains carbene (highly reactive intermediate),85,low
CCc1[nH]c(C(=O)N[C@H]2CCN(c3cccc(C(=O)OC(C)(C)C)c3)C[C@H]2OC)nc1C(F)(F)F,CC(C)(O)C#Cc1[nH]cnc1C(F)(F)F,CC(C)(O)C#Cc1c(C(F)(F)F)ncn1COCC[Si](C)(C)C,70,Moderately stable,Contains carbene (highly reactive intermediate),70,medium
CCc1[nH]c(C(=O)N[C@H]2CCN(c3cccc(C(=O)OC(C)(C)C)c3)C[C@H]2OC)nc1C(F)(F)F,CC(C)(O)C#Cc1c(C(F)(F)F)ncn1COCC[Si](C)(C)C,C#CC(C)(C)O,65,Moderately stable,Contains carbene (highly reactive intermediate),95,low
CCc1[nH]c(C(=O)N[C@H]2CCN(c3cccc(C(=O)OC(C)(C)C)c3)C[C@H]2OC)nc1C(F)(F)F,CC(C)(O)C#Cc1c(C(F)(F)F)ncn1COCC[Si](C)(C)C,C[Si](C)(C)CCOCn1cnc(C(F)(F)F)c1Br,100,Likely stable,,95,low
CCc1[nH]c(C(=O)N[C@H]2CCN(c3cccc(C(=O)OC(C)(C)C)c3)C[C@H]2OC)nc1C(F)(F)F,C[Si](C)(C)CCOCn1cnc(C(F)(F)F)c1Br,C[Si](C)(C)CCOCCl,100,Likely stable,,95,low
CCc1[nH]c(C(=O)N[C@H]2CCN(c3cccc(C(=O)OC(C)(C)C)c3)C[C@H]2OC)nc1C(F)(F)F,C[Si](C)(C)CCOCn1cnc(C(F)(F)F)c1Br,FC(F)(F)c1nc[nH]c1Br,100,Likely stable,,95,low
CCc1[nH]c(C(=O)N[C@H]2CCN(c3cccc(C(=O)OC(C)(C)C)c3)C[C@H]2OC)nc1C(F)(F)F,CO[C@@H]1CNC[C@@H]1N,CO[C@@H]1CNCC1=O,95,Likely stable,,95,low
CCc1[nH]c(C(=O)N[C@H]2CCN(c3cccc(C(=O)OC(C)(C)C)c3)C[C@H]2OC)nc1C(F)(F)F,CO[C@@H]1CNC[C@@H]1N,N,100,Likely stable,,95,low
CCc1[nH]c(C(=O)N[C@H]2CCN(c3cccc(C(=O)OC(C)(C)C)c3)C[C@H]2OC)nc1C(F)(F)F,CO[C@@H]1CNCC1=O,CO[C@@H]1CN(Cc2ccccc2)CC1=O,100,Likely stable,,0,critical
CCc1[nH]c(C(=O)N[C@H]2CCN(c3cccc(C(=O)OC(C)(C)C)c3)C[C@H]2OC)nc1C(F)(F)F,CO[C@@H]1CN(Cc2ccccc2)CC1=O,CCOC(=O)CN(CCOC)Cc1ccccc1,100,Likely stable,,65,medium
CCc1[nH]c(C(=O)N[C@H]2CCN(c3cccc(C(=O)OC(C)(C)C)c3)C[C@H]2OC)nc1C(F)(F)F,CCOC(=O)CN(CCOC)Cc1ccccc1,COCCNCc1ccccc1,100,Likely stable,,95,low
CCc1[nH]c(C(=O)N[C@H]2CCN(c3cccc(C(=O)OC(C)(C)C)c3)C[C@H]2OC)nc1C(F)(F)F,CCOC(=O)CN(CCOC)Cc1ccccc1,CCOC(=O)CBr,100,Likely stable,,95,low
CCc1[nH]c(C(=O)N[C@H]2CCN(c3cccc(C(=O)OC(C)(C)C)c3)C[C@H]2OC)nc1C(F)(F)F,CC(C)(C)OC(=O)c1cccc(I)c1,CC(C)(C)O,100,Likely stable,,95,low
CCc1[nH]c(C(=O)N[C@H]2CCN(c3cccc(C(=O)OC(C)(C)C)c3)C[C@H]2OC)nc1C(F)(F)F,CC(C)(C)OC(=O)c1cccc(I)c1,O=C(O)c1cccc(I)c1,100,Likely stable,,95,low
CC[C@@H](OC(=O)c1ccccc1)[C@H]1CCCN(C(=O)OC(C)(C)C)C1,CC[C@@H](OC(=O)c1ccccc1)[C@H]1CCCN(C(=O)OC(C)(C)C)C1,O=C(O)c1ccccc1,100,Likely stable,,95,low
CC[C@@H](OC(=O)c1ccccc1)[C@H]1CCCN(C(=O)OC(C)(C)C)C1,CC[C@@H](OC(=O)c1ccccc1)[C@H]1CCCN(C(=O)OC(C)(C)C)C1,CC[C@@H](O)[C@H]1CCCN(C(=O)OC(C)(C)C)C1,95,Likely stable,,95,low
CC(=O)OCc1nc2cnc(Br)cc2n1C(C)(C)COC(C)=O,CC(=O)OCc1nc2cnc(Br)cc2n1C(C)(C)COC(C)=O,CC(C)(CO)n1c(CO)nc2cnc(Br)cc21,100,Likely stable,,95,low
CC(=O)OCc1nc2cnc(Br)cc2n1C(C)(C)COC(C)=O,CC(=O)OCc1nc2cnc(Br)cc2n1C(C)(C)COC(C)=O,CC(=O)OC(C)=O,100,Likely stable,,95,low
CC(=O)OCc1nc2cnc(Br)cc2n1C(C)(C)COC(C)=O,CC(C)(CO)n1c(CO)nc2cnc(Br)cc21,O=C(O)CO,100,Likely stable,,25,high
CC(=O)OCc1nc2cnc(Br)cc2n1C(C)(C)COC(C)=O,CC(C)(CO)n1c(CO)nc2cnc(Br)cc21,CC(C)(CO)Nc1cc(Br)ncc1N,100,Likely stable,,25,high
CC(=O)OCc1nc2cnc(Br)cc2n1C(C)(C)COC(C)=O,CC(C)(CO)Nc1cc(Br)ncc1N,CC(C)(CO)Nc1cc(Br)ncc1N=C(c1ccccc1)c1ccccc1,100,Likely stable,,0,critical
CC(=O)OCc1nc2cnc(Br)cc2n1C(C)(C)COC(C)=O,CC(C)(CO)Nc1cc(Br)ncc1N=C(c1ccccc1)c1ccccc1,N=C(c1ccccc1)c1ccccc1,100,Likely stable,,95,low
CC(=O)OCc1nc2cnc(Br)cc2n1C(C)(C)COC(C)=O,CC(C)(CO)Nc1cc(Br)ncc1N=C(c1ccccc1)c1ccccc1,CC(C)(CO)Nc1cc(Br)ncc1Br,100,Likely stable,,95,low
CC(=O)OCc1nc2cnc(Br)cc2n1C(C)(C)COC(C)=O,CC(C)(CO)Nc1cc(Br)ncc1Br,CC(C)(N)CO,100,Likely stable,,35,high
CC(=O)OCc1nc2cnc(Br)cc2n1C(C)(C)COC(C)=O,CC(C)(CO)Nc1cc(Br)ncc1Br,Brc1cc(Br)c(Br)cn1,100,Likely stable,,35,high
CC(=O)OCc1nc2cnc(Br)cc2n1C(C)(C)COC(C)=O,Brc1cc(Br)c(Br)cn1,O=C1CCC(=O)N1Br,95,Likely stable,,55,medium
CC(=O)OCc1nc2cnc(Br)cc2n1C(C)(C)COC(C)=O,Brc1cc(Br)c(Br)cn1,Brc1ccnc(Br)c1,100,Likely stable,,55,medium
CC(=O)NC[C@H]1CC[C@@H](C(=O)Nc2cccc(OC(F)(F)F)c2)N1C(=O)OCc1ccccc1,CC(=O)NC[C@H]1CC[C@@H](C(=O)Nc2cccc(OC(F)(F)F)c2)N1C(=O)OCc1ccccc1,CC(=O)NC[C@H]1CC[C@@H](C(=O)O)N1C(=O)OCc1ccccc1,100,Likely stable,,95,low
CC(=O)NC[C@H]1CC[C@@H](C(=O)Nc2cccc(OC(F)(F)F)c2)N1C(=O)OCc1ccccc1,CC(=O)NC[C@H]1CC[C@@H](C(=O)Nc2cccc(OC(F)(F)F)c2)N1C(=O)OCc1ccccc1,Nc1cccc(OC(F)(F)F)c1,100,Likely stable,,95,low
CC(=O)NC[C@H]1CC[C@@H](C(=O)Nc2cccc(OC(F)(F)F)c2)N1C(=O)OCc1ccccc1,CC(=O)NC[C@H]1CC[C@@H](C(=O)O)N1C(=O)OCc1ccccc1,CCO,100,Likely stable,,0,critical
CC(=O)NC[C@H]1CC[C@@H](C(=O)Nc2cccc(OC(F)(F)F)c2)N1C(=O)OCc1ccccc1,CC(=O)NC[C@H]1CC[C@@H](C(=O)O)N1C(=O)OCc1ccccc1,O=C(O)[C@@H]1CC[C@H](CN2C(=O)c3ccccc3C2=O)N1C(=O)OCc1ccccc1,100,Likely stable,,0,critical
CC(=O)NC[C@H]1CC[C@@H](C(=O)Nc2cccc(OC(F)(F)F)c2)N1C(=O)OCc1ccccc1,CCO,CC(=O)O,100,Likely stable,,95,low
CC(=O)NC[C@H]1CC[C@@H](C(=O)Nc2cccc(OC(F)(F)F)c2)N1C(=O)OCc1ccccc1,O=C(O)[C@@H]1CC[C@H](CN2C(=O)c3ccccc3C2=O)N1C(=O)OCc1ccccc1,O=C1NC(=O)c2ccccc21,100,Likely stable,,95,low
CC(=O)NC[C@H]1CC[C@@H](C(=O)Nc2cccc(OC(F)(F)F)c2)N1C(=O)OCc1ccccc1,O=C(O)[C@@H]1CC[C@H](CN2C(=O)c3ccccc3C2=O)N1C(=O)OCc1ccccc1,O=C(O)[C@@H]1CC[C@H](CO)N1C(=O)OCc1ccccc1,100,Likely stable,,95,low
CC(=O)NC[C@H]1CC[C@@H](C(=O)Nc2cccc(OC(F)(F)F)c2)N1C(=O)OCc1ccccc1,O=C(O)[C@@H]1CC[C@H](CO)N1C(=O)OCc1ccccc1,O=C(O)[C@H]1CC[C@@H](C(=O)O)N1C(=O)OCc1ccccc1,100,Likely stable,,95,low
CC(=O)NC[C@H]1CC[C@@H](C(=O)Nc2cccc(OC(F)(F)F)c2)N1C(=O)OCc1ccccc1,O=C(O)[C@H]1CC[C@@H](C(=O)O)N1C(=O)OCc1ccccc1,CCOC(=O)[C@H]1CC[C@@H](C(=O)O)N1C(=O)OCc1ccccc1,100,Likely stable,,90,low
CC(=O)NC[C@H]1CC[C@@H](C(=O)Nc2cccc(OC(F)(F)F)c2)N1C(=O)OCc1ccccc1,CCOC(=O)[C@H]1CC[C@@H](C(=O)O)N1C(=O)OCc1ccccc1,CCOC(=O)[C@H]1CC[C@@H](C(=O)OCC)N1C(=O)OCc1ccccc1,100,Likely stable,,90,low
CC(=O)NC[C@H]1CC[C@@H](C(=O)Nc2cccc(OC(F)(F)F)c2)N1C(=O)OCc1ccccc1,CCOC(=O)[C@H]1CC[C@@H](C(=O)OCC)N1C(=O)OCc1ccccc1,O=C(Cl)OCc1ccccc1,100,Likely stable,,95,low
CC(=O)NC[C@H]1CC[C@@H](C(=O)Nc2cccc(OC(F)(F)F)c2)N1C(=O)OCc1ccccc1,CCOC(=O)[C@H]1CC[C@@H](C(=O)OCC)N1C(=O)OCc1ccccc1,CCOC(=O)[C@@H]1CC[C@H](C(=O)OCC)N1,95,Likely stable,,95,low
CC(=O)NC[C@H]1CC[C@@H](C(=O)Nc2cccc(OC(F)(F)F)c2)N1C(=O)OCc1ccccc1,Nc1cccc(OC(F)(F)F)c1,O=[N+]([O-])c1cccc(OC(F)(F)F)c1,100,Likely stable,,90,low
O=C1C=C(N2CCNCC2)C(C2CCCCC2)CC1,O=C1C=C(N2CCNCC2)C(C2CCCCC2)CC1,O=C1C=C(Br)C(C2CCCCC2)CC1,100,Likely stable,,95,low
O=C1C=C(N2CCNCC2)C(C2CCCCC2)CC1,O=C1C=C(N2CCNCC2)C(C2CCCCC2)CC1,C1CNCCN1,95,Likely stable,,95,low
O=C1C=C(N2CCNCC2)C(C2CCCCC2)CC1,O=C1C=C(Br)C(C2CCCCC2)CC1,O=C1C=CC(C2CCCCC2)CC1,100,Likely stable,,90,low
O=C1C=C(N2CCNCC2)C(C2CCCCC2)CC1,O=C1C=CC(C2CCCCC2)CC1,O=C1CCC(C2CCCCC2)CC1,100,Likely stable,,100,low
FC(F)(F)Cn1ncnc1-c1cc2n(n1)-c1cc(C3CCNCC3)ccc1OCC2,FC(F)(F)Cn1ncnc1-c1cc2n(n1)-c1cc(C3CCNCC3)ccc1OCC2,FC(F)(F)Cn1ncnc1Br,100,Likely stable,,90,low
FC(F)(F)Cn1ncnc1-c1cc2n(n1)-c1cc(C3CCNCC3)ccc1OCC2,FC(F)(F)Cn1ncnc1-c1cc2n(n1)-c1cc(C3CCNCC3)ccc1OCC2,OB(O)c1cc2n(n1)-c1cc(C3CCNCC3)ccc1OCC2,,,,90,low
FC(F)(F)Cn1ncnc1-c1cc2n(n1)-c1cc(C3CCNCC3)ccc1OCC2,OB(O)c1cc2n(n1)-c1cc(C3CCNCC3)ccc1OCC2,OB(O)c1cc(CCBr)n[nH]1,,,,70,medium
FC(F)(F)Cn1ncnc1-c1cc2n(n1)-c1cc(C3CCNCC3)ccc1OCC2,OB(O)c1cc2n(n1)-c1cc(C3CCNCC3)ccc1OCC2,Nc1cc(C2CCNCC2)ccc1O,100,Likely stable,,70,medium
FC(F)(F)Cn1ncnc1-c1cc2n(n1)-c1cc(C3CCNCC3)ccc1OCC2,OB(O)c1cc(CCBr)n[nH]1,BrCCc1cc(Br)[nH]n1,100,Likely stable,,80,low
FC(F)(F)Cn1ncnc1-c1cc2n(n1)-c1cc(C3CCNCC3)ccc1OCC2,BrCCc1cc(Br)[nH]n1,BrCCc1cc[nH]n1,100,Likely stable,,30,high
FC(F)(F)Cn1ncnc1-c1cc2n(n1)-c1cc(C3CCNCC3)ccc1OCC2,BrCCc1cc(Br)[nH]n1,O=C1CCC(=O)N1Br,95,Likely stable,,30,high
FC(F)(F)Cn1ncnc1-c1cc2n(n1)-c1cc(C3CCNCC3)ccc1OCC2,BrCCc1cc[nH]n1,OCCc1cc[nH]n1,100,Likely stable,,30,high
FC(F)(F)Cn1ncnc1-c1cc2n(n1)-c1cc(C3CCNCC3)ccc1OCC2,BrCCc1cc[nH]n1,O=C1CCC(=O)N1Br,95,Likely stable,,30,high
FC(F)(F)Cn1ncnc1-c1cc2n(n1)-c1cc(C3CCNCC3)ccc1OCC2,Nc1cc(C2CCNCC2)ccc1O,Nc1cc(-c2ccncc2)ccc1O,100,Likely stable,,60,medium
FC(F)(F)Cn1ncnc1-c1cc2n(n1)-c1cc(C3CCNCC3)ccc1OCC2,Nc1cc(-c2ccncc2)ccc1O,COc1ccc(-c2ccncc2)cc1N,100,Likely stable,,95,low
COC(=O)[C@H]1CN(C(=O)OC(C)(C)C)CC[C@@H]1c1ccc(OCCOc2c(Cl)cc(C)cc2Cl)cc1,COC(=O)[C@H]1CN(C(=O)OC(C)(C)C)CC[C@@H]1c1ccc(OCCOc2c(Cl)cc(C)cc2Cl)cc1,Cc1cc(Cl)c(OCCO)c(Cl)c1,100,Likely stable,,95,low
COC(=O)[C@H]1CN(C(=O)OC(C)(C)C)CC[C@@H]1c1ccc(OCCOc2c(Cl)cc(C)cc2Cl)cc1,COC(=O)[C@H]1CN(C(=O)OC(C)(C)C)CC[C@@H]1c1ccc(OCCOc2c(Cl)cc(C)cc2Cl)cc1,COC(=O)[C@H]1CN(C(=O)OC(C)(C)C)CC[C@@H]1c1ccc(F)cc1,100,Likely stable,,95,low
COC(=O)[C@H]1CN(C(=O)OC(C)(C)C)CC[C@@H]1c1ccc(OCCOc2c(Cl)cc(C)cc2Cl)cc1,Cc1cc(Cl)c(OCCO)c(Cl)c1,O=C1OCCO1,95,Likely stable,,65,medium
COC(=O)[C@H]1CN(C(=O)OC(C)(C)C)CC[C@@H]1c1ccc(OCCOc2c(Cl)cc(C)cc2Cl)cc1,Cc1cc(Cl)c(OCCO)c(Cl)c1,Cc1cc(Cl)c(O)c(Cl)c1,100,Likely stable,,65,medium
COC(=O)[C@H]1CN(C(=O)OC(C)(C)C)CC[C@@H]1c1ccc(OCCOc2c(Cl)cc(C)cc2Cl)cc1,COC(=O)[C@H]1CN(C(=O)OC(C)(C)C)CC[C@@H]1c1ccc(F)cc1,CC(C)(C)OC(=O)OC(=O)OC(C)(C)C,100,Likely stable,,75,medium
COC(=O)[C@H]1CN(C(=O)OC(C)(C)C)CC[C@@H]1c1ccc(OCCOc2c(Cl)cc(C)cc2Cl)cc1,COC(=O)[C@H]1CN(C(=O)OC(C)(C)C)CC[C@@H]1c1ccc(F)cc1,COC(=O)[C@H]1CNCC[C@@H]1c1ccc(F)cc1,100,Likely stable,,75,medium
CCOC(=O)/C(N)=N/Nc1cc(Cl)ccc1[N+](=O)[O-],CCOC(=O)/C(N)=N/Nc1cc(Cl)ccc1[N+](=O)[O-],CCOC(=O)/C(N)=N/N,100,Likely stable,,35,high
CCOC(=O)/C(N)=N/Nc1cc(Cl)ccc1[N+](=O)[O-],CCOC(=O)/C(N)=N/Nc1cc(Cl)ccc1[N+](=O)[O-],O=[N+]([O-])c1ccc(Cl)cc1Cl,100,Likely stable,,35,high
COCCCc1cc(CN(C(=O)[C@H]2CN(C(=O)OC(C)(C)C)CC[C@@H]2c2ccc(OCCOc3c(Cl)cc(C)cc3Cl)cc2)C2CC2)cc(OC[C@@H]2C[C@H]2C(=O)Oc2ccc3c(c2)CCC3)c1,COCCCc1cc(CN(C(=O)[C@H]2CN(C(=O)OC(C)(C)C)CC[C@@H]2c2ccc(OCCOc3c(Cl)cc(C)cc3Cl)cc2)C2CC2)cc(OC[C@@H]2C[C@H]2C(=O)Oc2ccc3c(c2)CCC3)c1,COCCCc1cc(CN(C(=O)[C@H]2CN(C(=O)OC(C)(C)C)CC[C@@H]2c2ccc(OCCOc3c(Cl)cc(C)cc3Cl)cc2)C2CC2)cc(OC[C@@H]2C[C@H]2C(=O)O)c1,100,Likely stable,,95,low
COCCCc1cc(CN(C(=O)[C@H]2CN(C(=O)OC(C)(C)C)CC[C@@H]2c2ccc(OCCOc3c(Cl)cc(C)cc3Cl)cc2)C2CC2)cc(OC[C@@H]2C[C@H]2C(=O)Oc2ccc3c(c2)CCC3)c1,COCCCc1cc(CN(C(=O)[C@H]2CN(C(=O)OC(C)(C)C)CC[C@@H]2c2ccc(OCCOc3c(Cl)cc(C)cc3Cl)cc2)C2CC2)cc(OC[C@@H]2C[C@H]2C(=O)Oc2ccc3c(c2)CCC3)c1,Oc1ccc2c(c1)CCC2,100,Likely stable,,95,low
COCCCc1cc(CN(C(=O)[C@H]2CN(C(=O)OC(C)(C)C)CC[C@@H]2c2ccc(OCCOc3c(Cl)cc(C)cc3Cl)cc2)C2CC2)cc(OC[C@@H]2C[C@H]2C(=O)Oc2ccc3c(c2)CCC3)c1,COCCCc1cc(CN(C(=O)[C@H]2CN(C(=O)OC(C)(C)C)CC[C@@H]2c2ccc(OCCOc3c(Cl)cc(C)cc3Cl)cc2)C2CC2)cc(OC[C@@H]2C[C@H]2C(=O)O)c1,COCCCc1cc(CN(C(=O)[C@H]2CN(C(=O)OC(C)(C)C)CC[C@@H]2c2ccc(O)cc2)C2CC2)cc(OC[C@@H]2C[C@H]2C(=O)O)c1,100,Likely stable,,95,low
COCCCc1cc(CN(C(=O)[C@H]2CN(C(=O)OC(C)(C)C)CC[C@@H]2c2ccc(OCCOc3c(Cl)cc(C)cc3Cl)cc2)C2CC2)cc(OC[C@@H]2C[C@H]2C(=O)Oc2ccc3c(c2)CCC3)c1,COCCCc1cc(CN(C(=O)[C@H]2CN(C(=O)OC(C)(C)C)CC[C@@H]2c2ccc(OCCOc3c(Cl)cc(C)cc3Cl)cc2)C2CC2)cc(OC[C@@H]2C[C@H]2C(=O)O)c1,Cc1cc(Cl)c(OCCCl)c(Cl)c1,100,Likely stable,,95,low
COCCCc1cc(CN(C(=O)[C@H]2CN(C(=O)OC(C)(C)C)CC[C@@H]2c2ccc(OCCOc3c(Cl)cc(C)cc3Cl)cc2)C2CC2)cc(OC[C@@H]2C[C@H]2C(=O)Oc2ccc3c(c2)CCC3)c1,COCCCc1cc(CN(C(=O)[C@H]2CN(C(=O)OC(C)(C)C)CC[C@@H]2c2ccc(O)cc2)C2CC2)cc(OC[C@@H]2C[C@H]2C(=O)O)c1,COCCCc1cc(CNC2CC2)cc(OC[C@@H]2C[C@H]2C(=O)O)c1,100,Likely stable,,95,low
COCCCc1cc(CN(C(=O)[C@H]2CN(C(=O)OC(C)(C)C)CC[C@@H]2c2ccc(OCCOc3c(Cl)cc(C)cc3Cl)cc2)C2CC2)cc(OC[C@@H]2C[C@H]2C(=O)Oc2ccc3c(c2)CCC3)c1,COCCCc1cc(CN(C(=O)[C@H]2CN(C(=O)OC(C)(C)C)CC[C@@H]2c2ccc(O)cc2)C2CC2)cc(OC[C@@H]2C[C@H]2C(=O)O)c1,CC(C)(C)OC(=O)N1CC[C@H](c2ccc(O)cc2)[C@@H](C(=O)O)C1,,,,95,low
COCCCc1cc(CN(C(=O)[C@H]2CN(C(=O)OC(C)(C)C)CC[C@@H]2c2ccc(OCCOc3c(Cl)cc(C)cc3Cl)cc2)C2CC2)cc(OC[C@@H]2C[C@H]2C(=O)Oc2ccc3c(c2)CCC3)c1,COCCCc1cc(CNC2CC2)cc(OC[C@@H]2C[C@H]2C(=O)O)c1,O=C(O)[C@@H]1C[C@H]1CO,100,Likely stable,,95,low
COCCCc1cc(CN(C(=O)[C@H]2CN(C(=O)OC(C)(C)C)CC[C@@H]2c2ccc(OCCOc3c(Cl)cc(C)cc3Cl)cc2)C2CC2)cc(OC[C@@H]2C[C@H]2C(=O)Oc2ccc3c(c2)CCC3)c1,COCCCc1cc(CNC2CC2)cc(OC[C@@H]2C[C@H]2C(=O)O)c1,COCCCc1cc(F)cc(CNC2CC2)c1,100,Likely stable,,95,low
COCCCc1cc(CN(C(=O)[C@H]2CN(C(=O)OC(C)(C)C)CC[C@@H]2c2ccc(OCCOc3c(Cl)cc(C)cc3Cl)cc2)C2CC2)cc(OC[C@@H]2C[C@H]2C(=O)Oc2ccc3c(c2)CCC3)c1,O=C(O)[C@@H]1C[C@H]1CO,O=C[C@@H]1C[C@H]1C(=O)O,100,Likely stable,,100,low
COCCCc1cc(CN(C(=O)[C@H]2CN(C(=O)OC(C)(C)C)CC[C@@H]2c2ccc(OCCOc3c(Cl)cc(C)cc3Cl)cc2)C2CC2)cc(OC[C@@H]2C[C@H]2C(=O)Oc2ccc3c(c2)CCC3)c1,O=C[C@@H]1C[C@H]1C(=O)O,CON(C)C(=O)[C@@H]1C[C@H]1C(=O)O,100,Likely stable,,90,low
COCCCc1cc(CN(C(=O)[C@H]2CN(C(=O)OC(C)(C)C)CC[C@@H]2c2ccc(OCCOc3c(Cl)cc(C)cc3Cl)cc2)C2CC2)cc(OC[C@@H]2C[C@H]2C(=O)Oc2ccc3c(c2)CCC3)c1,COCCCc1cc(F)cc(CNC2CC2)c1,O=C1CC1,100,Likely stable,,95,low
COCCCc1cc(CN(C(=O)[C@H]2CN(C(=O)OC(C)(C)C)CC[C@@H]2c2ccc(OCCOc3c(Cl)cc(C)cc3Cl)cc2)C2CC2)cc(OC[C@@H]2C[C@H]2C(=O)Oc2ccc3c(c2)CCC3)c1,COCCCc1cc(F)cc(CNC2CC2)c1,COCCCc1cc(F)cc(CN)c1,100,Likely stable,,95,low
COCCCc1cc(CN(C(=O)[C@H]2CN(C(=O)OC(C)(C)C)CC[C@@H]2c2ccc(OCCOc3c(Cl)cc(C)cc3Cl)cc2)C2CC2)cc(OC[C@@H]2C[C@H]2C(=O)Oc2ccc3c(c2)CCC3)c1,O=C1CC1,OC1CC1,100,Likely stable,,100,low
COCCCc1cc(CN(C(=O)[C@H]2CN(C(=O)OC(C)(C)C)CC[C@@H]2c2ccc(OCCOc3c(Cl)cc(C)cc3Cl)cc2)C2CC2)cc(OC[C@@H]2C[C@H]2C(=O)Oc2ccc3c(c2)CCC3)c1,COCCCc1cc(F)cc(CN)c1,COCCCc1cc(F)cc(CNC(=O)OC(C)(C)C)c1,100,Likely stable,,75,medium
COCCCc1cc(CN(C(=O)[C@H]2CN(C(=O)OC(C)(C)C)CC[C@@H]2c2ccc(OCCOc3c(Cl)cc(C)cc3Cl)cc2)C2CC2)cc(OC[C@@H]2C[C@H]2C(=O)Oc2ccc3c(c2)CCC3)c1,COCCCc1cc(F)cc(CNC(=O)OC(C)(C)C)c1,COCCCc1cc(F)cc(C#N)c1,70,Moderately stable,Contains carbene (highly reactive intermediate),75,medium
COCCCc1cc(CN(C(=O)[C@H]2CN(C(=O)OC(C)(C)C)CC[C@@H]2c2ccc(OCCOc3c(Cl)cc(C)cc3Cl)cc2)C2CC2)cc(OC[C@@H]2C[C@H]2C(=O)Oc2ccc3c(c2)CCC3)c1,COCCCc1cc(F)cc(CNC(=O)OC(C)(C)C)c1,CC(C)(C)OC(=O)OC(=O)OC(C)(C)C,100,Likely stable,,75,medium
COCCCc1cc(CN(C(=O)[C@H]2CN(C(=O)OC(C)(C)C)CC[C@@H]2c2ccc(OCCOc3c(Cl)cc(C)cc3Cl)cc2)C2CC2)cc(OC[C@@H]2C[C@H]2C(=O)Oc2ccc3c(c2)CCC3)c1,CC(C)(C)OC(=O)N1CC[C@H](c2ccc(O)cc2)[C@@H](C(=O)O)C1,O=C(O)[C@H]1CNCC[C@@H]1c1ccc(O)cc1,100,Likely stable,,75,medium
COCCCc1cc(CN(C(=O)[C@H]2CN(C(=O)OC(C)(C)C)CC[C@@H]2c2ccc(OCCOc3c(Cl)cc(C)cc3Cl)cc2)C2CC2)cc(OC[C@@H]2C[C@H]2C(=O)Oc2ccc3c(c2)CCC3)c1,CC(C)(C)OC(=O)N1CC[C@H](c2ccc(O)cc2)[C@@H](C(=O)O)C1,CC(C)(C)OC(=O)OC(=O)OC(C)(C)C,100,Likely stable,,75,medium
COCCCc1cc(CN(C(=O)[C@H]2CN(C(=O)OC(C)(C)C)CC[C@@H]2c2ccc(OCCOc3c(Cl)cc(C)cc3Cl)cc2)C2CC2)cc(OC[C@@H]2C[C@H]2C(=O)Oc2ccc3c(c2)CCC3)c1,O=C(O)[C@H]1CNCC[C@@H]1c1ccc(O)cc1,OC[C@H]1CNCC[C@@H]1c1ccc(O)cc1,100,Likely stable,,90,low
COCCCc1cc(CN(C(=O)[C@H]2CN(C(=O)OC(C)(C)C)CC[C@@H]2c2ccc(OCCOc3c(Cl)cc(C)cc3Cl)cc2)C2CC2)cc(OC[C@@H]2C[C@H]2C(=O)Oc2ccc3c(c2)CCC3)c1,OC[C@H]1CNCC[C@@H]1c1ccc(O)cc1,O=CC[C@H](CCNC[C@H](O)C=O)c1ccc(O)cc1,,,,40,medium
COCCCc1cc(CN(C(=O)[C@H]2CN(C(=O)OC(C)(C)C)CC[C@@H]2c2ccc(OCCOc3c(Cl)cc(C)cc3Cl)cc2)C2CC2)cc(OC[C@@H]2C[C@H]2C(=O)Oc2ccc3c(c2)CCC3)c1,O=CC[C@H](CCNC[C@H](O)C=O)c1ccc(O)cc1,O=CCC(CC=O)c1ccc(O)cc1,,,,95,low
COCCCc1cc(CN(C(=O)[C@H]2CN(C(=O)OC(C)(C)C)CC[C@@H]2c2ccc(OCCOc3c(Cl)cc(C)cc3Cl)cc2)C2CC2)cc(OC[C@@H]2C[C@H]2C(=O)Oc2ccc3c(c2)CCC3)c1,O=CC[C@H](CCNC[C@H](O)C=O)c1ccc(O)cc1,NC[C@H](O)C=O,100,Likely stable,,95,low
COCCCc1cc(CN(C(=O)[C@H]2CN(C(=O)OC(C)(C)C)CC[C@@H]2c2ccc(OCCOc3c(Cl)cc(C)cc3Cl)cc2)C2CC2)cc(OC[C@@H]2C[C@H]2C(=O)Oc2ccc3c(c2)CCC3)c1,O=CCC(CC=O)c1ccc(O)cc1,OCCC(CCO)c1ccc(O)cc1,,,,100,low
COCCCc1cc(CN(C(=O)[C@H]2CN(C(=O)OC(C)(C)C)CC[C@@H]2c2ccc(OCCOc3c(Cl)cc(C)cc3Cl)cc2)C2CC2)cc(OC[C@@H]2C[C@H]2C(=O)Oc2ccc3c(c2)CCC3)c1,OCCC(CCO)c1ccc(O)cc1,C=Cc1ccc(O)cc1,100,Likely stable,,60,medium
COCCCc1cc(CN(C(=O)[C@H]2CN(C(=O)OC(C)(C)C)CC[C@@H]2c2ccc(OCCOc3c(Cl)cc(C)cc3Cl)cc2)C2CC2)cc(OC[C@@H]2C[C@H]2C(=O)Oc2ccc3c(c2)CCC3)c1,OCCC(CCO)c1ccc(O)cc1,C1CO1,80,Likely stable,Three-membered heterocycle (potentially unstable),60,medium
COCCCc1cc(CN(C(=O)[C@H]2CN(C(=O)OC(C)(C)C)CC[C@@H]2c2ccc(OCCOc3c(Cl)cc(C)cc3Cl)cc2)C2CC2)cc(OC[C@@H]2C[C@H]2C(=O)Oc2ccc3c(c2)CCC3)c1,C=Cc1ccc(O)cc1,C=Cc1ccc(OC)cc1,100,Likely stable,,95,low
COCCCc1cc(CN(C(=O)[C@H]2CN(C(=O)OC(C)(C)C)CC[C@@H]2c2ccc(OCCOc3c(Cl)cc(C)cc3Cl)cc2)C2CC2)cc(OC[C@@H]2C[C@H]2C(=O)Oc2ccc3c(c2)CCC3)c1,CC(C)(C)OC(=O)OC(=O)OC(C)(C)C,C=C(C)C,100,Likely stable,,95,low
COCCCc1cc(CN(C(=O)[C@H]2CN(C(=O)OC(C)(C)C)CC[C@@H]2c2ccc(OCCOc3c(Cl)cc(C)cc3Cl)cc2)C2CC2)cc(OC[C@@H]2C[C@H]2C(=O)Oc2ccc3c(c2)CCC3)c1,CC(C)(C)OC(=O)OC(=O)OC(C)(C)C,CC(C)(C)OC(=O)OC(=O)O,100,Likely stable,,95,low
COCCCc1cc(CN(C(=O)[C@H]2CN(C(=O)OC(C)(C)C)CC[C@@H]2c2ccc(OCCOc3c(Cl)cc(C)cc3Cl)cc2)C2CC2)cc(OC[C@@H]2C[C@H]2C(=O)Oc2ccc3c(c2)CCC3)c1,CC(C)(C)OC(=O)OC(=O)O,C=C(C)C,100,Likely stable,,95,low
COCCCc1cc(CN(C(=O)[C@H]2CN(C(=O)OC(C)(C)C)CC[C@@H]2c2ccc(OCCOc3c(Cl)cc(C)cc3Cl)cc2)C2CC2)cc(OC[C@@H]2C[C@H]2C(=O)Oc2ccc3c(c2)CCC3)c1,CC(C)(C)OC(=O)OC(=O)O,O=C(O)OC(=O)O,100,Likely stable,,95,low
COCCCc1cc(CN(C(=O)[C@H]2CN(C(=O)OC(C)(C)C)CC[C@@H]2c2ccc(OCCOc3c(Cl)cc(C)cc3Cl)cc2)C2CC2)cc(OC[C@@H]2C[C@H]2C(=O)Oc2ccc3c(c2)CCC3)c1,Cc1cc(Cl)c(OCCCl)c(Cl)c1,ClCCBr,100,Likely stable,,95,low
COCCCc1cc(CN(C(=O)[C@H]2CN(C(=O)OC(C)(C)C)CC[C@@H]2c2ccc(OCCOc3c(Cl)cc(C)cc3Cl)cc2)C2CC2)cc(OC[C@@H]2C[C@H]2C(=O)Oc2ccc3c(c2)CCC3)c1,Cc1cc(Cl)c(OCCCl)c(Cl)c1,Cc1cc(Cl)c(O)c(Cl)c1,100,Likely stable,,95,low
COCCCc1cc(CN(C(=O)[C@H]2CN(C(=O)OC(C)(C)C)CC[C@@H]2c2ccc(OCCOc3c(Cl)cc(C)cc3Cl)cc2)C2CC2)cc(OC[C@@H]2C[C@H]2C(=O)Oc2ccc3c(c2)CCC3)c1,Oc1ccc2c(c1)CCC2,COc1ccc2c(c1)CCC2,100,Likely stable,,95,low
ClCc1ccc2c(c1)Nc1nccnc1S2,ClCc1ccc2c(c1)Nc1nccnc1S2,O=S(Cl)Cl,100,Likely stable,,90,low
ClCc1ccc2c(c1)Nc1nccnc1S2,ClCc1ccc2c(c1)Nc1nccnc1S2,OCc1ccc2c(c1)Nc1nccnc1S2,100,Likely stable,,90,low
CCOC(=O)c1cc2c(F)cccc2nc1[C@H](C)NC(=O)OC(C)(C)C,CCOC(=O)c1cc2c(F)cccc2nc1[C@H](C)NC(=O)OC(C)(C)C,Nc1cccc(F)c1C=O,100,Likely stable,,0,critical
CCOC(=O)c1cc2c(F)cccc2nc1[C@H](C)NC(=O)OC(C)(C)C,CCOC(=O)c1cc2c(F)cccc2nc1[C@H](C)NC(=O)OC(C)(C)C,CCOC(=O)CC(=O)[C@H](C)NC(=O)OC(C)(C)C,100,Likely stable,,0,critical
CCOC(=O)c1cc2c(F)cccc2nc1[C@H](C)NC(=O)OC(C)(C)C,CCOC(=O)CC(=O)[C@H](C)NC(=O)OC(C)(C)C,CCOC(=O)CC(=O)O,100,Likely stable,,85,low
CCOC(=O)c1cc2c(F)cccc2nc1[C@H](C)NC(=O)OC(C)(C)C,CCOC(=O)CC(=O)[C@H](C)NC(=O)OC(C)(C)C,C[C@H](NC(=O)OC(C)(C)C)C(=O)O,100,Likely stable,,85,low
O=S(=O)(C#Cc1ccc(Cl)cc1)N1CCNCC1,O=S(=O)(C#Cc1ccc(Cl)cc1)N1CCNCC1,O=S(=O)(Cl)C#Cc1ccc(Cl)cc1,,,,95,low
O=S(=O)(C#Cc1ccc(Cl)cc1)N1CCNCC1,O=S(=O)(C#Cc1ccc(Cl)cc1)N1CCNCC1,C1CNCCN1,95,Likely stable,,95,low
O=S(=O)(C#Cc1ccc(Cl)cc1)N1CCNCC1,O=S(=O)(Cl)C#Cc1ccc(Cl)cc1,O=S(=O)(O)C#Cc1ccc(Cl)cc1,,,,95,low
O=S(=O)(C#Cc1ccc(Cl)cc1)N1CCNCC1,O=S(=O)(O)C#Cc1ccc(Cl)cc1,C#Cc1ccc(Cl)cc1,70,Moderately stable,Contains carbene (highly reactive intermediate),65,medium
O=S(=O)(C#Cc1ccc(Cl)cc1)N1CCNCC1,C#Cc1ccc(Cl)cc1,CC(C)(O)C#Cc1ccc(Cl)cc1,70,Moderately stable,Contains carbene (highly reactive intermediate),85,low
COc1ccc2c(Nc3c(Cl)cncc3Cl)cc(=O)[nH]c2c1OCCCCCCN1CCCN(C)CC1,COc1ccc2c(Nc3c(Cl)cncc3Cl)cc(=O)[nH]c2c1OCCCCCCN1CCCN(C)CC1,COc1ccc2c(N)cc(=O)[nH]c2c1OCCCCCCN1CCCN(C)CC1,80,Likely stable,Large (7-membered) heterocycle with N (potentially unstable),95,low
COc1ccc2c(Nc3c(Cl)cncc3Cl)cc(=O)[nH]c2c1OCCCCCCN1CCCN(C)CC1,COc1ccc2c(Nc3c(Cl)cncc3Cl)cc(=O)[nH]c2c1OCCCCCCN1CCCN(C)CC1,Clc1cncc(Cl)c1Cl,100,Likely stable,,95,low
COc1ccc2c(Nc3c(Cl)cncc3Cl)cc(=O)[nH]c2c1OCCCCCCN1CCCN(C)CC1,COc1ccc2c(N)cc(=O)[nH]c2c1OCCCCCCN1CCCN(C)CC1,COc1ccc2c(N)cc(=O)[nH]c2c1O,100,Likely stable,,95,low
COc1ccc2c(Nc3c(Cl)cncc3Cl)cc(=O)[nH]c2c1OCCCCCCN1CCCN(C)CC1,COc1ccc2c(N)cc(=O)[nH]c2c1OCCCCCCN1CCCN(C)CC1,CN1CCCN(CCCCCCBr)CC1,70,Moderately stable,Large (7-membered) heterocycle with N (potentially unstable),95,low
COc1ccc2c(Nc3c(Cl)cncc3Cl)cc(=O)[nH]c2c1OCCCCCCN1CCCN(C)CC1,COc1ccc2c(N)cc(=O)[nH]c2c1O,COc1ccc2c(Br)cc(=O)[nH]c2c1O,100,Likely stable,,95,low
COc1ccc2c(Nc3c(Cl)cncc3Cl)cc(=O)[nH]c2c1OCCCCCCN1CCCN(C)CC1,COc1ccc2c(N)cc(=O)[nH]c2c1O,N,100,Likely stable,,95,low
COc1ccc2c(Nc3c(Cl)cncc3Cl)cc(=O)[nH]c2c1OCCCCCCN1CCCN(C)CC1,COc1ccc2c(Br)cc(=O)[nH]c2c1O,COc1ccc2c(Br)cc(=O)[nH]c2c1OC,100,Likely stable,,35,high
COc1ccc2c(Nc3c(Cl)cncc3Cl)cc(=O)[nH]c2c1OCCCCCCN1CCCN(C)CC1,COc1ccc2c(Br)cc(=O)[nH]c2c1OC,COc1cccc(NC(=O)CC(=O)Br)c1OC,100,Likely stable,,5,critical
COc1ccc2c(Nc3c(Cl)cncc3Cl)cc(=O)[nH]c2c1OCCCCCCN1CCCN(C)CC1,COc1cccc(NC(=O)CC(=O)Br)c1OC,COc1cccc(N)c1OC,100,Likely stable,,90,low
COc1ccc2c(Nc3c(Cl)cncc3Cl)cc(=O)[nH]c2c1OCCCCCCN1CCCN(C)CC1,COc1cccc(NC(=O)CC(=O)Br)c1OC,CCOC(=O)CC(=O)Br,100,Likely stable,,90,low
COc1ccc2c(Nc3c(Cl)cncc3Cl)cc(=O)[nH]c2c1OCCCCCCN1CCCN(C)CC1,CCOC(=O)CC(=O)Br,CCOC(=O)OCC,100,Likely stable,,90,low
COc1ccc2c(Nc3c(Cl)cncc3Cl)cc(=O)[nH]c2c1OCCCCCCN1CCCN(C)CC1,CCOC(=O)CC(=O)Br,CC(=O)Br,100,Likely stable,,90,low
COc1ccc2c(Nc3c(Cl)cncc3Cl)cc(=O)[nH]c2c1OCCCCCCN1CCCN(C)CC1,CN1CCCN(CCCCCCBr)CC1,O=C1CCC(=O)N1Br,95,Likely stable,,55,medium
COc1ccc2c(Nc3c(Cl)cncc3Cl)cc(=O)[nH]c2c1OCCCCCCN1CCCN(C)CC1,CN1CCCN(CCCCCCBr)CC1,CN1CCCN(CCCCCCO)CC1,70,Moderately stable,Large (7-membered) heterocycle with N (potentially unstable),55,medium
COc1ccc2c(Nc3c(Cl)cncc3Cl)cc(=O)[nH]c2c1OCCCCCCN1CCCN(C)CC1,Clc1cncc(Cl)c1Cl,O=P(Cl)(Cl)Cl,100,Likely stable,,30,high
COc1ccc2c(Nc3c(Cl)cncc3Cl)cc(=O)[nH]c2c1OCCCCCCN1CCCN(C)CC1,Clc1cncc(Cl)c1Cl,Oc1c(Cl)cncc1Cl,100,Likely stable,,30,high
Oc1ccc2c(c1)[C@H](c1ccc(OCCN3CCCC3)cc1)[C@H](c1ccccc1)CO2,Oc1ccc2c(c1)[C@H](c1ccc(OCCN3CCCC3)cc1)[C@H](c1ccccc1)CO2,Oc1ccc([C@H]2c3cc(O)ccc3OC[C@H]2c2ccccc2)cc1,,,,95,low
Oc1ccc2c(c1)[C@H](c1ccc(OCCN3CCCC3)cc1)[C@H](c1ccccc1)CO2,Oc1ccc2c(c1)[C@H](c1ccc(OCCN3CCCC3)cc1)[C@H](c1ccccc1)CO2,BrCCN1CCCC1,95,Likely stable,,95,low
Oc1ccc2c(c1)[C@H](c1ccc(OCCN3CCCC3)cc1)[C@H](c1ccccc1)CO2,Oc1ccc([C@H]2c3cc(O)ccc3OC[C@H]2c2ccccc2)cc1,OCC(c1ccccc1)C(c1ccc(O)cc1)c1ccc(O)cc1,,,,45,medium
Oc1ccc2c(c1)[C@H](c1ccc(OCCN3CCCC3)cc1)[C@H](c1ccccc1)CO2,OCC(c1ccccc1)C(c1ccc(O)cc1)c1ccc(O)cc1,O=C(c1ccc(O)cc1)c1ccc(O)cc1,100,Likely stable,,95,low
Oc1ccc2c(c1)[C@H](c1ccc(OCCN3CCCC3)cc1)[C@H](c1ccccc1)CO2,OCC(c1ccccc1)C(c1ccc(O)cc1)c1ccc(O)cc1,O=CCc1ccccc1,100,Likely stable,,95,low
Oc1ccc2c(c1)[C@H](c1ccc(OCCN3CCCC3)cc1)[C@H](c1ccccc1)CO2,O=C(c1ccc(O)cc1)c1ccc(O)cc1,COc1ccc(C(=O)c2ccc(O)cc2)cc1,100,Likely stable,,95,low
Oc1ccc2c(c1)[C@H](c1ccc(OCCN3CCCC3)cc1)[C@H](c1ccccc1)CO2,O=CCc1ccccc1,OCCc1ccccc1,100,Likely stable,,100,low
Oc1ccc2c(c1)[C@H](c1ccc(OCCN3CCCC3)cc1)[C@H](c1ccccc1)CO2,BrCCN1CCCC1,C1CCNC1,95,Likely stable,,95,low
Oc1ccc2c(c1)[C@H](c1ccc(OCCN3CCCC3)cc1)[C@H](c1ccccc1)CO2,BrCCN1CCCC1,BrCCBr,100,Likely stable,,95,low
CCOC(=O)/C=C1\CC[C@@H](c2cccc(F)c2F)[C@H](NC(=O)OC(C)(C)C)c2cccnc21,CCOC(=O)/C=C1\CC[C@@H](c2cccc(F)c2F)[C@H](NC(=O)OC(C)(C)C)c2cccnc21,C=Cc1ncccc1[C@@H](NC(=O)OC(C)(C)C)[C@@H](CC=CC(=O)OCC)c1cccc(F)c1F,,,,70,medium
CCOC(=O)/C=C1\CC[C@@H](c2cccc(F)c2F)[C@H](NC(=O)OC(C)(C)C)c2cccnc21,C=Cc1ncccc1[C@@H](NC(=O)OC(C)(C)C)[C@@H](CC=CC(=O)OCC)c1cccc(F)c1F,CCOC(=O)C=CC=O,100,Likely stable,,95,low
CCOC(=O)/C=C1\CC[C@@H](c2cccc(F)c2F)[C@H](NC(=O)OC(C)(C)C)c2cccnc21,C=Cc1ncccc1[C@@H](NC(=O)OC(C)(C)C)[C@@H](CC=CC(=O)OCC)c1cccc(F)c1F,C=Cc1ncccc1[C@H]([CH]c1cccc(F)c1F)NC(=O)OC(C)(C)C,,,,95,low
CCOC(=O)/C=C1\CC[C@@H](c2cccc(F)c2F)[C@H](NC(=O)OC(C)(C)C)c2cccnc21,CCOC(=O)C=CC=O,CCOC(=O)C=CCO,100,Likely stable,,100,low
CCOC(=O)/C=C1\CC[C@@H](c2cccc(F)c2F)[C@H](NC(=O)OC(C)(C)C)c2cccnc21,C=Cc1ncccc1[C@H]([CH]c1cccc(F)c1F)NC(=O)OC(C)(C)C,O=Cc1cccc(F)c1F,100,Likely stable,,95,low
CCOC(=O)/C=C1\CC[C@@H](c2cccc(F)c2F)[C@H](NC(=O)OC(C)(C)C)c2cccnc21,C=Cc1ncccc1[C@H]([CH]c1cccc(F)c1F)NC(=O)OC(C)(C)C,C=Cc1ncccc1[C@H](N)C(=O)OC(C)(C)C,100,Likely stable,,95,low
CCOC(=O)/C=C1\CC[C@@H](c2cccc(F)c2F)[C@H](NC(=O)OC(C)(C)C)c2cccnc21,O=Cc1cccc(F)c1F,CN(C)C=O,100,Likely stable,,90,low
CCOC(=O)/C=C1\CC[C@@H](c2cccc(F)c2F)[C@H](NC(=O)OC(C)(C)C)c2cccnc21,O=Cc1cccc(F)c1F,Fc1ccccc1F,100,Likely stable,,90,low
CCOC(=O)/C=C1\CC[C@@H](c2cccc(F)c2F)[C@H](NC(=O)OC(C)(C)C)c2cccnc21,C=Cc1ncccc1[C@H](N)C(=O)OC(C)(C)C,C=Cc1ncccc1Br,100,Likely stable,,95,low
CCOC(=O)/C=C1\CC[C@@H](c2cccc(F)c2F)[C@H](NC(=O)OC(C)(C)C)c2cccnc21,C=Cc1ncccc1[C@H](N)C(=O)OC(C)(C)C,CC(C)(C)OC(=O)CN,100,Likely stable,,95,low
CCOC(=O)/C=C1\CC[C@@H](c2cccc(F)c2F)[C@H](NC(=O)OC(C)(C)C)c2cccnc21,C=Cc1ncccc1Br,C=CB1OC(C)(C)C(C)(C)O1,95,Likely stable,,45,medium
CCOC(=O)/C=C1\CC[C@@H](c2cccc(F)c2F)[C@H](NC(=O)OC(C)(C)C)c2cccnc21,C=Cc1ncccc1Br,Brc1cccnc1Br,100,Likely stable,,45,medium
CCOC(=O)/C=C1\CC[C@@H](c2cccc(F)c2F)[C@H](NC(=O)OC(C)(C)C)c2cccnc21,CC(C)(C)OC(=O)CN,C=C(C)C,100,Likely stable,,95,low
CCOC(=O)/C=C1\CC[C@@H](c2cccc(F)c2F)[C@H](NC(=O)OC(C)(C)C)c2cccnc21,CC(C)(C)OC(=O)CN,NCC(=O)O,100,Likely stable,,95,low
OC[C@H]1C[C@@H](c2cnn3c(N[C@H]4CCc5ccccc54)ncnc23)C[C@@H]1O,OC[C@H]1C[C@@H](c2cnn3c(N[C@H]4CCc5ccccc54)ncnc23)C[C@@H]1O,OC[C@H]1C[C@@H](c2cnn3c(Cl)ncnc23)C[C@@H]1O,100,Likely stable,,95,low
OC[C@H]1C[C@@H](c2cnn3c(N[C@H]4CCc5ccccc54)ncnc23)C[C@@H]1O,OC[C@H]1C[C@@H](c2cnn3c(N[C@H]4CCc5ccccc54)ncnc23)C[C@@H]1O,N[C@H]1CCc2ccccc21,100,Likely stable,,95,low
OC[C@H]1C[C@@H](c2cnn3c(N[C@H]4CCc5ccccc54)ncnc23)C[C@@H]1O,OC[C@H]1C[C@@H](c2cnn3c(Cl)ncnc23)C[C@@H]1O,OC[C@H]1C[C@@H](Br)C[C@@H]1O,100,Likely stable,,95,low
OC[C@H]1C[C@@H](c2cnn3c(N[C@H]4CCc5ccccc54)ncnc23)C[C@@H]1O,OC[C@H]1C[C@@H](c2cnn3c(Cl)ncnc23)C[C@@H]1O,[Li]c1cnn2c(Cl)ncnc12,,,,95,low
OC[C@H]1C[C@@H](c2cnn3c(N[C@H]4CCc5ccccc54)ncnc23)C[C@@H]1O,OC[C@H]1C[C@@H](Br)C[C@@H]1O,OC[C@H]1C[C@@H](O)C[C@@H]1O,100,Likely stable,,95,low
OC[C@H]1C[C@@H](c2cnn3c(N[C@H]4CCc5ccccc54)ncnc23)C[C@@H]1O,OC[C@H]1C[C@@H](O)C[C@@H]1O,O=C[C@H]1C[C@@H](O)C[C@@H]1O,100,Likely stable,,100,low
OC[C@H]1C[C@@H](c2cnn3c(N[C@H]4CCc5ccccc54)ncnc23)C[C@@H]1O,[Li]c1cnn2c(Cl)ncnc12,Clc1ncnc2ccnn12,100,Likely stable,,90,low
OC[C@H]1C[C@@H](c2cnn3c(N[C@H]4CCc5ccccc54)ncnc23)C[C@@H]1O,Clc1ncnc2ccnn12,Oc1ncnc2ccnn12,100,Likely stable,,90,low
OC[C@H]1C[C@@H](c2cnn3c(N[C@H]4CCc5ccccc54)ncnc23)C[C@@H]1O,Clc1ncnc2ccnn12,O=P(Cl)(Cl)Cl,100,Likely stable,,90,low
OC[C@H]1C[C@@H](c2cnn3c(N[C@H]4CCc5ccccc54)ncnc23)C[C@@H]1O,N[C@H]1CCc2ccccc21,CC(C)(C)OC(=O)N[C@H]1CCc2ccccc21,100,Likely stable,,75,medium
CC(=O)OCC1=CS[C@@H]2C(NC(=O)Cc3cccs3)C(=O)N2C1C(=O)O,CC(=O)OCC1=CS[C@@H]2C(NC(=O)Cc3cccs3)C(=O)N2C1C(=O)O,O=C(Cc1cccs1)NC1C(=O)N2C(C(=O)O)C(CO)=CS[C@H]12,,,,95,low
CC(=O)OCC1=CS[C@@H]2C(NC(=O)Cc3cccs3)C(=O)N2C1C(=O)O,CC(=O)OCC1=CS[C@@H]2C(NC(=O)Cc3cccs3)C(=O)N2C1C(=O)O,CC(=O)Cl,100,Likely stable,,95,low
CC(=O)OCC1=CS[C@@H]2C(NC(=O)Cc3cccs3)C(=O)N2C1C(=O)O,O=C(Cc1cccs1)NC1C(=O)N2C(C(=O)O)C(CO)=CS[C@H]12,NC1C(=O)N2C(C(=O)O)C(CO)=CS[C@H]12,,,,95,low
CC(=O)OCC1=CS[C@@H]2C(NC(=O)Cc3cccs3)C(=O)N2C1C(=O)O,O=C(Cc1cccs1)NC1C(=O)N2C(C(=O)O)C(CO)=CS[C@H]12,O=C(O)Cc1cccs1,100,Likely stable,,95,low
CC(=O)OCC1=CS[C@@H]2C(NC(=O)Cc3cccs3)C(=O)N2C1C(=O)O,NC1C(=O)N2C(C(=O)O)C(CO)=CS[C@H]12,CC1=CS[C@@H]2C(N)C(=O)N2C1C(=O)O,75,Moderately stable,Four-membered heterocycle (potentially unstable),90,low
CC(=O)OCC1=CS[C@@H]2C(NC(=O)Cc3cccs3)C(=O)N2C1C(=O)O,CC1=CS[C@@H]2C(N)C(=O)N2C1C(=O)O,CC1=CS[C@@H]2CC(=O)N2C1C(=O)O,75,Moderately stable,Four-membered heterocycle (potentially unstable),95,low
CC(=O)OCC1=CS[C@@H]2C(NC(=O)Cc3cccs3)C(=O)N2C1C(=O)O,CC1=CS[C@@H]2C(N)C(=O)N2C1C(=O)O,N,100,Likely stable,,95,low
CC(=O)OCC1=CS[C@@H]2C(NC(=O)Cc3cccs3)C(=O)N2C1C(=O)O,CC1=CS[C@@H]2CC(=O)N2C1C(=O)O,CC1=CSC(CC(=O)O)NC1C(=O)O,95,Likely stable,,70,medium
CC(=O)OCC1=CS[C@@H]2C(NC(=O)Cc3cccs3)C(=O)N2C1C(=O)O,CC1=CSC(CC(=O)O)NC1C(=O)O,CC(=O)C(=O)O,100,Likely stable,,50,medium
CC(=O)OCC1=CS[C@@H]2C(NC(=O)Cc3cccs3)C(=O)N2C1C(=O)O,CC1=CSC(CC(=O)O)NC1C(=O)O,NC(CS)C(=O)O,,,,50,medium
CC(=O)OCC1=CS[C@@H]2C(NC(=O)Cc3cccs3)C(=O)N2C1C(=O)O,O=C(O)Cc1cccs1,CCOC(=O)Cc1cccs1,100,Likely stable,,90,low
O=C(OCc1ccccc1)N1CC[C@H]2CCCNC[C@H]21,O=C(OCc1ccccc1)N1CC[C@H]2CCCNC[C@H]21,C1CNC[C@H]2NCC[C@H]2C1,,,,95,low
O=C(OCc1ccccc1)N1CC[C@H]2CCCNC[C@H]21,O=C(OCc1ccccc1)N1CC[C@H]2CCCNC[C@H]21,O=C(Cl)OCc1ccccc1,100,Likely stable,,95,low
O=C(OCc1ccccc1)N1CC[C@H]2CCCNC[C@H]21,C1CNC[C@H]2NCC[C@H]2C1,C1CN[C@H]2NCC[C@H]2C1,,,,45,medium
O=C(OCc1ccccc1)N1CC[C@H]2CCCNC[C@H]21,C1CNC[C@H]2NCC[C@H]2C1,C=O,100,Likely stable,,45,medium
O=C(OCc1ccccc1)N1CC[C@H]2CCCNC[C@H]21,C1CN[C@H]2NCC[C@H]2C1,BrCCN1CCCCC1,95,Likely stable,,65,medium
O=C(OCc1ccccc1)N1CC[C@H]2CCCNC[C@H]21,BrCCN1CCCCC1,OCCN1CCCCC1,95,Likely stable,,55,medium
O=C(OCc1ccccc1)N1CC[C@H]2CCCNC[C@H]21,BrCCN1CCCCC1,O=C1CCC(=O)N1Br,95,Likely stable,,55,medium
O=C(OCc1ccccc1)N1CC[C@H]2CCCNC[C@H]21,O=C(Cl)OCc1ccccc1,O=C(Cl)Cl,100,Likely stable,,95,low
O=C(OCc1ccccc1)N1CC[C@H]2CCCNC[C@H]21,O=C(Cl)OCc1ccccc1,OCc1ccccc1,100,Likely stable,,95,low
C/N=C(\C)C1=C(O)C=C2Oc3c(C(=O)NCc4c(C)ccc5ccccc45)c(OC)cc(O)c3[C@]2(C)C1=O,C/N=C(\C)C1=C(O)C=C2Oc3c(C(=O)NCc4c(C)ccc5ccccc45)c(OC)cc(O)c3[C@]2(C)C1=O,COc1cc(O)c2c(c1C(=O)O)OC1=C(C(O)=CC(=O)C1(C)C)C2=C(C)C=N,,,,40,medium
C/N=C(\C)C1=C(O)C=C2Oc3c(C(=O)NCc4c(C)ccc5ccccc45)c(OC)cc(O)c3[C@]2(C)C1=O,C/N=C(\C)C1=C(O)C=C2Oc3c(C(=O)NCc4c(C)ccc5ccccc45)c(OC)cc(O)c3[C@]2(C)C1=O,Cc1ccc2ccccc2c1CN,100,Likely stable,,40,medium
C/N=C(\C)C1=C(O)C=C2Oc3c(C(=O)NCc4c(C)ccc5ccccc45)c(OC)cc(O)c3[C@]2(C)C1=O,COc1cc(O)c2c(c1C(=O)O)OC1=C(C(O)=CC(=O)C1(C)C)C2=C(C)C=N,COc1cc(O)c2c(c1C(=O)O)C(=C(C)C=N)C1=C2OC1(C)C(C)=O,,,,45,medium
C/N=C(\C)C1=C(O)C=C2Oc3c(C(=O)NCc4c(C)ccc5ccccc45)c(OC)cc(O)c3[C@]2(C)C1=O,COc1cc(O)c2c(c1C(=O)O)OC1=C(C(O)=CC(=O)C1(C)C)C2=C(C)C=N,C=C(O)C=O,,,,45,medium
C/N=C(\C)C1=C(O)C=C2Oc3c(C(=O)NCc4c(C)ccc5ccccc45)c(OC)cc(O)c3[C@]2(C)C1=O,COc1cc(O)c2c(c1C(=O)O)C(=C(C)C=N)C1=C2OC1(C)C(C)=O,COc1cc(O)c2c(c1C(=O)O)C(=C(C)C=O)C1=C2OC1(C)C(C)=O,,,,95,low
C/N=C(\C)C1=C(O)C=C2Oc3c(C(=O)NCc4c(C)ccc5ccccc45)c(OC)cc(O)c3[C@]2(C)C1=O,COc1cc(O)c2c(c1C(=O)O)C(=C(C)C=N)C1=C2OC1(C)C(C)=O,N,100,Likely stable,,95,low
C/N=C(\C)C1=C(O)C=C2Oc3c(C(=O)NCc4c(C)ccc5ccccc45)c(OC)cc(O)c3[C@]2(C)C1=O,COc1cc(O)c2c(c1C(=O)O)C(=C(C)C=O)C1=C2OC1(C)C(C)=O,COc1cc(O)c2c(c1C(=O)O)C(=C(C)C)C1=C2OC1(C)C(C)=O,,,,90,low
C/N=C(\C)C1=C(O)C=C2Oc3c(C(=O)NCc4c(C)ccc5ccccc45)c(OC)cc(O)c3[C@]2(C)C1=O,COc1cc(O)c2c(c1C(=O)O)C(=C(C)C)C1=C2OC1(C)C(C)=O,COc1cc(O)c2c(c1C(=O)O)C(=C(C)C)C1=C2OC1(C)O,,,,95,low
C/N=C(\C)C1=C(O)C=C2Oc3c(C(=O)NCc4c(C)ccc5ccccc45)c(OC)cc(O)c3[C@]2(C)C1=O,COc1cc(O)c2c(c1C(=O)O)C(=C(C)C)C1=C2OC1(C)C(C)=O,CC(=O)Cl,100,Likely stable,,95,low
C/N=C(\C)C1=C(O)C=C2Oc3c(C(=O)NCc4c(C)ccc5ccccc45)c(OC)cc(O)c3[C@]2(C)C1=O,COc1cc(O)c2c(c1C(=O)O)C(=C(C)C)C1=C2OC1(C)O,CC1(O)C=CO1,80,Likely stable,Four-membered heterocycle (potentially unstable),60,medium
C/N=C(\C)C1=C(O)C=C2Oc3c(C(=O)NCc4c(C)ccc5ccccc45)c(OC)cc(O)c3[C@]2(C)C1=O,COc1cc(O)c2c(c1C(=O)O)C(=C(C)C)C1=C2OC1(C)O,COc1cc(O)c(C(=O)O)c(C=C(C)C(=O)O)c1O,100,Likely stable,,60,medium
C/N=C(\C)C1=C(O)C=C2Oc3c(C(=O)NCc4c(C)ccc5ccccc45)c(OC)cc(O)c3[C@]2(C)C1=O,COc1cc(O)c(C(=O)O)c(C=C(C)C(=O)O)c1O,COc1cc(O)c(C(=O)O)c(Br)c1O,100,Likely stable,,95,low
C/N=C(\C)C1=C(O)C=C2Oc3c(C(=O)NCc4c(C)ccc5ccccc45)c(OC)cc(O)c3[C@]2(C)C1=O,COc1cc(O)c(C(=O)O)c(C=C(C)C(=O)O)c1O,C=C(C)C(=O)O,100,Likely stable,,95,low
C/N=C(\C)C1=C(O)C=C2Oc3c(C(=O)NCc4c(C)ccc5ccccc45)c(OC)cc(O)c3[C@]2(C)C1=O,COc1cc(O)c(C(=O)O)c(Br)c1O,O=C1CCC(=O)N1Br,95,Likely stable,,55,medium
C/N=C(\C)C1=C(O)C=C2Oc3c(C(=O)NCc4c(C)ccc5ccccc45)c(OC)cc(O)c3[C@]2(C)C1=O,COc1cc(O)c(C(=O)O)c(Br)c1O,COc1cc(O)c(C(=O)O)cc1O,100,Likely stable,,55,medium
C/N=C(\C)C1=C(O)C=C2Oc3c(C(=O)NCc4c(C)ccc5ccccc45)c(OC)cc(O)c3[C@]2(C)C1=O,COc1cc(O)c(C(=O)O)cc1O,COC(=O)c1cc(O)c(OC)cc1O,100,Likely stable,,95,low
C/N=C(\C)C1=C(O)C=C2Oc3c(C(=O)NCc4c(C)ccc5ccccc45)c(OC)cc(O)c3[C@]2(C)C1=O,Cc1ccc2ccccc2c1CN,Cc1ccc2ccccc2c1C#N,75,Moderately stable,Contains carbene (highly reactive intermediate),100,low
C[C@@]1(O)[C@H](O)[C@@H](CO)O[C@H]1n1cc(-c2ccccc2)c2c(N)ncnc21,C[C@@]1(O)[C@H](O)[C@@H](CO)O[C@H]1n1cc(-c2ccccc2)c2c(N)ncnc21,C[C@@]1(O)[C@H](O)[C@@H](CO)O[C@H]1n1cnc2c(N)ncnc21,100,Likely stable,,95,low
C[C@@]1(O)[C@H](O)[C@@H](CO)O[C@H]1n1cc(-c2ccccc2)c2c(N)ncnc21,C[C@@]1(O)[C@H](O)[C@@H](CO)O[C@H]1n1cc(-c2ccccc2)c2c(N)ncnc21,Ic1ccccc1,100,Likely stable,,95,low
C[C@@]1(O)[C@H](O)[C@@H](CO)O[C@H]1n1cc(-c2ccccc2)c2c(N)ncnc21,C[C@@]1(O)[C@H](O)[C@@H](CO)O[C@H]1n1cnc2c(N)ncnc21,CC(=O)OC[C@@H]1[C@@H](OC(C)=O)O[C@H](OC(C)=O)[C@@]1(C)OC(C)=O,,,,60,medium
C[C@@]1(O)[C@H](O)[C@@H](CO)O[C@H]1n1cc(-c2ccccc2)c2c(N)ncnc21,C[C@@]1(O)[C@H](O)[C@@H](CO)O[C@H]1n1cnc2c(N)ncnc21,Nc1ncnc2[nH]cnc12,100,Likely stable,,60,medium
C[C@@]1(O)[C@H](O)[C@@H](CO)O[C@H]1n1cc(-c2ccccc2)c2c(N)ncnc21,CC(=O)OC[C@@H]1[C@@H](OC(C)=O)O[C@H](OC(C)=O)[C@@]1(C)OC(C)=O,C[C@]1(O)[C@H](O)O[C@H](O)[C@H]1CO,,,,50,medium
C[C@@]1(O)[C@H](O)[C@@H](CO)O[C@H]1n1cc(-c2ccccc2)c2c(N)ncnc21,CC(=O)OC[C@@H]1[C@@H](OC(C)=O)O[C@H](OC(C)=O)[C@@]1(C)OC(C)=O,CC(=O)OC(C)=O,100,Likely stable,,50,medium
C[C@@]1(O)[C@H](O)[C@@H](CO)O[C@H]1n1cc(-c2ccccc2)c2c(N)ncnc21,C[C@]1(O)[C@H](O)O[C@H](O)[C@H]1CO,CC(O)(CO)C(O)C(O)C=O,100,Likely stable,,70,medium
C[C@@]1(O)[C@H](O)[C@@H](CO)O[C@H]1n1cc(-c2ccccc2)c2c(N)ncnc21,CC(O)(CO)C(O)C(O)C=O,CC(O)(CO)C(O)C(O)CO,100,Likely stable,,100,low
C[C@@]1(O)[C@H](O)[C@@H](CO)O[C@H]1n1cc(-c2ccccc2)c2c(N)ncnc21,CC(O)(CO)C(O)C(O)CO,CC(O)(C=CCO)CO,,,,80,low
C[C@@]1(O)[C@H](O)[C@@H](CO)O[C@H]1n1cc(-c2ccccc2)c2c(N)ncnc21,CC(O)(C=CCO)CO,CC=CC(C)(O)CO,,,,90,low
C[C@@]1(O)[C@H](O)[C@@H](CO)O[C@H]1n1cc(-c2ccccc2)c2c(N)ncnc21,CC=CC(C)(O)CO,CC(=O)CO,100,Likely stable,,95,low
C[C@@]1(O)[C@H](O)[C@@H](CO)O[C@H]1n1cc(-c2ccccc2)c2c(N)ncnc21,CC=CC(C)(O)CO,C=CCBr,100,Likely stable,,95,low
C[C@@]1(O)[C@H](O)[C@@H](CO)O[C@H]1n1cc(-c2ccccc2)c2c(N)ncnc21,Nc1ncnc2[nH]cnc12,Nc1nc(S)nc2[nH]cnc12,100,Likely stable,,95,low
C[C@@]1(O)[C@H](O)[C@@H](CO)O[C@H]1n1cc(-c2ccccc2)c2c(N)ncnc21,Ic1ccccc1,Nc1ccccc1I,100,Likely stable,,35,high
CC(=O)Nc1nc2c(s1)-c1c(c(C3CC3)nn1C1CCNCC1)CC2,CC(=O)Nc1nc2c(s1)-c1c(c(C3CC3)nn1C1CCNCC1)CC2,NNC1CCNCC1,95,Likely stable,,0,critical
CC(=O)Nc1nc2c(s1)-c1c(c(C3CC3)nn1C1CCNCC1)CC2,CC(=O)Nc1nc2c(s1)-c1c(c(C3CC3)nn1C1CCNCC1)CC2,CC(=O)Nc1nc2c(s1)C(=O)C(C(=O)C1CC1)CC2,100,Likely stable,,0,critical
CC(=O)Nc1nc2c(s1)-c1c(c(C3CC3)nn1C1CCNCC1)CC2,CC(=O)Nc1nc2c(s1)C(=O)C(C(=O)C1CC1)CC2,O=C(C1CC1)n1ccnc1,100,Likely stable,,0,critical
CC(=O)Nc1nc2c(s1)-c1c(c(C3CC3)nn1C1CCNCC1)CC2,CC(=O)Nc1nc2c(s1)C(=O)C(C(=O)C1CC1)CC2,CC(=O)Nc1nc2c(s1)C(=O)CCC2,100,Likely stable,,0,critical
CC(=O)Nc1nc2c(s1)-c1c(c(C3CC3)nn1C1CCNCC1)CC2,O=C(C1CC1)n1ccnc1,O=C(O)C1CC1,100,Likely stable,,0,critical
CC(=O)Nc1nc2c(s1)-c1c(c(C3CC3)nn1C1CCNCC1)CC2,O=C(C1CC1)n1ccnc1,O=C(n1ccnc1)n1ccnc1,100,Likely stable,,0,critical
CC(C)c1ccc2c(c1)OC1(O)c3ccccc3C(=O)C21NC(=O)C(=O)c1cccs1,CC(C)c1ccc2c(c1)OC1(O)c3ccccc3C(=O)C21NC(=O)C(=O)c1cccs1,CC(C)c1ccc(O)cc1,100,Likely stable,,40,medium
CC(C)c1ccc2c(c1)OC1(O)c3ccccc3C(=O)C21NC(=O)C(=O)c1cccs1,CC(C)c1ccc2c(c1)OC1(O)c3ccccc3C(=O)C21NC(=O)C(=O)c1cccs1,O=C(NC1C(=O)c2ccccc2C1(O)Cl)C(=O)c1cccs1,,,,40,medium
CC(C)c1ccc2c(c1)OC1(O)c3ccccc3C(=O)C21NC(=O)C(=O)c1cccs1,CC(C)c1ccc(O)cc1,COc1ccc(C(C)C)cc1,100,Likely stable,,95,low
CC(C)c1ccc2c(c1)OC1(O)c3ccccc3C(=O)C21NC(=O)C(=O)c1cccs1,O=C(NC1C(=O)c2ccccc2C1(O)Cl)C(=O)c1cccs1,NC1C(=O)c2ccccc2C1(O)Cl,,,,95,low
CC(C)c1ccc2c(c1)OC1(O)c3ccccc3C(=O)C21NC(=O)C(=O)c1cccs1,O=C(NC1C(=O)c2ccccc2C1(O)Cl)C(=O)c1cccs1,O=C(Cl)C(=O)c1cccs1,100,Likely stable,,95,low
CC(C)c1ccc2c(c1)OC1(O)c3ccccc3C(=O)C21NC(=O)C(=O)c1cccs1,NC1C(=O)c2ccccc2C1(O)Cl,NC1CC(=O)c2ccccc21,100,Likely stable,,85,low
CC(C)c1ccc2c(c1)OC1(O)c3ccccc3C(=O)C21NC(=O)C(=O)c1cccs1,NC1CC(=O)c2ccccc21,O=C1CC(=NO)c2ccccc21,100,Likely stable,,95,low
CC(C)c1ccc2c(c1)OC1(O)c3ccccc3C(=O)C21NC(=O)C(=O)c1cccs1,O=C(Cl)C(=O)c1cccs1,O=S(Cl)Cl,100,Likely stable,,90,low
CC(C)c1ccc2c(c1)OC1(O)c3ccccc3C(=O)C21NC(=O)C(=O)c1cccs1,O=C(Cl)C(=O)c1cccs1,O=C(O)C(=O)c1cccs1,100,Likely stable,,90,low
Cc1cc(C#N)cnc1C(=O)Nc1ccc(F)c([C@@]2(C)N=C(N)[C@@](C)(F)CC2(F)F)c1,Cc1cc(C#N)cnc1C(=O)Nc1ccc(F)c([C@@]2(C)N=C(N)[C@@](C)(F)CC2(F)F)c1,Cc1cc(C#N)cnc1C(=O)Cl,70,Moderately stable,Contains carbene (highly reactive intermediate),95,low
Cc1cc(C#N)cnc1C(=O)Nc1ccc(F)c([C@@]2(C)N=C(N)[C@@](C)(F)CC2(F)F)c1,Cc1cc(C#N)cnc1C(=O)Nc1ccc(F)c([C@@]2(C)N=C(N)[C@@](C)(F)CC2(F)F)c1,C[C@]1(F)CC(F)(F)[C@@](C)(c2cc(N)ccc2F)N=C1N,,,,95,low
Cc1cc(C#N)cnc1C(=O)Nc1ccc(F)c([C@@]2(C)N=C(N)[C@@](C)(F)CC2(F)F)c1,Cc1cc(C#N)cnc1C(=O)Cl,O=C(Cl)C(=O)Cl,100,Likely stable,,85,low
Cc1cc(C#N)cnc1C(=O)Nc1ccc(F)c([C@@]2(C)N=C(N)[C@@](C)(F)CC2(F)F)c1,Cc1cc(C#N)cnc1C(=O)Cl,Cc1cc(C#N)cnc1C(=O)O,70,Moderately stable,Contains carbene (highly reactive intermediate),85,low
Cc1cc(C#N)cnc1C(=O)Nc1ccc(F)c([C@@]2(C)N=C(N)[C@@](C)(F)CC2(F)F)c1,C[C@]1(F)CC(F)(F)[C@@](C)(c2cc(N)ccc2F)N=C1N,Nc1ccc(F)c(Br)c1,100,Likely stable,,90,low
Cc1cc(C#N)cnc1C(=O)Nc1ccc(F)c([C@@]2(C)N=C(N)[C@@](C)(F)CC2(F)F)c1,C[C@]1(F)CC(F)(F)[C@@](C)(c2cc(N)ccc2F)N=C1N,CC1(F)CC(F)(F)C(C)(B(O)O)N=C1N,,,,90,low
Cc1cc(C#N)cnc1C(=O)Nc1ccc(F)c([C@@]2(C)N=C(N)[C@@](C)(F)CC2(F)F)c1,Nc1ccc(F)c(Br)c1,O=[N+]([O-])c1ccc(F)c(Br)c1,100,Likely stable,,90,low
Cc1cc(C#N)cnc1C(=O)Nc1ccc(F)c([C@@]2(C)N=C(N)[C@@](C)(F)CC2(F)F)c1,CC1(F)CC(F)(F)C(C)(B(O)O)N=C1N,CC1(F)CC(F)(F)C(C)(Br)N=C1N,,,,45,medium
Cc1cc(C#N)cnc1C(=O)Nc1ccc(F)c([C@@]2(C)N=C(N)[C@@](C)(F)CC2(F)F)c1,CC1(F)CC(F)(F)C(C)(B(O)O)N=C1N,CC1(C)OBOC1(C)C,,,,45,medium
Cc1cc(C#N)cnc1C(=O)Nc1ccc(F)c([C@@]2(C)N=C(N)[C@@](C)(F)CC2(F)F)c1,CC1(F)CC(F)(F)C(C)(Br)N=C1N,CC1(F)CC(F)(F)C(C)(Br)C1=O,,,,40,medium
Cc1cc(C#N)cnc1C(=O)Nc1ccc(F)c([C@@]2(C)N=C(N)[C@@](C)(F)CC2(F)F)c1,CC1(F)CC(F)(F)C(C)(Br)N=C1N,N,100,Likely stable,,40,medium
Cc1cc(C#N)cnc1C(=O)Nc1ccc(F)c([C@@]2(C)N=C(N)[C@@](C)(F)CC2(F)F)c1,CC1(F)CC(F)(F)C(C)(Br)C1=O,CC1C(=O)C(C)(F)CC1(F)F,100,Likely stable,,90,low
Cc1cc(C#N)cnc1C(=O)Nc1ccc(F)c([C@@]2(C)N=C(N)[C@@](C)(F)CC2(F)F)c1,CC1C(=O)C(C)(F)CC1(F)F,CC1CCC(C)C1=O,,,,70,medium
Cc1cc(C#N)cnc1C(=O)Nc1ccc(F)c([C@@]2(C)N=C(N)[C@@](C)(F)CC2(F)F)c1,CC1CCC(C)C1=O,CC1CCC(C)C1O,,,,100,low
Cc1cc(C#N)cnc1C(=O)Nc1ccc(F)c([C@@]2(C)N=C(N)[C@@](C)(F)CC2(F)F)c1,CC1(C)OBOC1(C)C,ClB(Cl)B(Cl)Cl,100,Likely stable,,55,medium
Cc1cc(C#N)cnc1C(=O)Nc1ccc(F)c([C@@]2(C)N=C(N)[C@@](C)(F)CC2(F)F)c1,CC1(C)OBOC1(C)C,CC(C)(O)C(C)(C)O,100,Likely stable,,55,medium
Cc1cc(C#N)cnc1C(=O)Nc1ccc(F)c([C@@]2(C)N=C(N)[C@@](C)(F)CC2(F)F)c1,CC(C)(O)C(C)(C)O,CCOCC,100,Likely stable,,85,low
Cc1cc(C#N)cnc1C(=O)Nc1ccc(F)c([C@@]2(C)N=C(N)[C@@](C)(F)CC2(F)F)c1,CC(C)(O)C(C)(C)O,CC(=O)C(C)(C)O,100,Likely stable,,85,low
C[C@@]1(O)[C@H](O)[C@@H](CO)O[C@H]1n1ccc2c(N)nc(N)nc21,C[C@@]1(O)[C@H](O)[C@@H](CO)O[C@H]1n1ccc2c(N)nc(N)nc21,CC(=O)OC[C@H]1O[C@H](OC(C)=O)[C@](C)(OC(C)=O)[C@@H]1OC(C)=O,,,,65,medium
C[C@@]1(O)[C@H](O)[C@@H](CO)O[C@H]1n1ccc2c(N)nc(N)nc21,C[C@@]1(O)[C@H](O)[C@@H](CO)O[C@H]1n1ccc2c(N)nc(N)nc21,Nc1nc(N)c2nc[nH]c2n1,100,Likely stable,,65,medium
C[C@@]1(O)[C@H](O)[C@@H](CO)O[C@H]1n1ccc2c(N)nc(N)nc21,CC(=O)OC[C@H]1O[C@H](OC(C)=O)[C@](C)(OC(C)=O)[C@@H]1OC(C)=O,C[C@]1(O)[C@H](O)O[C@@H](CO)[C@H]1O,,,,50,medium
C[C@@]1(O)[C@H](O)[C@@H](CO)O[C@H]1n1ccc2c(N)nc(N)nc21,CC(=O)OC[C@H]1O[C@H](OC(C)=O)[C@](C)(OC(C)=O)[C@@H]1OC(C)=O,CC(=O)OC(C)=O,100,Likely stable,,50,medium
C[C@@]1(O)[C@H](O)[C@@H](CO)O[C@H]1n1ccc2c(N)nc(N)nc21,C[C@]1(O)[C@H](O)O[C@@H](CO)[C@H]1O,C[C@@](O)(C=O)[C@H](O)[C@H](O)CO,100,Likely stable,,70,medium
C[C@@]1(O)[C@H](O)[C@@H](CO)O[C@H]1n1ccc2c(N)nc(N)nc21,C[C@@](O)(C=O)[C@H](O)[C@H](O)CO,C[C@@](O)(CO)[C@H](O)[C@H](O)CO,100,Likely stable,,100,low
C[C@@]1(O)[C@H](O)[C@@H](CO)O[C@H]1n1ccc2c(N)nc(N)nc21,C[C@@](O)(CO)[C@H](O)[C@H](O)CO,C[C@@](O)(CO)[C@H]1O[C@H]1CO,80,Likely stable,Three-membered heterocycle (potentially unstable),70,medium
C[C@@]1(O)[C@H](O)[C@@H](CO)O[C@H]1n1ccc2c(N)nc(N)nc21,C[C@@](O)(CO)[C@H]1O[C@H]1CO,C[C@](O)(C=CCO)CO,,,,60,medium
C[C@@]1(O)[C@H](O)[C@@H](CO)O[C@H]1n1ccc2c(N)nc(N)nc21,C[C@](O)(C=CCO)CO,CC(=O)CO,100,Likely stable,,90,low
C[C@@]1(O)[C@H](O)[C@@H](CO)O[C@H]1n1ccc2c(N)nc(N)nc21,C[C@](O)(C=CCO)CO,C=CCBr,100,Likely stable,,90,low
C[C@@]1(O)[C@H](O)[C@@H](CO)O[C@H]1n1ccc2c(N)nc(N)nc21,Nc1nc(N)c2nc[nH]c2n1,Nc1nc(N)c(N)c(N)n1,100,Likely stable,,5,critical
C[C@@]1(O)[C@H](O)[C@@H](CO)O[C@H]1n1ccc2c(N)nc(N)nc21,Nc1nc(N)c2nc[nH]c2n1,CCOC(OCC)OCC,100,Likely stable,,5,critical
CC(C)(C)OC(=O)[C@@]12C=CC[C@@H]1CN(C(=O)OCc1ccccc1)C2,CC(C)(C)OC(=O)[C@@]12C=CC[C@@H]1CN(C(=O)OCc1ccccc1)C2,O=C(OCc1ccccc1)N1C[C@H]2CC=C[C@@]2(C(=O)O)C1,,,,70,medium
CC(C)(C)OC(=O)[C@@]12C=CC[C@@H]1CN(C(=O)OCc1ccccc1)C2,CC(C)(C)OC(=O)[C@@]12C=CC[C@@H]1CN(C(=O)OCc1ccccc1)C2,CC(C)(C)OC(=O)OC(=O)OC(C)(C)C,100,Likely stable,,70,medium
CC(C)(C)OC(=O)[C@@]12C=CC[C@@H]1CN(C(=O)OCc1ccccc1)C2,O=C(OCc1ccccc1)N1C[C@H]2CC=C[C@@]2(C(=O)O)C1,O=C(OCc1ccccc1)N1C[C@H]2CC=C[C@@]2(O)C1,,,,85,low
CC(C)(C)OC(=O)[C@@]12C=CC[C@@H]1CN(C(=O)OCc1ccccc1)C2,O=C(OCc1ccccc1)N1C[C@H]2CC=C[C@@]2(O)C1,O[C@@]12C=CC[C@@H]1CNC2,95,Likely stable,,95,low
CC(C)(C)OC(=O)[C@@]12C=CC[C@@H]1CN(C(=O)OCc1ccccc1)C2,O=C(OCc1ccccc1)N1C[C@H]2CC=C[C@@]2(O)C1,O=C(Cl)OCc1ccccc1,100,Likely stable,,95,low
CC(C)(C)OC(=O)[C@@]12C=CC[C@@H]1CN(C(=O)OCc1ccccc1)C2,O[C@@]12C=CC[C@@H]1CNC2,NCC[C@]1(O)C=CCC1Br,,,,45,medium
CC(C)(C)OC(=O)[C@@]12C=CC[C@@H]1CN(C(=O)OCc1ccccc1)C2,NCC[C@]1(O)C=CCC1Br,O=C1C=CCC(Br)C1,100,Likely stable,,40,medium
CC(C)(C)OC(=O)[C@@]12C=CC[C@@H]1CN(C(=O)OCc1ccccc1)C2,NCC[C@]1(O)C=CCC1Br,NCCB(O)O,100,Likely stable,,40,medium
CC(C)(C)OC(=O)[C@@]12C=CC[C@@H]1CN(C(=O)OCc1ccccc1)C2,O=C1C=CCC(Br)C1,OC1C=CCC(Br)C1,100,Likely stable,,100,low
CC(C)(C)OC(=O)[C@@]12C=CC[C@@H]1CN(C(=O)OCc1ccccc1)C2,OC1C=CCC(Br)C1,CC(=O)OC1C=CCC(Br)C1,100,Likely stable,,90,low
CC(C)(C)OC(=O)[C@@]12C=CC[C@@H]1CN(C(=O)OCc1ccccc1)C2,CC(=O)OC1C=CCC(Br)C1,CC(=O)O,100,Likely stable,,95,low
CC(C)(C)OC(=O)[C@@]12C=CC[C@@H]1CN(C(=O)OCc1ccccc1)C2,CC(=O)OC1C=CCC(Br)C1,BrC1CC=CCC1,100,Likely stable,,95,low
CC(C)(C)OC(=O)[C@@]12C=CC[C@@H]1CN(C(=O)OCc1ccccc1)C2,BrC1CC=CCC1,BrC1CCCCC1,100,Likely stable,,100,low
CC(C)(C)OC(=O)[C@@]12C=CC[C@@H]1CN(C(=O)OCc1ccccc1)C2,O=C(Cl)OCc1ccccc1,O=C(Cl)Cl,100,Likely stable,,95,low
CC(C)(C)OC(=O)[C@@]12C=CC[C@@H]1CN(C(=O)OCc1ccccc1)C2,O=C(Cl)OCc1ccccc1,OCc1ccccc1,100,Likely stable,,95,low
CC(C)(C)OC(=O)[C@@]12C=CC[C@@H]1CN(C(=O)OCc1ccccc1)C2,CC(C)(C)OC(=O)OC(=O)OC(C)(C)C,C=C(C)C,100,Likely stable,,95,low
CC(C)(C)OC(=O)[C@@]12C=CC[C@@H]1CN(C(=O)OCc1ccccc1)C2,CC(C)(C)OC(=O)OC(=O)OC(C)(C)C,CC(C)(C)OC(=O)OC(=O)O,100,Likely stable,,95,low
CC(C)(C)OC(=O)[C@@]12C=CC[C@@H]1CN(C(=O)OCc1ccccc1)C2,CC(C)(C)OC(=O)OC(=O)O,C=C(C)C,100,Likely stable,,95,low
CC(C)(C)OC(=O)[C@@]12C=CC[C@@H]1CN(C(=O)OCc1ccccc1)C2,CC(C)(C)OC(=O)OC(=O)O,O=C(O)OC(=O)O,100,Likely stable,,95,low
NC1=N[C@@]2(c3ccc(F)cc3F)CO[C@@H](c3nnco3)C[C@H]2CS1,NC1=N[C@@]2(c3ccc(F)cc3F)CO[C@@H](c3nnco3)C[C@H]2CS1,NC(=S)N[C@]1(c2ccc(F)cc2F)CO[C@H](c2nnco2)C[C@@H]1CBr,,,,45,medium
NC1=N[C@@]2(c3ccc(F)cc3F)CO[C@@H](c3nnco3)C[C@H]2CS1,NC(=S)N[C@]1(c2ccc(F)cc2F)CO[C@H](c2nnco2)C[C@@H]1CBr,NC(=S)N[C@]1(c2ccc(F)cc2F)CO[C@H](c2nnco2)C[C@@H]1CO,,,,95,low
NC1=N[C@@]2(c3ccc(F)cc3F)CO[C@@H](c3nnco3)C[C@H]2CS1,NC(=S)N[C@]1(c2ccc(F)cc2F)CO[C@H](c2nnco2)C[C@@H]1CO,N[C@]1(c2ccc(F)cc2F)CO[C@H](c2nnco2)C[C@@H]1CO,,,,95,low
NC1=N[C@@]2(c3ccc(F)cc3F)CO[C@@H](c3nnco3)C[C@H]2CS1,NC(=S)N[C@]1(c2ccc(F)cc2F)CO[C@H](c2nnco2)C[C@@H]1CO,N=C=S,,,,95,low
NC1=N[C@@]2(c3ccc(F)cc3F)CO[C@@H](c3nnco3)C[C@H]2CS1,N[C@]1(c2ccc(F)cc2F)CO[C@H](c2nnco2)C[C@@H]1CO,N[C](C[C@H](CO)C[C@H](O)c1nnco1)c1ccc(F)cc1F,,,,45,medium
NC1=N[C@@]2(c3ccc(F)cc3F)CO[C@@H](c3nnco3)C[C@H]2CS1,N[C](C[C@H](CO)C[C@H](O)c1nnco1)c1ccc(F)cc1F,N[C](C[C@H](CO)C[C@@H]1CO1)c1ccc(F)cc1F,,,,70,medium
NC1=N[C@@]2(c3ccc(F)cc3F)CO[C@@H](c3nnco3)C[C@H]2CS1,N[C](C[C@H](CO)C[C@H](O)c1nnco1)c1ccc(F)cc1F,c1nnco1,100,Likely stable,,70,medium
NC1=N[C@@]2(c3ccc(F)cc3F)CO[C@@H](c3nnco3)C[C@H]2CS1,N[C](C[C@H](CO)C[C@@H]1CO1)c1ccc(F)cc1F,Nc1ccc(F)cc1F,100,Likely stable,,80,low
NC1=N[C@@]2(c3ccc(F)cc3F)CO[C@@H](c3nnco3)C[C@H]2CS1,N[C](C[C@H](CO)C[C@@H]1CO1)c1ccc(F)cc1F,OC[C@H](CI)[C@@H]1CO1,80,Likely stable,Three-membered heterocycle (potentially unstable),80,low
NC1=N[C@@]2(c3ccc(F)cc3F)CO[C@@H](c3nnco3)C[C@H]2CS1,Nc1ccc(F)cc1F,CC(=O)Nc1ccc(F)cc1F,100,Likely stable,,90,low
NC1=N[C@@]2(c3ccc(F)cc3F)CO[C@@H](c3nnco3)C[C@H]2CS1,OC[C@H](CI)[C@@H]1CO1,OCC(CO)[C@@H]1CO1,80,Likely stable,Three-membered heterocycle (potentially unstable),95,low
NC1=N[C@@]2(c3ccc(F)cc3F)CO[C@@H](c3nnco3)C[C@H]2CS1,OCC(CO)[C@@H]1CO1,CS(C)=O,100,Likely stable,,70,medium
NC1=N[C@@]2(c3ccc(F)cc3F)CO[C@@H](c3nnco3)C[C@H]2CS1,OCC(CO)[C@@H]1CO1,O=CC(CO)CO,100,Likely stable,,70,medium
NC1=N[C@@]2(c3ccc(F)cc3F)CO[C@@H](c3nnco3)C[C@H]2CS1,O=CC(CO)CO,CCOC(=O)C(CO)CO,100,Likely stable,,90,low
CNC(=O)c1ccc2ncc(C(=O)OCn3ccnc3)c(Nc3ccc(OC)cc3)c2c1,CNC(=O)c1ccc2ncc(C(=O)OCn3ccnc3)c(Nc3ccc(OC)cc3)c2c1,CN,100,Likely stable,,95,low
CNC(=O)c1ccc2ncc(C(=O)OCn3ccnc3)c(Nc3ccc(OC)cc3)c2c1,CNC(=O)c1ccc2ncc(C(=O)OCn3ccnc3)c(Nc3ccc(OC)cc3)c2c1,CC(=O)O,100,Likely stable,,95,low
CNC(=O)c1ccc2ncc(C(=O)OCn3ccnc3)c(Nc3ccc(OC)cc3)c2c1,CNC(=O)c1ccc2ncc(C(=O)OCn3ccnc3)c(Nc3ccc(OC)cc3)c2c1,COc1ccc(Nc2c(C(=O)OCn3ccnc3)cnc3ccc(Br)cc23)cc1,100,Likely stable,,95,low
CNC(=O)c1ccc2ncc(C(=O)OCn3ccnc3)c(Nc3ccc(OC)cc3)c2c1,CN,CN=C=O,65,Moderately stable,Contains carbene (highly reactive intermediate),95,low
CNC(=O)c1ccc2ncc(C(=O)OCn3ccnc3)c(Nc3ccc(OC)cc3)c2c1,COc1ccc(Nc2c(C(=O)OCn3ccnc3)cnc3ccc(Br)cc23)cc1,COc1ccc(N)cc1,100,Likely stable,,95,low
CNC(=O)c1ccc2ncc(C(=O)OCn3ccnc3)c(Nc3ccc(OC)cc3)c2c1,COc1ccc(Nc2c(C(=O)OCn3ccnc3)cnc3ccc(Br)cc23)cc1,O=C(OCn1ccnc1)c1cnc2ccc(Br)cc2c1F,100,Likely stable,,95,low
CNC(=O)c1ccc2ncc(C(=O)OCn3ccnc3)c(Nc3ccc(OC)cc3)c2c1,O=C(OCn1ccnc1)c1cnc2ccc(Br)cc2c1F,OCn1ccnc1,100,Likely stable,,95,low
CNC(=O)c1ccc2ncc(C(=O)OCn3ccnc3)c(Nc3ccc(OC)cc3)c2c1,O=C(OCn1ccnc1)c1cnc2ccc(Br)cc2c1F,O=C(O)c1cnc2ccc(Br)cc2c1F,100,Likely stable,,95,low
CNC(=O)c1ccc2ncc(C(=O)OCn3ccnc3)c(Nc3ccc(OC)cc3)c2c1,O=C(O)c1cnc2ccc(Br)cc2c1F,CCOC(=O)c1cnc2ccc(Br)cc2c1F,100,Likely stable,,90,low
CNC(=O)c1ccc2ncc(C(=O)OCn3ccnc3)c(Nc3ccc(OC)cc3)c2c1,CCOC(=O)c1cnc2ccc(Br)cc2c1F,CCOC(=O)Cl,100,Likely stable,,95,low
CNC(=O)c1ccc2ncc(C(=O)OCn3ccnc3)c(Nc3ccc(OC)cc3)c2c1,CCOC(=O)c1cnc2ccc(Br)cc2c1F,Fc1ccnc2ccc(Br)cc12,100,Likely stable,,95,low
COc1ccc2nccc(C(N)CC[C@@H]3CCN(CCSc4cccs4)C[C@@H]3C(=O)O)c2c1,COc1ccc2nccc(C(N)CC[C@@H]3CCN(CCSc4cccs4)C[C@@H]3C(=O)O)c2c1,COc1ccc2nccc(C(=O)CC[C@@H]3CCN(CCSc4cccs4)C[C@@H]3C(=O)O)c2c1,100,Likely stable,,95,low
COc1ccc2nccc(C(N)CC[C@@H]3CCN(CCSc4cccs4)C[C@@H]3C(=O)O)c2c1,COc1ccc2nccc(C(N)CC[C@@H]3CCN(CCSc4cccs4)C[C@@H]3C(=O)O)c2c1,N,100,Likely stable,,95,low
COc1ccc2nccc(C(N)CC[C@@H]3CCN(CCSc4cccs4)C[C@@H]3C(=O)O)c2c1,COc1ccc2nccc(C(=O)CC[C@@H]3CCN(CCSc4cccs4)C[C@@H]3C(=O)O)c2c1,COc1ccc2nccc(C(=O)Cl)c2c1,100,Likely stable,,95,low
COc1ccc2nccc(C(N)CC[C@@H]3CCN(CCSc4cccs4)C[C@@H]3C(=O)O)c2c1,COc1ccc2nccc(C(=O)CC[C@@H]3CCN(CCSc4cccs4)C[C@@H]3C(=O)O)c2c1,CC[C@@H]1CCN(CCSc2cccs2)C[C@@H]1C(=O)O,100,Likely stable,,95,low
COc1ccc2nccc(C(N)CC[C@@H]3CCN(CCSc4cccs4)C[C@@H]3C(=O)O)c2c1,COc1ccc2nccc(C(=O)Cl)c2c1,O=S(Cl)Cl,100,Likely stable,,90,low
COc1ccc2nccc(C(N)CC[C@@H]3CCN(CCSc4cccs4)C[C@@H]3C(=O)O)c2c1,COc1ccc2nccc(C(=O)Cl)c2c1,COc1ccc2nccc(C(=O)O)c2c1,100,Likely stable,,90,low
COc1ccc2nccc(C(N)CC[C@@H]3CCN(CCSc4cccs4)C[C@@H]3C(=O)O)c2c1,CC[C@@H]1CCN(CCSc2cccs2)C[C@@H]1C(=O)O,CC[C@@H]1CCNC[C@@H]1C(=O)O,95,Likely stable,,95,low
COc1ccc2nccc(C(N)CC[C@@H]3CCN(CCSc4cccs4)C[C@@H]3C(=O)O)c2c1,CC[C@@H]1CCN(CCSc2cccs2)C[C@@H]1C(=O)O,BrCCSc1cccs1,100,Likely stable,,95,low
COc1ccc2nccc(C(N)CC[C@@H]3CCN(CCSc4cccs4)C[C@@H]3C(=O)O)c2c1,CC[C@@H]1CCNC[C@@H]1C(=O)O,CC[C@@H]1CCNC[C@@H]1C#N,60,Moderately stable,Contains carbene (highly reactive intermediate),85,low
COc1ccc2nccc(C(N)CC[C@@H]3CCN(CCSc4cccs4)C[C@@H]3C(=O)O)c2c1,CC[C@@H]1CCNC[C@@H]1C#N,CC[C@@H]1CCNC[C@@H]1Br,95,Likely stable,,90,low
COc1ccc2nccc(C(N)CC[C@@H]3CCN(CCSc4cccs4)C[C@@H]3C(=O)O)c2c1,CC[C@@H]1CCNC[C@@H]1Br,CCC1CCNCC1,95,Likely stable,,90,low
COc1ccc2nccc(C(N)CC[C@@H]3CCN(CCSc4cccs4)C[C@@H]3C(=O)O)c2c1,CCC1CCNCC1,CCC1CCN(Cc2ccccc2)CC1,100,Likely stable,,0,critical
COc1ccc2nccc(C(N)CC[C@@H]3CCN(CCSc4cccs4)C[C@@H]3C(=O)O)c2c1,BrCCSc1cccs1,Sc1cccs1,100,Likely stable,,95,low
COc1ccc2nccc(C(N)CC[C@@H]3CCN(CCSc4cccs4)C[C@@H]3C(=O)O)c2c1,BrCCSc1cccs1,BrCCBr,100,Likely stable,,95,low
O=C(Nc1ccc(-c2cnc(C34CC5CC(CC(C(=O)O)(C5)C3)C4)s2)cc1)Nc1ccccc1F,O=C(Nc1ccc(-c2cnc(C34CC5CC(CC(C(=O)O)(C5)C3)C4)s2)cc1)Nc1ccccc1F,O=C=Nc1ccc(-c2cnc(C34CC5CC(CC(C(=O)O)(C5)C3)C4)s2)cc1,55,Moderately stable,Contains carbene (highly reactive intermediate),95,low
O=C(Nc1ccc(-c2cnc(C34CC5CC(CC(C(=O)O)(C5)C3)C4)s2)cc1)Nc1ccccc1F,O=C(Nc1ccc(-c2cnc(C34CC5CC(CC(C(=O)O)(C5)C3)C4)s2)cc1)Nc1ccccc1F,Nc1ccccc1F,100,Likely stable,,95,low
O=C(Nc1ccc(-c2cnc(C34CC5CC(CC(C(=O)O)(C5)C3)C4)s2)cc1)Nc1ccccc1F,O=C=Nc1ccc(-c2cnc(C34CC5CC(CC(C(=O)O)(C5)C3)C4)s2)cc1,Nc1ccc(-c2cnc(C34CC5CC(CC(C(=O)O)(C5)C3)C4)s2)cc1,90,Likely stable,,95,low
O=C(Nc1ccc(-c2cnc(C34CC5CC(CC(C(=O)O)(C5)C3)C4)s2)cc1)Nc1ccccc1F,O=C=Nc1ccc(-c2cnc(C34CC5CC(CC(C(=O)O)(C5)C3)C4)s2)cc1,O=C=O,65,Moderately stable,Contains carbene (highly reactive intermediate),95,low
O=C(Nc1ccc(-c2cnc(C34CC5CC(CC(C(=O)O)(C5)C3)C4)s2)cc1)Nc1ccccc1F,Nc1ccc(-c2cnc(C34CC5CC(CC(C(=O)O)(C5)C3)C4)s2)cc1,O=C(O)C12CC3CC(C1)CC(c1ncc(Br)s1)(C3)C2,,,,90,low
O=C(Nc1ccc(-c2cnc(C34CC5CC(CC(C(=O)O)(C5)C3)C4)s2)cc1)Nc1ccccc1F,Nc1ccc(-c2cnc(C34CC5CC(CC(C(=O)O)(C5)C3)C4)s2)cc1,Nc1ccc(B(O)O)cc1,100,Likely stable,,90,low
O=C(Nc1ccc(-c2cnc(C34CC5CC(CC(C(=O)O)(C5)C3)C4)s2)cc1)Nc1ccccc1F,O=C(O)C12CC3CC(C1)CC(c1ncc(Br)s1)(C3)C2,Clc1ncc(Br)s1,,,,95,low
O=C(Nc1ccc(-c2cnc(C34CC5CC(CC(C(=O)O)(C5)C3)C4)s2)cc1)Nc1ccccc1F,O=C(O)C12CC3CC(C1)CC(c1ncc(Br)s1)(C3)C2,O=C(O)C12CC3CC(CC(C3)C1)C2,100,Likely stable,,95,low
O=C(Nc1ccc(-c2cnc(C34CC5CC(CC(C(=O)O)(C5)C3)C4)s2)cc1)Nc1ccccc1F,O=C(O)C12CC3CC(CC(C3)C1)C2,CCOC(=O)C12CC3CC(CC(C3)C1)C2,100,Likely stable,,90,low
O=C(Nc1ccc(-c2cnc(C34CC5CC(CC(C(=O)O)(C5)C3)C4)s2)cc1)Nc1ccccc1F,Nc1ccc(B(O)O)cc1,O=[N+]([O-])c1ccc(B(O)O)cc1,100,Likely stable,,90,low
O=C(Nc1ccc(-c2cnc(C34CC5CC(CC(C(=O)O)(C5)C3)C4)s2)cc1)Nc1ccccc1F,Nc1ccccc1F,O=C(Nc1ccccc1F)C(F)(F)F,100,Likely stable,,85,low
OC[C@H]1O[C@](O)(c2ccc(Cl)c(Cc3ccc(C#Cc4cnccn4)cc3)c2)[C@H](O)[C@@H](O)[C@@H]1O,OC[C@H]1O[C@](O)(c2ccc(Cl)c(Cc3ccc(C#Cc4cnccn4)cc3)c2)[C@H](O)[C@@H](O)[C@@H]1O,OC[C@H]1O[C@](O)(c2ccc(Cl)c(Br)c2)[C@H](O)[C@@H](O)[C@@H]1O,100,Likely stable,,95,low
OC[C@H]1O[C@](O)(c2ccc(Cl)c(Cc3ccc(C#Cc4cnccn4)cc3)c2)[C@H](O)[C@@H](O)[C@@H]1O,OC[C@H]1O[C@](O)(c2ccc(Cl)c(Cc3ccc(C#Cc4cnccn4)cc3)c2)[C@H](O)[C@@H](O)[C@@H]1O,Bc1ccc(C#Cc2cnccn2)cc1,75,Moderately stable,Contains carbene (highly reactive intermediate),95,low
OC[C@H]1O[C@](O)(c2ccc(Cl)c(Cc3ccc(C#Cc4cnccn4)cc3)c2)[C@H](O)[C@@H](O)[C@@H]1O,OC[C@H]1O[C@](O)(c2ccc(Cl)c(Br)c2)[C@H](O)[C@@H](O)[C@@H]1O,CC(=O)OC[C@H]1O[C@H](OC(C)=O)[C@H](OC(C)=O)[C@@H](OC(C)=O)[C@@H]1OC(C)=O,95,Likely stable,,50,medium
OC[C@H]1O[C@](O)(c2ccc(Cl)c(Cc3ccc(C#Cc4cnccn4)cc3)c2)[C@H](O)[C@@H](O)[C@@H]1O,OC[C@H]1O[C@](O)(c2ccc(Cl)c(Br)c2)[C@H](O)[C@@H](O)[C@@H]1O,Clc1ccccc1Br,100,Likely stable,,50,medium
OC[C@H]1O[C@](O)(c2ccc(Cl)c(Cc3ccc(C#Cc4cnccn4)cc3)c2)[C@H](O)[C@@H](O)[C@@H]1O,CC(=O)OC[C@H]1O[C@H](OC(C)=O)[C@H](OC(C)=O)[C@@H](OC(C)=O)[C@@H]1OC(C)=O,CCOC(C)=O,100,Likely stable,,90,low
OC[C@H]1O[C@](O)(c2ccc(Cl)c(Cc3ccc(C#Cc4cnccn4)cc3)c2)[C@H](O)[C@@H](O)[C@@H]1O,CC(=O)OC[C@H]1O[C@H](OC(C)=O)[C@H](OC(C)=O)[C@@H](OC(C)=O)[C@@H]1OC(C)=O,CC(=O)OC[C@H]1O[C@H](OC(C)=O)[C@H](O)[C@@H](OC(C)=O)[C@@H]1OC(C)=O,95,Likely stable,,90,low
OC[C@H]1O[C@](O)(c2ccc(Cl)c(Cc3ccc(C#Cc4cnccn4)cc3)c2)[C@H](O)[C@@H](O)[C@@H]1O,CC(=O)OC[C@H]1O[C@H](OC(C)=O)[C@H](O)[C@@H](OC(C)=O)[C@@H]1OC(C)=O,CC(=O)OC(C)=O,100,Likely stable,,90,low
OC[C@H]1O[C@](O)(c2ccc(Cl)c(Cc3ccc(C#Cc4cnccn4)cc3)c2)[C@H](O)[C@@H](O)[C@@H]1O,CC(=O)OC[C@H]1O[C@H](OC(C)=O)[C@H](O)[C@@H](OC(C)=O)[C@@H]1OC(C)=O,CC(=O)OC[C@H]1O[C@H](OC(C)=O)[C@H](O)[C@@H](O)[C@@H]1OC(C)=O,95,Likely stable,,90,low
OC[C@H]1O[C@](O)(c2ccc(Cl)c(Cc3ccc(C#Cc4cnccn4)cc3)c2)[C@H](O)[C@@H](O)[C@@H]1O,CC(=O)OC[C@H]1O[C@H](OC(C)=O)[C@H](O)[C@@H](O)[C@@H]1OC(C)=O,CC(=O)OC(C)=O,100,Likely stable,,90,low
OC[C@H]1O[C@](O)(c2ccc(Cl)c(Cc3ccc(C#Cc4cnccn4)cc3)c2)[C@H](O)[C@@H](O)[C@@H]1O,CC(=O)OC[C@H]1O[C@H](OC(C)=O)[C@H](O)[C@@H](O)[C@@H]1OC(C)=O,CC(=O)OC[C@H]1O[C@H](O)[C@H](O)[C@@H](O)[C@@H]1OC(C)=O,95,Likely stable,,90,low
OC[C@H]1O[C@](O)(c2ccc(Cl)c(Cc3ccc(C#Cc4cnccn4)cc3)c2)[C@H](O)[C@@H](O)[C@@H]1O,CC(=O)OC[C@H]1O[C@H](O)[C@H](O)[C@@H](O)[C@@H]1OC(C)=O,CC(=O)OC(C)=O,100,Likely stable,,90,low
OC[C@H]1O[C@](O)(c2ccc(Cl)c(Cc3ccc(C#Cc4cnccn4)cc3)c2)[C@H](O)[C@@H](O)[C@@H]1O,CC(=O)OC[C@H]1O[C@H](O)[C@H](O)[C@@H](O)[C@@H]1OC(C)=O,CC(=O)OC[C@H]1O[C@H](O)[C@H](O)[C@@H](O)[C@@H]1O,95,Likely stable,,90,low
OC[C@H]1O[C@](O)(c2ccc(Cl)c(Cc3ccc(C#Cc4cnccn4)cc3)c2)[C@H](O)[C@@H](O)[C@@H]1O,CC(=O)OC[C@H]1O[C@H](O)[C@H](O)[C@@H](O)[C@@H]1O,C=COC(C)=O,100,Likely stable,,90,low
OC[C@H]1O[C@](O)(c2ccc(Cl)c(Cc3ccc(C#Cc4cnccn4)cc3)c2)[C@H](O)[C@@H](O)[C@@H]1O,CC(=O)OC[C@H]1O[C@H](O)[C@H](O)[C@@H](O)[C@@H]1O,OC[C@H]1O[C@H](O)[C@H](O)[C@@H](O)[C@@H]1O,95,Likely stable,,90,low
OC[C@H]1O[C@](O)(c2ccc(Cl)c(Cc3ccc(C#Cc4cnccn4)cc3)c2)[C@H](O)[C@@H](O)[C@@H]1O,Clc1ccccc1Br,Nc1ccccc1Cl,100,Likely stable,,95,low
OC[C@H]1O[C@](O)(c2ccc(Cl)c(Cc3ccc(C#Cc4cnccn4)cc3)c2)[C@H](O)[C@@H](O)[C@@H]1O,Nc1ccccc1Cl,Nc1c(Cl)cccc1Cl,100,Likely stable,,35,high
OC[C@H]1O[C@](O)(c2ccc(Cl)c(Cc3ccc(C#Cc4cnccn4)cc3)c2)[C@H](O)[C@@H](O)[C@@H]1O,Bc1ccc(C#Cc2cnccn2)cc1,Bc1ccc(Br)cc1,100,Likely stable,,95,low
OC[C@H]1O[C@](O)(c2ccc(Cl)c(Cc3ccc(C#Cc4cnccn4)cc3)c2)[C@H](O)[C@@H](O)[C@@H]1O,Bc1ccc(C#Cc2cnccn2)cc1,C#Cc1cnccn1,70,Moderately stable,Contains carbene (highly reactive intermediate),95,low
OC[C@H]1O[C@](O)(c2ccc(Cl)c(Cc3ccc(C#Cc4cnccn4)cc3)c2)[C@H](O)[C@@H](O)[C@@H]1O,Bc1ccc(Br)cc1,Nc1ccc(Br)cc1,100,Likely stable,,95,low
OC[C@H]1O[C@](O)(c2ccc(Cl)c(Cc3ccc(C#Cc4cnccn4)cc3)c2)[C@H](O)[C@@H](O)[C@@H]1O,Nc1ccc(Br)cc1,O=[N+]([O-])c1ccc(Br)cc1,100,Likely stable,,90,low
OC[C@H]1O[C@](O)(c2ccc(Cl)c(Cc3ccc(C#Cc4cnccn4)cc3)c2)[C@H](O)[C@@H](O)[C@@H]1O,C#Cc1cnccn1,C[Si](C)(C)C#Cc1cnccn1,70,Moderately stable,Contains carbene (highly reactive intermediate),85,low
Nc1ncnc2c1c(-c1ccc3ccc(-c4ccccc4)nc3c1)cn2C1CCC1,Nc1ncnc2c1c(-c1ccc3ccc(-c4ccccc4)nc3c1)cn2C1CCC1,Nc1ncnc2c1c(Br)cn2C1CCC1,100,Likely stable,,90,low
Nc1ncnc2c1c(-c1ccc3ccc(-c4ccccc4)nc3c1)cn2C1CCC1,Nc1ncnc2c1c(-c1ccc3ccc(-c4ccccc4)nc3c1)cn2C1CCC1,OB(O)c1ccc2ccc(-c3ccccc3)nc2c1,100,Likely stable,,90,low
Nc1ncnc2c1c(-c1ccc3ccc(-c4ccccc4)nc3c1)cn2C1CCC1,Nc1ncnc2c1c(Br)cn2C1CCC1,BrC1CCC1,100,Likely stable,,95,low
Nc1ncnc2c1c(-c1ccc3ccc(-c4ccccc4)nc3c1)cn2C1CCC1,Nc1ncnc2c1c(Br)cn2C1CCC1,Nc1ncnc2[nH]cc(Br)c12,100,Likely stable,,95,low
Nc1ncnc2c1c(-c1ccc3ccc(-c4ccccc4)nc3c1)cn2C1CCC1,OB(O)c1ccc2ccc(-c3ccccc3)nc2c1,OB(O)c1ccc2cc(Br)c(-c3ccccc3)nc2c1,100,Likely stable,,35,high
Nc1ncnc2c1c(-c1ccc3ccc(-c4ccccc4)nc3c1)cn2C1CCC1,OB(O)c1ccc2cc(Br)c(-c3ccccc3)nc2c1,Nc1cc(B(O)O)ccc1C=O,100,Likely stable,,0,critical
Nc1ncnc2c1c(-c1ccc3ccc(-c4ccccc4)nc3c1)cn2C1CCC1,OB(O)c1ccc2cc(Br)c(-c3ccccc3)nc2c1,O=C(CBr)c1ccccc1,100,Likely stable,,0,critical
Nc1ncnc2c1c(-c1ccc3ccc(-c4ccccc4)nc3c1)cn2C1CCC1,Nc1cc(B(O)O)ccc1C=O,O=Cc1ccc(B(O)O)cc1[N+](=O)[O-],100,Likely stable,,90,low
Nc1ncnc2c1c(-c1ccc3ccc(-c4ccccc4)nc3c1)cn2C1CCC1,O=Cc1ccc(B(O)O)cc1[N+](=O)[O-],O=[N+]([O-])c1cc(B(O)O)ccc1CO,100,Likely stable,,100,low
Nc1ncnc2c1c(-c1ccc3ccc(-c4ccccc4)nc3c1)cn2C1CCC1,O=[N+]([O-])c1cc(B(O)O)ccc1CO,O=C(O)c1ccc(B(O)O)cc1[N+](=O)[O-],100,Likely stable,,95,low
CCCC[C@@H](C(=O)N1CCC[C@H]1C(=O)O)[C@@H](F)C(=O)OC,CCCC[C@@H](C(=O)N1CCC[C@H]1C(=O)O)[C@@H](F)C(=O)OC,CCCC[C@@H](N)[C@@H](F)C(=O)OC,100,Likely stable,,85,low
CCCC[C@@H](C(=O)N1CCC[C@H]1C(=O)O)[C@@H](F)C(=O)OC,CCCC[C@@H](C(=O)N1CCC[C@H]1C(=O)O)[C@@H](F)C(=O)OC,O=C(O)[C@@H]1CCCN1,95,Likely stable,,85,low
CCCC[C@@H](C(=O)N1CCC[C@H]1C(=O)O)[C@@H](F)C(=O)OC,CCCC[C@@H](N)[C@@H](F)C(=O)OC,CCCC[C@@H](N)[C@@H](F)C(=O)O,100,Likely stable,,90,low
CCCC[C@@H](C(=O)N1CCC[C@H]1C(=O)O)[C@@H](F)C(=O)OC,CCCC[C@@H](N)[C@@H](F)C(=O)O,CCCC[C@@H](N)CC(=O)O,100,Likely stable,,90,low
CCCC[C@@H](C(=O)N1CCC[C@H]1C(=O)O)[C@@H](F)C(=O)OC,CCCC[C@@H](N)CC(=O)O,CCCC[C@@H](N)CC(=O)OCC,100,Likely stable,,90,low
CCCC[C@@H](C(=O)N1CCC[C@H]1C(=O)O)[C@@H](F)C(=O)OC,O=C(O)[C@@H]1CCCN1,O=C(OCc1ccccc1)[C@@H]1CCCN1,100,Likely stable,,0,critical
NC1=Nc2ccc(F)cc2C2CCCC12,NC1=Nc2ccc(F)cc2C2CCCC12,O=C1c2ccc(F)cc2C2CCCC12,100,Likely stable,,40,medium
NC1=Nc2ccc(F)cc2C2CCCC12,NC1=Nc2ccc(F)cc2C2CCCC12,N,100,Likely stable,,40,medium
NC1=Nc2ccc(F)cc2C2CCCC12,O=C1c2ccc(F)cc2C2CCCC12,O=C(C1=CCCC1)c1ccc(F)cc1,100,Likely stable,,45,medium
NC1=Nc2ccc(F)cc2C2CCCC12,O=C(C1=CCCC1)c1ccc(F)cc1,CCOCC,100,Likely stable,,80,low
NC1=Nc2ccc(F)cc2C2CCCC12,O=C(C1=CCCC1)c1ccc(F)cc1,N#CC1=CCCC1,65,Moderately stable,Contains carbene (highly reactive intermediate),80,low
NC1=Nc2ccc(F)cc2C2CCCC12,O=C(C1=CCCC1)c1ccc(F)cc1,Fc1ccc(Br)cc1,100,Likely stable,,80,low
CC1(C)OCC(C)(CO[Si](C)(C)C(C)(C)C)N(Cc2ccccc2)C1=O,CC1(C)OCC(C)(CO[Si](C)(C)C(C)(C)C)N(Cc2ccccc2)C1=O,CC1(CO[Si](C)(C)C(C)(C)C)COC(C)(C)C(=O)N1,,,,95,low
CC1(C)OCC(C)(CO[Si](C)(C)C(C)(C)C)N(Cc2ccccc2)C1=O,CC1(C)OCC(C)(CO[Si](C)(C)C(C)(C)C)N(Cc2ccccc2)C1=O,BrCc1ccccc1,100,Likely stable,,95,low
CC1(C)OCC(C)(CO[Si](C)(C)C(C)(C)C)N(Cc2ccccc2)C1=O,CC1(CO[Si](C)(C)C(C)(C)C)COC(C)(C)C(=O)N1,CC1(CO)COC(C)(C)C(=O)N1,,,,95,low
CC1(C)OCC(C)(CO[Si](C)(C)C(C)(C)C)N(Cc2ccccc2)C1=O,CC1(CO[Si](C)(C)C(C)(C)C)COC(C)(C)C(=O)N1,CC(C)(C)[Si](C)(C)Cl,,,,95,low
CC1(C)OCC(C)(CO[Si](C)(C)C(C)(C)C)N(Cc2ccccc2)C1=O,CC1(CO)COC(C)(C)C(=O)N1,CC(C)(O)CNC(C)(C)CO,100,Likely stable,,70,medium
CC1(C)OCC(C)(CO[Si](C)(C)C(C)(C)C)N(Cc2ccccc2)C1=O,CC1(CO)COC(C)(C)C(=O)N1,O=C=O,65,Moderately stable,Contains carbene (highly reactive intermediate),70,medium
CC1(C)OCC(C)(CO[Si](C)(C)C(C)(C)C)N(Cc2ccccc2)C1=O,CC(C)(O)CNC(C)(C)CO,CC1(C)CO1,80,Likely stable,Three-membered heterocycle (potentially unstable),75,medium
CC1(C)OCC(C)(CO[Si](C)(C)C(C)(C)C)N(Cc2ccccc2)C1=O,CC(C)(O)CNC(C)(C)CO,CC(C)(N)CO,100,Likely stable,,75,medium
CC1(C)OCC(C)(CO[Si](C)(C)C(C)(C)C)N(Cc2ccccc2)C1=O,CC(C)(C)[Si](C)(C)Cl,C[SiH](C)C(C)(C)C,,,,90,low
CC1(C)OCC(C)(CO[Si](C)(C)C(C)(C)C)N(Cc2ccccc2)C1=O,C[SiH](C)C(C)(C)C,C[SiH2]C,,,,95,low
CC1(C)OCC(C)(CO[Si](C)(C)C(C)(C)C)N(Cc2ccccc2)C1=O,C[SiH](C)C(C)(C)C,C=C(C)C,100,Likely stable,,95,low
CC1(C)OCC(C)(CO[Si](C)(C)C(C)(C)C)N(Cc2ccccc2)C1=O,BrCc1ccccc1,Cc1ccccc1,100,Likely stable,,55,medium
CC1(C)OCC(C)(CO[Si](C)(C)C(C)(C)C)N(Cc2ccccc2)C1=O,BrCc1ccccc1,O=C1CCC(=O)N1Br,95,Likely stable,,55,medium
CCc1[nH]c(C(=O)N[C@H]2CCN(c3nc(C(=O)O)c(C)s3)C[C@H]2OC)nc1C(F)(F)F,CCc1[nH]c(C(=O)N[C@H]2CCN(c3nc(C(=O)O)c(C)s3)C[C@H]2OC)nc1C(F)(F)F,CCc1[nH]c(C(=O)O)nc1C(F)(F)F,100,Likely stable,,95,low
CCc1[nH]c(C(=O)N[C@H]2CCN(c3nc(C(=O)O)c(C)s3)C[C@H]2OC)nc1C(F)(F)F,CCc1[nH]c(C(=O)N[C@H]2CCN(c3nc(C(=O)O)c(C)s3)C[C@H]2OC)nc1C(F)(F)F,CO[C@@H]1CN(c2nc(C(=O)O)c(C)s2)CC[C@@H]1N,100,Likely stable,,95,low
CCc1[nH]c(C(=O)N[C@H]2CCN(c3nc(C(=O)O)c(C)s3)C[C@H]2OC)nc1C(F)(F)F,CCc1[nH]c(C(=O)O)nc1C(F)(F)F,CCc1[nH]c(Br)nc1C(F)(F)F,100,Likely stable,,80,low
CCc1[nH]c(C(=O)N[C@H]2CCN(c3nc(C(=O)O)c(C)s3)C[C@H]2OC)nc1C(F)(F)F,CCc1[nH]c(Br)nc1C(F)(F)F,CCc1[nH]cnc1C(F)(F)F,100,Likely stable,,90,low
CCc1[nH]c(C(=O)N[C@H]2CCN(c3nc(C(=O)O)c(C)s3)C[C@H]2OC)nc1C(F)(F)F,CCc1[nH]cnc1C(F)(F)F,C#Cc1[nH]cnc1C(F)(F)F,70,Moderately stable,Contains carbene (highly reactive intermediate),100,low
CCc1[nH]c(C(=O)N[C@H]2CCN(c3nc(C(=O)O)c(C)s3)C[C@H]2OC)nc1C(F)(F)F,C#Cc1[nH]cnc1C(F)(F)F,CC(C)(O)C#Cc1[nH]cnc1C(F)(F)F,70,Moderately stable,Contains carbene (highly reactive intermediate),85,low
CCc1[nH]c(C(=O)N[C@H]2CCN(c3nc(C(=O)O)c(C)s3)C[C@H]2OC)nc1C(F)(F)F,CC(C)(O)C#Cc1[nH]cnc1C(F)(F)F,CC(C)(O)C#Cc1c(C(F)(F)F)ncn1COCC[Si](C)(C)C,70,Moderately stable,Contains carbene (highly reactive intermediate),70,medium
CCc1[nH]c(C(=O)N[C@H]2CCN(c3nc(C(=O)O)c(C)s3)C[C@H]2OC)nc1C(F)(F)F,CC(C)(O)C#Cc1c(C(F)(F)F)ncn1COCC[Si](C)(C)C,C#CC(C)(C)O,65,Moderately stable,Contains carbene (highly reactive intermediate),95,low
CCc1[nH]c(C(=O)N[C@H]2CCN(c3nc(C(=O)O)c(C)s3)C[C@H]2OC)nc1C(F)(F)F,CC(C)(O)C#Cc1c(C(F)(F)F)ncn1COCC[Si](C)(C)C,C[Si](C)(C)CCOCn1cnc(C(F)(F)F)c1Br,100,Likely stable,,95,low
CCc1[nH]c(C(=O)N[C@H]2CCN(c3nc(C(=O)O)c(C)s3)C[C@H]2OC)nc1C(F)(F)F,C[Si](C)(C)CCOCn1cnc(C(F)(F)F)c1Br,C[Si](C)(C)CCOCCl,100,Likely stable,,95,low
CCc1[nH]c(C(=O)N[C@H]2CCN(c3nc(C(=O)O)c(C)s3)C[C@H]2OC)nc1C(F)(F)F,C[Si](C)(C)CCOCn1cnc(C(F)(F)F)c1Br,FC(F)(F)c1nc[nH]c1Br,100,Likely stable,,95,low
CCc1[nH]c(C(=O)N[C@H]2CCN(c3nc(C(=O)O)c(C)s3)C[C@H]2OC)nc1C(F)(F)F,CO[C@@H]1CN(c2nc(C(=O)O)c(C)s2)CC[C@@H]1N,CO[C@@H]1CNCC[C@@H]1N,95,Likely stable,,95,low
CCc1[nH]c(C(=O)N[C@H]2CCN(c3nc(C(=O)O)c(C)s3)C[C@H]2OC)nc1C(F)(F)F,CO[C@@H]1CN(c2nc(C(=O)O)c(C)s2)CC[C@@H]1N,Cc1sc(Cl)nc1C(=O)O,100,Likely stable,,95,low
Cn1oc(=O)nc1/C(=N\OCc1cccc(NC(=O)OCCc2ccccc2)n1)c1ccccc1,Cn1oc(=O)nc1/C(=N\OCc1cccc(NC(=O)OCCc2ccccc2)n1)c1ccccc1,Cn1oc(=O)nc1/C(=N\OCc1cccc(N)n1)c1ccccc1,100,Likely stable,,95,low
Cn1oc(=O)nc1/C(=N\OCc1cccc(NC(=O)OCCc2ccccc2)n1)c1ccccc1,Cn1oc(=O)nc1/C(=N\OCc1cccc(NC(=O)OCCc2ccccc2)n1)c1ccccc1,O=C(Cl)OCCc1ccccc1,100,Likely stable,,95,low
Cn1oc(=O)nc1/C(=N\OCc1cccc(NC(=O)OCCc2ccccc2)n1)c1ccccc1,Cn1oc(=O)nc1/C(=N\OCc1cccc(N)n1)c1ccccc1,Cn1oc(=O)nc1C(=O)c1ccccc1,100,Likely stable,,95,low
Cn1oc(=O)nc1/C(=N\OCc1cccc(NC(=O)OCCc2ccccc2)n1)c1ccccc1,Cn1oc(=O)nc1/C(=N\OCc1cccc(N)n1)c1ccccc1,NOCc1cccc(N)n1,100,Likely stable,,95,low
Cn1oc(=O)nc1/C(=N\OCc1cccc(NC(=O)OCCc2ccccc2)n1)c1ccccc1,Cn1oc(=O)nc1C(=O)c1ccccc1,Cn1cnc(=O)o1,,,,95,low
Cn1oc(=O)nc1/C(=N\OCc1cccc(NC(=O)OCCc2ccccc2)n1)c1ccccc1,Cn1oc(=O)nc1C(=O)c1ccccc1,O=C(Cl)c1ccccc1,100,Likely stable,,95,low
Cn1oc(=O)nc1/C(=N\OCc1cccc(NC(=O)OCCc2ccccc2)n1)c1ccccc1,O=C(Cl)c1ccccc1,O=S(Cl)Cl,100,Likely stable,,90,low
Cn1oc(=O)nc1/C(=N\OCc1cccc(NC(=O)OCCc2ccccc2)n1)c1ccccc1,O=C(Cl)c1ccccc1,O=C(O)c1ccccc1,100,Likely stable,,90,low
Cn1oc(=O)nc1/C(=N\OCc1cccc(NC(=O)OCCc2ccccc2)n1)c1ccccc1,NOCc1cccc(N)n1,Nc1cccc(CON2C(=O)c3ccccc3C2=O)n1,100,Likely stable,,0,critical
Cn1oc(=O)nc1/C(=N\OCc1cccc(NC(=O)OCCc2ccccc2)n1)c1ccccc1,Nc1cccc(CON2C(=O)c3ccccc3C2=O)n1,Nc1cccc(CO)n1,100,Likely stable,,95,low
Cn1oc(=O)nc1/C(=N\OCc1cccc(NC(=O)OCCc2ccccc2)n1)c1ccccc1,Nc1cccc(CON2C(=O)c3ccccc3C2=O)n1,O=C1c2ccccc2C(=O)N1O,100,Likely stable,,95,low
Cn1oc(=O)nc1/C(=N\OCc1cccc(NC(=O)OCCc2ccccc2)n1)c1ccccc1,O=C(Cl)OCCc1ccccc1,O=C(Cl)Cl,100,Likely stable,,95,low
Cn1oc(=O)nc1/C(=N\OCc1cccc(NC(=O)OCCc2ccccc2)n1)c1ccccc1,O=C(Cl)OCCc1ccccc1,OCCc1ccccc1,100,Likely stable,,95,low
CCCC[Sn](/C=C/C1(O)C(C)=CC2(CC1(C)C(F)(F)F)OC(C)C(C)O2)(CCCC)CCCC,CCCC[Sn](/C=C/C1(O)C(C)=CC2(CC1(C)C(F)(F)F)OC(C)C(C)O2)(CCCC)CCCC,C#CC1(O)C(C)=CC2(CC1(C)C(F)(F)F)OC(C)C(C)O2,60,Moderately stable,Contains carbene (highly reactive intermediate),95,low
CCCC[Sn](/C=C/C1(O)C(C)=CC2(CC1(C)C(F)(F)F)OC(C)C(C)O2)(CCCC)CCCC,CCCC[Sn](/C=C/C1(O)C(C)=CC2(CC1(C)C(F)(F)F)OC(C)C(C)O2)(CCCC)CCCC,CCCC[Sn](CCCC)CCCC,100,Likely stable,,95,low
CCCC[Sn](/C=C/C1(O)C(C)=CC2(CC1(C)C(F)(F)F)OC(C)C(C)O2)(CCCC)CCCC,C#CC1(O)C(C)=CC2(CC1(C)C(F)(F)F)OC(C)C(C)O2,C#CC1(O)C(C)=CC(=O)CC1(C)C(F)(F)F,65,Moderately stable,Contains carbene (highly reactive intermediate),65,medium
CCCC[Sn](/C=C/C1(O)C(C)=CC2(CC1(C)C(F)(F)F)OC(C)C(C)O2)(CCCC)CCCC,C#CC1(O)C(C)=CC2(CC1(C)C(F)(F)F)OC(C)C(C)O2,CC(O)C(C)O,100,Likely stable,,65,medium
CCCC[Sn](/C=C/C1(O)C(C)=CC2(CC1(C)C(F)(F)F)OC(C)C(C)O2)(CCCC)CCCC,C#CC1(O)C(C)=CC(=O)CC1(C)C(F)(F)F,CC1=CC(=O)CC(C)(C(F)(F)F)C1=O,100,Likely stable,,95,low
CCCC[Sn](/C=C/C1(O)C(C)=CC2(CC1(C)C(F)(F)F)OC(C)C(C)O2)(CCCC)CCCC,C#CC1(O)C(C)=CC(=O)CC1(C)C(F)(F)F,C#C,100,Likely stable,,95,low
CCCC[Sn](/C=C/C1(O)C(C)=CC2(CC1(C)C(F)(F)F)OC(C)C(C)O2)(CCCC)CCCC,CC1=CC(=O)CC(C)(C(F)(F)F)C1=O,CC1=CC(=O)CCC1,100,Likely stable,,95,low
CCCC[Sn](/C=C/C1(O)C(C)=CC2(CC1(C)C(F)(F)F)OC(C)C(C)O2)(CCCC)CCCC,CC1=CC(=O)CC(C)(C(F)(F)F)C1=O,CC(=O)C(F)(F)F,100,Likely stable,,95,low
CCCC[Sn](/C=C/C1(O)C(C)=CC2(CC1(C)C(F)(F)F)OC(C)C(C)O2)(CCCC)CCCC,CC1=CC(=O)CCC1,CC(=O)O,100,Likely stable,,90,low
CCCC[Sn](/C=C/C1(O)C(C)=CC2(CC1(C)C(F)(F)F)OC(C)C(C)O2)(CCCC)CCCC,CC1=CC(=O)CCC1,CC1=CCCCC1,100,Likely stable,,90,low
CCCC[Sn](/C=C/C1(O)C(C)=CC2(CC1(C)C(F)(F)F)OC(C)C(C)O2)(CCCC)CCCC,CCCC[Sn](CCCC)CCCC,Cl[Sn](Cl)(Cl)Cl,100,Likely stable,,45,medium
CCCC[Sn](/C=C/C1(O)C(C)=CC2(CC1(C)C(F)(F)F)OC(C)C(C)O2)(CCCC)CCCC,CCCC[Sn](CCCC)CCCC,CCCC[Mg]Br,100,Likely stable,,45,medium
COCCCc1cc(CN(C(=O)[C@H]2CN(C(=O)OC(C)(C)C)CC[C@@H]2c2ccc(OCCOc3c(Cl)cc(C)cc3Cl)cc2)C2CC2)cc(OCc2ccc(-c3nnn[nH]3)cc2)c1,COCCCc1cc(CN(C(=O)[C@H]2CN(C(=O)OC(C)(C)C)CC[C@@H]2c2ccc(OCCOc3c(Cl)cc(C)cc3Cl)cc2)C2CC2)cc(OCc2ccc(-c3nnn[nH]3)cc2)c1,Cc1cc(Cl)c(OCCOc2ccc([C@H](C(=O)O)[C@H]3CCN(C(=O)OC(C)(C)C)C3)cc2)c(Cl)c1,,,,45,medium
COCCCc1cc(CN(C(=O)[C@H]2CN(C(=O)OC(C)(C)C)CC[C@@H]2c2ccc(OCCOc3c(Cl)cc(C)cc3Cl)cc2)C2CC2)cc(OCc2ccc(-c3nnn[nH]3)cc2)c1,COCCCc1cc(CN(C(=O)[C@H]2CN(C(=O)OC(C)(C)C)CC[C@@H]2c2ccc(OCCOc3c(Cl)cc(C)cc3Cl)cc2)C2CC2)cc(OCc2ccc(-c3nnn[nH]3)cc2)c1,COCCCc1cc(CN)c(C2CC2)c(OCc2ccc(-c3nnn[nH]3)cc2)c1,,,,45,medium
COCCCc1cc(CN(C(=O)[C@H]2CN(C(=O)OC(C)(C)C)CC[C@@H]2c2ccc(OCCOc3c(Cl)cc(C)cc3Cl)cc2)C2CC2)cc(OCc2ccc(-c3nnn[nH]3)cc2)c1,Cc1cc(Cl)c(OCCOc2ccc([C@H](C(=O)O)[C@H]3CCN(C(=O)OC(C)(C)C)C3)cc2)c(Cl)c1,Cc1cc(Cl)c(OCCOc2ccc([C@H](C(=O)O)[C@H]3CCNC3)cc2)c(Cl)c1,,,,75,medium
COCCCc1cc(CN(C(=O)[C@H]2CN(C(=O)OC(C)(C)C)CC[C@@H]2c2ccc(OCCOc3c(Cl)cc(C)cc3Cl)cc2)C2CC2)cc(OCc2ccc(-c3nnn[nH]3)cc2)c1,Cc1cc(Cl)c(OCCOc2ccc([C@H](C(=O)O)[C@H]3CCN(C(=O)OC(C)(C)C)C3)cc2)c(Cl)c1,CC(C)(C)OC(=O)OC(=O)OC(C)(C)C,100,Likely stable,,75,medium
COCCCc1cc(CN(C(=O)[C@H]2CN(C(=O)OC(C)(C)C)CC[C@@H]2c2ccc(OCCOc3c(Cl)cc(C)cc3Cl)cc2)C2CC2)cc(OCc2ccc(-c3nnn[nH]3)cc2)c1,Cc1cc(Cl)c(OCCOc2ccc([C@H](C(=O)O)[C@H]3CCNC3)cc2)c(Cl)c1,O=C(O)[C@@H](c1ccc(O)cc1)[C@H]1CCNC1,,,,90,low
COCCCc1cc(CN(C(=O)[C@H]2CN(C(=O)OC(C)(C)C)CC[C@@H]2c2ccc(OCCOc3c(Cl)cc(C)cc3Cl)cc2)C2CC2)cc(OCc2ccc(-c3nnn[nH]3)cc2)c1,Cc1cc(Cl)c(OCCOc2ccc([C@H](C(=O)O)[C@H]3CCNC3)cc2)c(Cl)c1,ClCCCl,100,Likely stable,,90,low
COCCCc1cc(CN(C(=O)[C@H]2CN(C(=O)OC(C)(C)C)CC[C@@H]2c2ccc(OCCOc3c(Cl)cc(C)cc3Cl)cc2)C2CC2)cc(OCc2ccc(-c3nnn[nH]3)cc2)c1,Cc1cc(Cl)c(OCCOc2ccc([C@H](C(=O)O)[C@H]3CCNC3)cc2)c(Cl)c1,Cc1cc(Cl)c(O)c(Cl)c1,100,Likely stable,,90,low
COCCCc1cc(CN(C(=O)[C@H]2CN(C(=O)OC(C)(C)C)CC[C@@H]2c2ccc(OCCOc3c(Cl)cc(C)cc3Cl)cc2)C2CC2)cc(OCc2ccc(-c3nnn[nH]3)cc2)c1,O=C(O)[C@@H](c1ccc(O)cc1)[C@H]1CCNC1,C1CCNC1,,,,95,low
COCCCc1cc(CN(C(=O)[C@H]2CN(C(=O)OC(C)(C)C)CC[C@@H]2c2ccc(OCCOc3c(Cl)cc(C)cc3Cl)cc2)C2CC2)cc(OCc2ccc(-c3nnn[nH]3)cc2)c1,O=C(O)[C@@H](c1ccc(O)cc1)[C@H]1CCNC1,O=C(O)C(Br)c1ccc(O)cc1,100,Likely stable,,95,low
COCCCc1cc(CN(C(=O)[C@H]2CN(C(=O)OC(C)(C)C)CC[C@@H]2c2ccc(OCCOc3c(Cl)cc(C)cc3Cl)cc2)C2CC2)cc(OCc2ccc(-c3nnn[nH]3)cc2)c1,O=C(O)C(Br)c1ccc(O)cc1,O=C(O)Cc1ccc(O)cc1,100,Likely stable,,55,medium
COCCCc1cc(CN(C(=O)[C@H]2CN(C(=O)OC(C)(C)C)CC[C@@H]2c2ccc(OCCOc3c(Cl)cc(C)cc3Cl)cc2)C2CC2)cc(OCc2ccc(-c3nnn[nH]3)cc2)c1,O=C(O)C(Br)c1ccc(O)cc1,O=C1CCC(=O)N1Br,95,Likely stable,,55,medium
COCCCc1cc(CN(C(=O)[C@H]2CN(C(=O)OC(C)(C)C)CC[C@@H]2c2ccc(OCCOc3c(Cl)cc(C)cc3Cl)cc2)C2CC2)cc(OCc2ccc(-c3nnn[nH]3)cc2)c1,Cc1cc(Cl)c(O)c(Cl)c1,O=C1CCC(=O)N1Cl,95,Likely stable,,55,medium
COCCCc1cc(CN(C(=O)[C@H]2CN(C(=O)OC(C)(C)C)CC[C@@H]2c2ccc(OCCOc3c(Cl)cc(C)cc3Cl)cc2)C2CC2)cc(OCc2ccc(-c3nnn[nH]3)cc2)c1,Cc1cc(Cl)c(O)c(Cl)c1,Cc1ccc(O)c(Cl)c1,100,Likely stable,,55,medium
COCCCc1cc(CN(C(=O)[C@H]2CN(C(=O)OC(C)(C)C)CC[C@@H]2c2ccc(OCCOc3c(Cl)cc(C)cc3Cl)cc2)C2CC2)cc(OCc2ccc(-c3nnn[nH]3)cc2)c1,CC(C)(C)OC(=O)OC(=O)OC(C)(C)C,C=C(C)C,100,Likely stable,,95,low
COCCCc1cc(CN(C(=O)[C@H]2CN(C(=O)OC(C)(C)C)CC[C@@H]2c2ccc(OCCOc3c(Cl)cc(C)cc3Cl)cc2)C2CC2)cc(OCc2ccc(-c3nnn[nH]3)cc2)c1,CC(C)(C)OC(=O)OC(=O)OC(C)(C)C,CC(C)(C)OC(=O)OC(=O)O,100,Likely stable,,95,low
COCCCc1cc(CN(C(=O)[C@H]2CN(C(=O)OC(C)(C)C)CC[C@@H]2c2ccc(OCCOc3c(Cl)cc(C)cc3Cl)cc2)C2CC2)cc(OCc2ccc(-c3nnn[nH]3)cc2)c1,CC(C)(C)OC(=O)OC(=O)O,C=C(C)C,100,Likely stable,,95,low
COCCCc1cc(CN(C(=O)[C@H]2CN(C(=O)OC(C)(C)C)CC[C@@H]2c2ccc(OCCOc3c(Cl)cc(C)cc3Cl)cc2)C2CC2)cc(OCc2ccc(-c3nnn[nH]3)cc2)c1,CC(C)(C)OC(=O)OC(=O)O,O=C(O)OC(=O)O,100,Likely stable,,95,low
COCCCc1cc(CN(C(=O)[C@H]2CN(C(=O)OC(C)(C)C)CC[C@@H]2c2ccc(OCCOc3c(Cl)cc(C)cc3Cl)cc2)C2CC2)cc(OCc2ccc(-c3nnn[nH]3)cc2)c1,COCCCc1cc(CN)c(C2CC2)c(OCc2ccc(-c3nnn[nH]3)cc2)c1,COCCCc1cc(O)c(C2CC2)c(CN)c1,,,,95,low
COCCCc1cc(CN(C(=O)[C@H]2CN(C(=O)OC(C)(C)C)CC[C@@H]2c2ccc(OCCOc3c(Cl)cc(C)cc3Cl)cc2)C2CC2)cc(OCc2ccc(-c3nnn[nH]3)cc2)c1,COCCCc1cc(CN)c(C2CC2)c(OCc2ccc(-c3nnn[nH]3)cc2)c1,BrCc1ccc(-c2nnn[nH]2)cc1,100,Likely stable,,95,low
COCCCc1cc(CN(C(=O)[C@H]2CN(C(=O)OC(C)(C)C)CC[C@@H]2c2ccc(OCCOc3c(Cl)cc(C)cc3Cl)cc2)C2CC2)cc(OCc2ccc(-c3nnn[nH]3)cc2)c1,COCCCc1cc(O)c(C2CC2)c(CN)c1,COCCCc1cc(O)c(C2CC2)c(C=O)c1,,,,95,low
COCCCc1cc(CN(C(=O)[C@H]2CN(C(=O)OC(C)(C)C)CC[C@@H]2c2ccc(OCCOc3c(Cl)cc(C)cc3Cl)cc2)C2CC2)cc(OCc2ccc(-c3nnn[nH]3)cc2)c1,COCCCc1cc(O)c(C2CC2)c(C=O)c1,COCCCc1cc(O)c(C2CC2)c(CO)c1,,,,100,low
COCCCc1cc(CN(C(=O)[C@H]2CN(C(=O)OC(C)(C)C)CC[C@@H]2c2ccc(OCCOc3c(Cl)cc(C)cc3Cl)cc2)C2CC2)cc(OCc2ccc(-c3nnn[nH]3)cc2)c1,BrCc1ccc(-c2nnn[nH]2)cc1,Cc1ccc(-c2nnn[nH]2)cc1,100,Likely stable,,30,high
COCCCc1cc(CN(C(=O)[C@H]2CN(C(=O)OC(C)(C)C)CC[C@@H]2c2ccc(OCCOc3c(Cl)cc(C)cc3Cl)cc2)C2CC2)cc(OCc2ccc(-c3nnn[nH]3)cc2)c1,BrCc1ccc(-c2nnn[nH]2)cc1,O=C1CCC(=O)N1Br,95,Likely stable,,30,high
C[C@H](O[Si](C)(C)C(C)(C)C)[C@@H]1CC(=O)CC(C)(C)N1,C[C@H](O[Si](C)(C)C(C)(C)C)[C@@H]1CC(=O)CC(C)(C)N1,C[C@H](O[Si](C)(C)C(C)(C)C)[C@@H]1CC(O)CC(C)(C)N1,95,Likely stable,,100,low
C[C@H](O[Si](C)(C)C(C)(C)C)[C@@H]1CC(=O)CC(C)(C)N1,C[C@H](O[Si](C)(C)C(C)(C)C)[C@@H]1CC(O)CC(C)(C)N1,C[C@H](O)[C@@H]1CC(O)CC(C)(C)N1,95,Likely stable,,95,low
C[C@H](O[Si](C)(C)C(C)(C)C)[C@@H]1CC(=O)CC(C)(C)N1,C[C@H](O[Si](C)(C)C(C)(C)C)[C@@H]1CC(O)CC(C)(C)N1,CC(C)(C)[Si](C)(C)Cl,,,,95,low
C[C@H](O[Si](C)(C)C(C)(C)C)[C@@H]1CC(=O)CC(C)(C)N1,C[C@H](O)[C@@H]1CC(O)CC(C)(C)N1,CC1(C)CC(O)C[C@@H](C=O)N1,,,,95,low
C[C@H](O[Si](C)(C)C(C)(C)C)[C@@H]1CC(=O)CC(C)(C)N1,C[C@H](O)[C@@H]1CC(O)CC(C)(C)N1,C[Mg]Br,100,Likely stable,,95,low
C[C@H](O[Si](C)(C)C(C)(C)C)[C@@H]1CC(=O)CC(C)(C)N1,CC1(C)CC(O)C[C@@H](C=O)N1,CC1(C)CC(O)C[C@@H](CO)N1,,,,100,low
C[C@H](O[Si](C)(C)C(C)(C)C)[C@@H]1CC(=O)CC(C)(C)N1,CC(C)(C)[Si](C)(C)Cl,C[Si](C)C(C)(C)C,,,,90,low
COC(=O)C(C)(C)CC(CCCCO)CCCc1cccnc1,COC(=O)C(C)(C)CC(CCCCO)CCCc1cccnc1,C=CCCC(CCCc1cccnc1)CC(C)(C)C(=O)OC,,,,90,low
COC(=O)C(C)(C)CC(CCCCO)CCCc1cccnc1,C=CCCC(CCCc1cccnc1)CC(C)(C)C(=O)OC,COC(=O)C(C)(C)Br,100,Likely stable,,95,low
COC(=O)C(C)(C)CC(CCCCO)CCCc1cccnc1,C=CCCC(CCCc1cccnc1)CC(C)(C)C(=O)OC,C=CCCC(C)CCCc1cccnc1,,,,95,low
COC(=O)C(C)(C)CC(CCCCO)CCCc1cccnc1,COC(=O)C(C)(C)Br,COS(=O)(=O)OC,100,Likely stable,,80,low
COC(=O)C(C)(C)CC(CCCCO)CCCc1cccnc1,COC(=O)C(C)(C)Br,CC(C)(Br)C(=O)O,100,Likely stable,,80,low
COC(=O)C(C)(C)CC(CCCCO)CCCc1cccnc1,C=CCCC(C)CCCc1cccnc1,Cc1cccnc1,100,Likely stable,,95,low
COC(=O)C(C)(C)CC(CCCCO)CCCc1cccnc1,C=CCCC(C)CCCc1cccnc1,C=CCCC(C)CCBr,,,,95,low
COC(=O)C(C)(C)CC(CCCCO)CCCc1cccnc1,Cc1cccnc1,OCc1cccnc1,100,Likely stable,,95,low
COC(=O)C(C)(C)CC(CCCCO)CCCc1cccnc1,C=CCCC(C)CCBr,C=CCCC(C)CCO,,,,95,low
COC(=O)C(C)(C)CC(CCCCO)CCCc1cccnc1,C=CCCC(C)CCO,C=CCCC(C)C=O,100,Likely stable,,95,low
COC(=O)C(C)(C)CC(CCCCO)CCCc1cccnc1,C=CCCC(C)CCO,CCBr,100,Likely stable,,95,low
COC(=O)C(C)(C)CC(CCCCO)CCCc1cccnc1,C=CCCC(C)C=O,CCC=O,100,Likely stable,,95,low
COC(=O)C(C)(C)CC(CCCCO)CCCc1cccnc1,C=CCCC(C)C=O,C=CCC=O,100,Likely stable,,95,low
Oc1ccc2c3c(ccc2c1)Cc1ccccc1OC3c1ccc(OCCN2CCCCC2)cc1,Oc1ccc2c3c(ccc2c1)Cc1ccccc1OC3c1ccc(OCCN2CCCCC2)cc1,O=Cc1c(Cc2ccccc2O)ccc2cc(O)ccc12,100,Likely stable,,65,medium
Oc1ccc2c3c(ccc2c1)Cc1ccccc1OC3c1ccc(OCCN2CCCCC2)cc1,Oc1ccc2c3c(ccc2c1)Cc1ccccc1OC3c1ccc(OCCN2CCCCC2)cc1,c1ccc(OCCN2CCCCC2)cc1,100,Likely stable,,65,medium
Oc1ccc2c3c(ccc2c1)Cc1ccccc1OC3c1ccc(OCCN2CCCCC2)cc1,O=Cc1c(Cc2ccccc2O)ccc2cc(O)ccc12,Oc1ccccc1CBr,100,Likely stable,,90,low
Oc1ccc2c3c(ccc2c1)Cc1ccccc1OC3c1ccc(OCCN2CCCCC2)cc1,O=Cc1c(Cc2ccccc2O)ccc2cc(O)ccc12,O=Cc1c(B(O)O)ccc2cc(O)ccc12,100,Likely stable,,90,low
Oc1ccc2c3c(ccc2c1)Cc1ccccc1OC3c1ccc(OCCN2CCCCC2)cc1,O=Cc1c(B(O)O)ccc2cc(O)ccc12,COC(Cl)Cl,100,Likely stable,,30,high
Oc1ccc2c3c(ccc2c1)Cc1ccccc1OC3c1ccc(OCCN2CCCCC2)cc1,O=Cc1c(B(O)O)ccc2cc(O)ccc12,OB(O)c1ccc2cc(O)ccc2c1,100,Likely stable,,30,high
Oc1ccc2c3c(ccc2c1)Cc1ccccc1OC3c1ccc(OCCN2CCCCC2)cc1,c1ccc(OCCN2CCCCC2)cc1,Oc1ccccc1,100,Likely stable,,95,low
Oc1ccc2c3c(ccc2c1)Cc1ccccc1OC3c1ccc(OCCN2CCCCC2)cc1,c1ccc(OCCN2CCCCC2)cc1,ClCCN1CCCCC1,95,Likely stable,,95,low
CC(C)(C)OC(=O)N1CC=C(c2ccc3c(c2)-n2nc(-c4ncnn4CC(F)(F)F)cc2CCO3)CC1,CC(C)(C)OC(=O)N1CC=C(c2ccc3c(c2)-n2nc(-c4ncnn4CC(F)(F)F)cc2CCO3)CC1,CC(C)(C)OC(=O)N1CC=C(B(O)O)CC1,95,Likely stable,,90,low
CC(C)(C)OC(=O)N1CC=C(c2ccc3c(c2)-n2nc(-c4ncnn4CC(F)(F)F)cc2CCO3)CC1,CC(C)(C)OC(=O)N1CC=C(c2ccc3c(c2)-n2nc(-c4ncnn4CC(F)(F)F)cc2CCO3)CC1,FC(F)(F)Cn1ncnc1-c1cc2n(n1)-c1cc(Br)ccc1OCC2,,,,90,low
CC(C)(C)OC(=O)N1CC=C(c2ccc3c(c2)-n2nc(-c4ncnn4CC(F)(F)F)cc2CCO3)CC1,CC(C)(C)OC(=O)N1CC=C(B(O)O)CC1,OB(O)C1=CCNCC1,95,Likely stable,,75,medium
CC(C)(C)OC(=O)N1CC=C(c2ccc3c(c2)-n2nc(-c4ncnn4CC(F)(F)F)cc2CCO3)CC1,CC(C)(C)OC(=O)N1CC=C(B(O)O)CC1,CC(C)(C)OC(=O)OC(=O)OC(C)(C)C,100,Likely stable,,75,medium
CC(C)(C)OC(=O)N1CC=C(c2ccc3c(c2)-n2nc(-c4ncnn4CC(F)(F)F)cc2CCO3)CC1,FC(F)(F)Cn1ncnc1-c1cc2n(n1)-c1cc(Br)ccc1OCC2,Brc1ccc2c(c1)-n1nc(I)cc1CCO2,80,Likely stable,"Large (7-membered) heterocycle with O, N (potentially unstable)",90,low
CC(C)(C)OC(=O)N1CC=C(c2ccc3c(c2)-n2nc(-c4ncnn4CC(F)(F)F)cc2CCO3)CC1,FC(F)(F)Cn1ncnc1-c1cc2n(n1)-c1cc(Br)ccc1OCC2,OB(O)c1ncnn1CC(F)(F)F,,,,90,low
CC(C)(C)OC(=O)N1CC=C(c2ccc3c(c2)-n2nc(-c4ncnn4CC(F)(F)F)cc2CCO3)CC1,Brc1ccc2c(c1)-n1nc(I)cc1CCO2,Oc1ccc(Br)cc1-n1nc(I)cc1CCBr,,,,70,medium
CC(C)(C)OC(=O)N1CC=C(c2ccc3c(c2)-n2nc(-c4ncnn4CC(F)(F)F)cc2CCO3)CC1,Oc1ccc(Br)cc1-n1nc(I)cc1CCBr,OCCc1cc(I)nn1-c1cc(Br)ccc1O,,,,95,low
CC(C)(C)OC(=O)N1CC=C(c2ccc3c(c2)-n2nc(-c4ncnn4CC(F)(F)F)cc2CCO3)CC1,OCCc1cc(I)nn1-c1cc(Br)ccc1O,O=Cc1cc(I)nn1-c1cc(Br)ccc1O,100,Likely stable,,90,low
CC(C)(C)OC(=O)N1CC=C(c2ccc3c(c2)-n2nc(-c4ncnn4CC(F)(F)F)cc2CCO3)CC1,O=Cc1cc(I)nn1-c1cc(Br)ccc1O,NNc1cc(Br)ccc1O,100,Likely stable,,25,high
CC(C)(C)OC(=O)N1CC=C(c2ccc3c(c2)-n2nc(-c4ncnn4CC(F)(F)F)cc2CCO3)CC1,O=Cc1cc(I)nn1-c1cc(Br)ccc1O,O=CC(=O)CC(=O)I,100,Likely stable,,25,high
CC(C)(C)OC(=O)N1CC=C(c2ccc3c(c2)-n2nc(-c4ncnn4CC(F)(F)F)cc2CCO3)CC1,NNc1cc(Br)ccc1O,NNc1ccccc1O,100,Likely stable,,55,medium
CC(C)(C)OC(=O)N1CC=C(c2ccc3c(c2)-n2nc(-c4ncnn4CC(F)(F)F)cc2CCO3)CC1,NNc1cc(Br)ccc1O,O=C1CCC(=O)N1Br,95,Likely stable,,55,medium
CC(C)(C)OC(=O)N1CC=C(c2ccc3c(c2)-n2nc(-c4ncnn4CC(F)(F)F)cc2CCO3)CC1,NNc1ccccc1O,COc1ccccc1NN,100,Likely stable,,95,low
CC(C)(C)OC(=O)N1CC=C(c2ccc3c(c2)-n2nc(-c4ncnn4CC(F)(F)F)cc2CCO3)CC1,O=CC(=O)CC(=O)I,CON(C)C(=O)C(=O)CC(=O)I,100,Likely stable,,90,low
CC(C)(C)OC(=O)N1CC=C(c2ccc3c(c2)-n2nc(-c4ncnn4CC(F)(F)F)cc2CCO3)CC1,CON(C)C(=O)C(=O)CC(=O)I,CNOC,100,Likely stable,,95,low
CC(C)(C)OC(=O)N1CC=C(c2ccc3c(c2)-n2nc(-c4ncnn4CC(F)(F)F)cc2CCO3)CC1,CON(C)C(=O)C(=O)CC(=O)I,O=C(I)CC(=O)C(=O)O,100,Likely stable,,95,low
CC(C)(C)OC(=O)N1CC=C(c2ccc3c(c2)-n2nc(-c4ncnn4CC(F)(F)F)cc2CCO3)CC1,O=C(I)CC(=O)C(=O)O,CCOC(=O)C(=O)CC(=O)I,100,Likely stable,,90,low
CC(C)(C)OC(=O)N1CC=C(c2ccc3c(c2)-n2nc(-c4ncnn4CC(F)(F)F)cc2CCO3)CC1,CCOC(=O)C(=O)CC(=O)I,CCOC(=O)C(=O)OCC,100,Likely stable,,90,low
CC(C)(C)OC(=O)N1CC=C(c2ccc3c(c2)-n2nc(-c4ncnn4CC(F)(F)F)cc2CCO3)CC1,CCOC(=O)C(=O)CC(=O)I,CC(=O)I,100,Likely stable,,90,low
COCCCc1cc(O)cc(CN(C(=O)[C@H]2CN(C(=O)OC(C)(C)C)CC[C@@H]2c2ccc(OCCOc3c(Cl)cc(C)cc3Cl)cc2)C2CC2)c1,COCCCc1cc(O)cc(CN(C(=O)[C@H]2CN(C(=O)OC(C)(C)C)CC[C@@H]2c2ccc(OCCOc3c(Cl)cc(C)cc3Cl)cc2)C2CC2)c1,Cc1cc(Cl)c(OCCOc2ccc([C@H]3CCN(C(=O)OC(C)(C)C)C[C@@H]3C(=O)O)cc2)c(Cl)c1,,,,95,low
COCCCc1cc(O)cc(CN(C(=O)[C@H]2CN(C(=O)OC(C)(C)C)CC[C@@H]2c2ccc(OCCOc3c(Cl)cc(C)cc3Cl)cc2)C2CC2)c1,COCCCc1cc(O)cc(CN(C(=O)[C@H]2CN(C(=O)OC(C)(C)C)CC[C@@H]2c2ccc(OCCOc3c(Cl)cc(C)cc3Cl)cc2)C2CC2)c1,COCCCc1cc(O)cc(CNC2CC2)c1,100,Likely stable,,95,low
COCCCc1cc(O)cc(CN(C(=O)[C@H]2CN(C(=O)OC(C)(C)C)CC[C@@H]2c2ccc(OCCOc3c(Cl)cc(C)cc3Cl)cc2)C2CC2)c1,Cc1cc(Cl)c(OCCOc2ccc([C@H]3CCN(C(=O)OC(C)(C)C)C[C@@H]3C(=O)O)cc2)c(Cl)c1,Cc1cc(Cl)c(OCCOc2ccc([C@H]3CCNC[C@@H]3C(=O)O)cc2)c(Cl)c1,,,,75,medium
COCCCc1cc(O)cc(CN(C(=O)[C@H]2CN(C(=O)OC(C)(C)C)CC[C@@H]2c2ccc(OCCOc3c(Cl)cc(C)cc3Cl)cc2)C2CC2)c1,Cc1cc(Cl)c(OCCOc2ccc([C@H]3CCN(C(=O)OC(C)(C)C)C[C@@H]3C(=O)O)cc2)c(Cl)c1,CC(C)(C)OC(=O)OC(=O)OC(C)(C)C,100,Likely stable,,75,medium
COCCCc1cc(O)cc(CN(C(=O)[C@H]2CN(C(=O)OC(C)(C)C)CC[C@@H]2c2ccc(OCCOc3c(Cl)cc(C)cc3Cl)cc2)C2CC2)c1,Cc1cc(Cl)c(OCCOc2ccc([C@H]3CCNC[C@@H]3C(=O)O)cc2)c(Cl)c1,O=C(O)[C@H]1CNCC[C@@H]1c1ccc(O)cc1,100,Likely stable,,95,low
COCCCc1cc(O)cc(CN(C(=O)[C@H]2CN(C(=O)OC(C)(C)C)CC[C@@H]2c2ccc(OCCOc3c(Cl)cc(C)cc3Cl)cc2)C2CC2)c1,Cc1cc(Cl)c(OCCOc2ccc([C@H]3CCNC[C@@H]3C(=O)O)cc2)c(Cl)c1,Cc1cc(Cl)c(OCCCl)c(Cl)c1,100,Likely stable,,95,low
COCCCc1cc(O)cc(CN(C(=O)[C@H]2CN(C(=O)OC(C)(C)C)CC[C@@H]2c2ccc(OCCOc3c(Cl)cc(C)cc3Cl)cc2)C2CC2)c1,O=C(O)[C@H]1CNCC[C@@H]1c1ccc(O)cc1,OC[C@H]1CNCC[C@@H]1c1ccc(O)cc1,100,Likely stable,,90,low
COCCCc1cc(O)cc(CN(C(=O)[C@H]2CN(C(=O)OC(C)(C)C)CC[C@@H]2c2ccc(OCCOc3c(Cl)cc(C)cc3Cl)cc2)C2CC2)c1,OC[C@H]1CNCC[C@@H]1c1ccc(O)cc1,O=CC[C@H](CCNC[C@H](O)C=O)c1ccc(O)cc1,,,,40,medium
COCCCc1cc(O)cc(CN(C(=O)[C@H]2CN(C(=O)OC(C)(C)C)CC[C@@H]2c2ccc(OCCOc3c(Cl)cc(C)cc3Cl)cc2)C2CC2)c1,O=CC[C@H](CCNC[C@H](O)C=O)c1ccc(O)cc1,O=CCC(CC=O)c1ccc(O)cc1,,,,95,low
COCCCc1cc(O)cc(CN(C(=O)[C@H]2CN(C(=O)OC(C)(C)C)CC[C@@H]2c2ccc(OCCOc3c(Cl)cc(C)cc3Cl)cc2)C2CC2)c1,O=CC[C@H](CCNC[C@H](O)C=O)c1ccc(O)cc1,NC[C@H](O)C=O,100,Likely stable,,95,low
COCCCc1cc(O)cc(CN(C(=O)[C@H]2CN(C(=O)OC(C)(C)C)CC[C@@H]2c2ccc(OCCOc3c(Cl)cc(C)cc3Cl)cc2)C2CC2)c1,O=CCC(CC=O)c1ccc(O)cc1,OCCC(CCO)c1ccc(O)cc1,,,,100,low
COCCCc1cc(O)cc(CN(C(=O)[C@H]2CN(C(=O)OC(C)(C)C)CC[C@@H]2c2ccc(OCCOc3c(Cl)cc(C)cc3Cl)cc2)C2CC2)c1,OCCC(CCO)c1ccc(O)cc1,C=Cc1ccc(O)cc1,100,Likely stable,,60,medium
COCCCc1cc(O)cc(CN(C(=O)[C@H]2CN(C(=O)OC(C)(C)C)CC[C@@H]2c2ccc(OCCOc3c(Cl)cc(C)cc3Cl)cc2)C2CC2)c1,OCCC(CCO)c1ccc(O)cc1,C1CO1,80,Likely stable,Three-membered heterocycle (potentially unstable),60,medium
COCCCc1cc(O)cc(CN(C(=O)[C@H]2CN(C(=O)OC(C)(C)C)CC[C@@H]2c2ccc(OCCOc3c(Cl)cc(C)cc3Cl)cc2)C2CC2)c1,C=Cc1ccc(O)cc1,C=Cc1ccc(OC)cc1,100,Likely stable,,95,low
COCCCc1cc(O)cc(CN(C(=O)[C@H]2CN(C(=O)OC(C)(C)C)CC[C@@H]2c2ccc(OCCOc3c(Cl)cc(C)cc3Cl)cc2)C2CC2)c1,Cc1cc(Cl)c(OCCCl)c(Cl)c1,ClCCBr,100,Likely stable,,95,low
COCCCc1cc(O)cc(CN(C(=O)[C@H]2CN(C(=O)OC(C)(C)C)CC[C@@H]2c2ccc(OCCOc3c(Cl)cc(C)cc3Cl)cc2)C2CC2)c1,Cc1cc(Cl)c(OCCCl)c(Cl)c1,Cc1cc(Cl)c(O)c(Cl)c1,100,Likely stable,,95,low
COCCCc1cc(O)cc(CN(C(=O)[C@H]2CN(C(=O)OC(C)(C)C)CC[C@@H]2c2ccc(OCCOc3c(Cl)cc(C)cc3Cl)cc2)C2CC2)c1,CC(C)(C)OC(=O)OC(=O)OC(C)(C)C,C=C(C)C,100,Likely stable,,95,low
COCCCc1cc(O)cc(CN(C(=O)[C@H]2CN(C(=O)OC(C)(C)C)CC[C@@H]2c2ccc(OCCOc3c(Cl)cc(C)cc3Cl)cc2)C2CC2)c1,CC(C)(C)OC(=O)OC(=O)OC(C)(C)C,CC(C)(C)OC(=O)OC(=O)O,100,Likely stable,,95,low
COCCCc1cc(O)cc(CN(C(=O)[C@H]2CN(C(=O)OC(C)(C)C)CC[C@@H]2c2ccc(OCCOc3c(Cl)cc(C)cc3Cl)cc2)C2CC2)c1,CC(C)(C)OC(=O)OC(=O)O,C=C(C)C,100,Likely stable,,95,low
COCCCc1cc(O)cc(CN(C(=O)[C@H]2CN(C(=O)OC(C)(C)C)CC[C@@H]2c2ccc(OCCOc3c(Cl)cc(C)cc3Cl)cc2)C2CC2)c1,CC(C)(C)OC(=O)OC(=O)O,O=C(O)OC(=O)O,100,Likely stable,,95,low
COCCCc1cc(O)cc(CN(C(=O)[C@H]2CN(C(=O)OC(C)(C)C)CC[C@@H]2c2ccc(OCCOc3c(Cl)cc(C)cc3Cl)cc2)C2CC2)c1,COCCCc1cc(O)cc(CNC2CC2)c1,COC/C=C/c1cc(O)cc(CNC2CC2)c1,100,Likely stable,,100,low
COCCCc1cc(O)cc(CN(C(=O)[C@H]2CN(C(=O)OC(C)(C)C)CC[C@@H]2c2ccc(OCCOc3c(Cl)cc(C)cc3Cl)cc2)C2CC2)c1,COC/C=C/c1cc(O)cc(CNC2CC2)c1,NC1CC1,100,Likely stable,,95,low
COCCCc1cc(O)cc(CN(C(=O)[C@H]2CN(C(=O)OC(C)(C)C)CC[C@@H]2c2ccc(OCCOc3c(Cl)cc(C)cc3Cl)cc2)C2CC2)c1,COC/C=C/c1cc(O)cc(CNC2CC2)c1,COC/C=C/c1cc(O)cc(C=O)c1,100,Likely stable,,95,low
COCCCc1cc(O)cc(CN(C(=O)[C@H]2CN(C(=O)OC(C)(C)C)CC[C@@H]2c2ccc(OCCOc3c(Cl)cc(C)cc3Cl)cc2)C2CC2)c1,COC/C=C/c1cc(O)cc(C=O)c1,COC/C=C/B1OC(C)(C)C(C)(C)O1,95,Likely stable,,45,medium
COCCCc1cc(O)cc(CN(C(=O)[C@H]2CN(C(=O)OC(C)(C)C)CC[C@@H]2c2ccc(OCCOc3c(Cl)cc(C)cc3Cl)cc2)C2CC2)c1,COC/C=C/c1cc(O)cc(C=O)c1,O=Cc1cc(O)cc(Br)c1,100,Likely stable,,45,medium
COCCCc1cc(CN(C(=O)[C@H]2CN(C(=O)OC(C)(C)C)CC[C@@H]2c2ccc(OCCOc3c(Cl)cc(C)cc3Cl)cc2)C2CC2)cc(OCCC(C)(C)C(=O)O)c1,COCCCc1cc(CN(C(=O)[C@H]2CN(C(=O)OC(C)(C)C)CC[C@@H]2c2ccc(OCCOc3c(Cl)cc(C)cc3Cl)cc2)C2CC2)cc(OCCC(C)(C)C(=O)O)c1,CC(C)(C)OC(=O)N1CC[C@@H](c2ccc(O)cc2)[C@@H](C(=O)N(Cc2cc(CCCO)cc(OCCC(C)(C)C(=O)O)c2)C2CC2)C1,,,,90,low
COCCCc1cc(CN(C(=O)[C@H]2CN(C(=O)OC(C)(C)C)CC[C@@H]2c2ccc(OCCOc3c(Cl)cc(C)cc3Cl)cc2)C2CC2)cc(OCCC(C)(C)C(=O)O)c1,COCCCc1cc(CN(C(=O)[C@H]2CN(C(=O)OC(C)(C)C)CC[C@@H]2c2ccc(OCCOc3c(Cl)cc(C)cc3Cl)cc2)C2CC2)cc(OCCC(C)(C)C(=O)O)c1,Cc1cc(Cl)c(OCCCl)c(Cl)c1,100,Likely stable,,90,low
COCCCc1cc(CN(C(=O)[C@H]2CN(C(=O)OC(C)(C)C)CC[C@@H]2c2ccc(OCCOc3c(Cl)cc(C)cc3Cl)cc2)C2CC2)cc(OCCC(C)(C)C(=O)O)c1,CC(C)(C)OC(=O)N1CC[C@@H](c2ccc(O)cc2)[C@@H](C(=O)N(Cc2cc(CCCO)cc(OCCC(C)(C)C(=O)O)c2)C2CC2)C1,CC(C)(C)OC(=O)N1CC[C@@H](c2ccc(O)cc2)[C@@H](C(=O)O)C1,,,,95,low
COCCCc1cc(CN(C(=O)[C@H]2CN(C(=O)OC(C)(C)C)CC[C@@H]2c2ccc(OCCOc3c(Cl)cc(C)cc3Cl)cc2)C2CC2)cc(OCCC(C)(C)C(=O)O)c1,CC(C)(C)OC(=O)N1CC[C@@H](c2ccc(O)cc2)[C@@H](C(=O)N(Cc2cc(CCCO)cc(OCCC(C)(C)C(=O)O)c2)C2CC2)C1,CC(C)(CCOc1cc(CCCO)cc(CNC2CC2)c1)C(=O)O,,,,95,low
COCCCc1cc(CN(C(=O)[C@H]2CN(C(=O)OC(C)(C)C)CC[C@@H]2c2ccc(OCCOc3c(Cl)cc(C)cc3Cl)cc2)C2CC2)cc(OCCC(C)(C)C(=O)O)c1,CC(C)(C)OC(=O)N1CC[C@@H](c2ccc(O)cc2)[C@@H](C(=O)O)C1,O=C(O)[C@H]1CNCC[C@H]1c1ccc(O)cc1,,,,75,medium
COCCCc1cc(CN(C(=O)[C@H]2CN(C(=O)OC(C)(C)C)CC[C@@H]2c2ccc(OCCOc3c(Cl)cc(C)cc3Cl)cc2)C2CC2)cc(OCCC(C)(C)C(=O)O)c1,CC(C)(C)OC(=O)N1CC[C@@H](c2ccc(O)cc2)[C@@H](C(=O)O)C1,CC(C)(C)OC(=O)OC(=O)C(C)(C)C,100,Likely stable,,75,medium
COCCCc1cc(CN(C(=O)[C@H]2CN(C(=O)OC(C)(C)C)CC[C@@H]2c2ccc(OCCOc3c(Cl)cc(C)cc3Cl)cc2)C2CC2)cc(OCCC(C)(C)C(=O)O)c1,O=C(O)[C@H]1CNCC[C@H]1c1ccc(O)cc1,O=CC(CCC(=O)C(=O)O)c1ccc(O)cc1,,,,40,medium
COCCCc1cc(CN(C(=O)[C@H]2CN(C(=O)OC(C)(C)C)CC[C@@H]2c2ccc(OCCOc3c(Cl)cc(C)cc3Cl)cc2)C2CC2)cc(OCCC(C)(C)C(=O)O)c1,O=C(O)[C@H]1CNCC[C@H]1c1ccc(O)cc1,N,100,Likely stable,,40,medium
COCCCc1cc(CN(C(=O)[C@H]2CN(C(=O)OC(C)(C)C)CC[C@@H]2c2ccc(OCCOc3c(Cl)cc(C)cc3Cl)cc2)C2CC2)cc(OCCC(C)(C)C(=O)O)c1,O=CC(CCC(=O)C(=O)O)c1ccc(O)cc1,O=C(O)C(=O)CCC(CO)c1ccc(O)cc1,100,Likely stable,,100,low
COCCCc1cc(CN(C(=O)[C@H]2CN(C(=O)OC(C)(C)C)CC[C@@H]2c2ccc(OCCOc3c(Cl)cc(C)cc3Cl)cc2)C2CC2)cc(OCCC(C)(C)C(=O)O)c1,O=C(O)C(=O)CCC(CO)c1ccc(O)cc1,CC(=O)C(=O)O,,,,95,low
COCCCc1cc(CN(C(=O)[C@H]2CN(C(=O)OC(C)(C)C)CC[C@@H]2c2ccc(OCCOc3c(Cl)cc(C)cc3Cl)cc2)C2CC2)cc(OCCC(C)(C)C(=O)O)c1,O=C(O)C(=O)CCC(CO)c1ccc(O)cc1,OCC(CBr)c1ccc(O)cc1,100,Likely stable,,95,low
COCCCc1cc(CN(C(=O)[C@H]2CN(C(=O)OC(C)(C)C)CC[C@@H]2c2ccc(OCCOc3c(Cl)cc(C)cc3Cl)cc2)C2CC2)cc(OCCC(C)(C)C(=O)O)c1,OCC(CBr)c1ccc(O)cc1,OCC(CO)c1ccc(O)cc1,100,Likely stable,,55,medium
COCCCc1cc(CN(C(=O)[C@H]2CN(C(=O)OC(C)(C)C)CC[C@@H]2c2ccc(OCCOc3c(Cl)cc(C)cc3Cl)cc2)C2CC2)cc(OCCC(C)(C)C(=O)O)c1,OCC(CBr)c1ccc(O)cc1,O=C1CCC(=O)N1Br,95,Likely stable,,55,medium
COCCCc1cc(CN(C(=O)[C@H]2CN(C(=O)OC(C)(C)C)CC[C@@H]2c2ccc(OCCOc3c(Cl)cc(C)cc3Cl)cc2)C2CC2)cc(OCCC(C)(C)C(=O)O)c1,CC(C)(C)OC(=O)OC(=O)C(C)(C)C,C=C(C)C,100,Likely stable,,95,low
COCCCc1cc(CN(C(=O)[C@H]2CN(C(=O)OC(C)(C)C)CC[C@@H]2c2ccc(OCCOc3c(Cl)cc(C)cc3Cl)cc2)C2CC2)cc(OCCC(C)(C)C(=O)O)c1,CC(C)(C)OC(=O)OC(=O)C(C)(C)C,CC(C)(C)C(=O)OC(=O)O,100,Likely stable,,95,low
COCCCc1cc(CN(C(=O)[C@H]2CN(C(=O)OC(C)(C)C)CC[C@@H]2c2ccc(OCCOc3c(Cl)cc(C)cc3Cl)cc2)C2CC2)cc(OCCC(C)(C)C(=O)O)c1,CC(C)(C)C(=O)OC(=O)O,O=C(O)O,100,Likely stable,,95,low
COCCCc1cc(CN(C(=O)[C@H]2CN(C(=O)OC(C)(C)C)CC[C@@H]2c2ccc(OCCOc3c(Cl)cc(C)cc3Cl)cc2)C2CC2)cc(OCCC(C)(C)C(=O)O)c1,CC(C)(C)C(=O)OC(=O)O,CC(C)(C)C(=O)Cl,100,Likely stable,,95,low
COCCCc1cc(CN(C(=O)[C@H]2CN(C(=O)OC(C)(C)C)CC[C@@H]2c2ccc(OCCOc3c(Cl)cc(C)cc3Cl)cc2)C2CC2)cc(OCCC(C)(C)C(=O)O)c1,CC(C)(CCOc1cc(CCCO)cc(CNC2CC2)c1)C(=O)O,NC1CC1,,,,95,low
COCCCc1cc(CN(C(=O)[C@H]2CN(C(=O)OC(C)(C)C)CC[C@@H]2c2ccc(OCCOc3c(Cl)cc(C)cc3Cl)cc2)C2CC2)cc(OCCC(C)(C)C(=O)O)c1,CC(C)(CCOc1cc(CCCO)cc(CNC2CC2)c1)C(=O)O,CC(C)(CCOc1cc(C=O)cc(CCCO)c1)C(=O)O,100,Likely stable,,95,low
COCCCc1cc(CN(C(=O)[C@H]2CN(C(=O)OC(C)(C)C)CC[C@@H]2c2ccc(OCCOc3c(Cl)cc(C)cc3Cl)cc2)C2CC2)cc(OCCC(C)(C)C(=O)O)c1,CC(C)(CCOc1cc(C=O)cc(CCCO)c1)C(=O)O,CC(C)(CCOc1cc(C=O)cc(/C=C/CO)c1)C(=O)O,100,Likely stable,,100,low
COCCCc1cc(CN(C(=O)[C@H]2CN(C(=O)OC(C)(C)C)CC[C@@H]2c2ccc(OCCOc3c(Cl)cc(C)cc3Cl)cc2)C2CC2)cc(OCCC(C)(C)C(=O)O)c1,CC(C)(CCOc1cc(C=O)cc(/C=C/CO)c1)C(=O)O,CCOC(=O)/C=C/c1cc(C=O)cc(OCCC(C)(C)C(=O)O)c1,100,Likely stable,,90,low
COCCCc1cc(CN(C(=O)[C@H]2CN(C(=O)OC(C)(C)C)CC[C@@H]2c2ccc(OCCOc3c(Cl)cc(C)cc3Cl)cc2)C2CC2)cc(OCCC(C)(C)C(=O)O)c1,CCOC(=O)/C=C/c1cc(C=O)cc(OCCC(C)(C)C(=O)O)c1,CC(C)(CCBr)C(=O)O,100,Likely stable,,95,low
COCCCc1cc(CN(C(=O)[C@H]2CN(C(=O)OC(C)(C)C)CC[C@@H]2c2ccc(OCCOc3c(Cl)cc(C)cc3Cl)cc2)C2CC2)cc(OCCC(C)(C)C(=O)O)c1,CCOC(=O)/C=C/c1cc(C=O)cc(OCCC(C)(C)C(=O)O)c1,CCOC(=O)/C=C/c1cc(O)cc(C=O)c1,100,Likely stable,,95,low
COCCCc1cc(CN(C(=O)[C@H]2CN(C(=O)OC(C)(C)C)CC[C@@H]2c2ccc(OCCOc3c(Cl)cc(C)cc3Cl)cc2)C2CC2)cc(OCCC(C)(C)C(=O)O)c1,CC(C)(CCBr)C(=O)O,CC(C)C(=O)O,100,Likely stable,,95,low
COCCCc1cc(CN(C(=O)[C@H]2CN(C(=O)OC(C)(C)C)CC[C@@H]2c2ccc(OCCOc3c(Cl)cc(C)cc3Cl)cc2)C2CC2)cc(OCCC(C)(C)C(=O)O)c1,CC(C)(CCBr)C(=O)O,BrCCBr,100,Likely stable,,95,low
COCCCc1cc(CN(C(=O)[C@H]2CN(C(=O)OC(C)(C)C)CC[C@@H]2c2ccc(OCCOc3c(Cl)cc(C)cc3Cl)cc2)C2CC2)cc(OCCC(C)(C)C(=O)O)c1,CCOC(=O)/C=C/c1cc(O)cc(C=O)c1,C=CC(=O)OCC,100,Likely stable,,95,low
COCCCc1cc(CN(C(=O)[C@H]2CN(C(=O)OC(C)(C)C)CC[C@@H]2c2ccc(OCCOc3c(Cl)cc(C)cc3Cl)cc2)C2CC2)cc(OCCC(C)(C)C(=O)O)c1,CCOC(=O)/C=C/c1cc(O)cc(C=O)c1,O=Cc1cc(O)cc(Br)c1,100,Likely stable,,95,low
COCCCc1cc(CN(C(=O)[C@H]2CN(C(=O)OC(C)(C)C)CC[C@@H]2c2ccc(OCCOc3c(Cl)cc(C)cc3Cl)cc2)C2CC2)cc(OCCC(C)(C)C(=O)O)c1,Cc1cc(Cl)c(OCCCl)c(Cl)c1,ClCCBr,100,Likely stable,,95,low
COCCCc1cc(CN(C(=O)[C@H]2CN(C(=O)OC(C)(C)C)CC[C@@H]2c2ccc(OCCOc3c(Cl)cc(C)cc3Cl)cc2)C2CC2)cc(OCCC(C)(C)C(=O)O)c1,Cc1cc(Cl)c(OCCCl)c(Cl)c1,Cc1cc(Cl)c(O)c(Cl)c1,100,Likely stable,,95,low
CC(=O)Nc1cccc(N2CCN(CCc3nn(C)c(=O)n3CC3CCCCC3)CC2)c1,CC(=O)Nc1cccc(N2CCN(CCc3nn(C)c(=O)n3CC3CCCCC3)CC2)c1,BrCC1CCCCC1,100,Likely stable,,95,low
CC(=O)Nc1cccc(N2CCN(CCc3nn(C)c(=O)n3CC3CCCCC3)CC2)c1,CC(=O)Nc1cccc(N2CCN(CCc3nn(C)c(=O)n3CC3CCCCC3)CC2)c1,CC(=O)Nc1cccc(N2CCN(CCc3nn(C)c(=O)[nH]3)CC2)c1,100,Likely stable,,95,low
CC(=O)Nc1cccc(N2CCN(CCc3nn(C)c(=O)n3CC3CCCCC3)CC2)c1,CC(=O)Nc1cccc(N2CCN(CCc3nn(C)c(=O)[nH]3)CC2)c1,Cn1nc(CCCl)[nH]c1=O,100,Likely stable,,95,low
CC(=O)Nc1cccc(N2CCN(CCc3nn(C)c(=O)n3CC3CCCCC3)CC2)c1,CC(=O)Nc1cccc(N2CCN(CCc3nn(C)c(=O)[nH]3)CC2)c1,CC(=O)Nc1cccc(N2CCNCC2)c1,100,Likely stable,,95,low
CC(=O)Nc1cccc(N2CCN(CCc3nn(C)c(=O)n3CC3CCCCC3)CC2)c1,Cn1nc(CCCl)[nH]c1=O,O=S(Cl)Cl,100,Likely stable,,90,low
CC(=O)Nc1cccc(N2CCN(CCc3nn(C)c(=O)n3CC3CCCCC3)CC2)c1,Cn1nc(CCCl)[nH]c1=O,Cn1nc(CCO)[nH]c1=O,100,Likely stable,,90,low
CC(=O)Nc1cccc(N2CCN(CCc3nn(C)c(=O)n3CC3CCCCC3)CC2)c1,Cn1nc(CCO)[nH]c1=O,Cn1nc(CCOCc2ccccc2)[nH]c1=O,100,Likely stable,,0,critical
CC(=O)Nc1cccc(N2CCN(CCc3nn(C)c(=O)n3CC3CCCCC3)CC2)c1,Cn1nc(CCOCc2ccccc2)[nH]c1=O,CN(NC(=O)CCOCc1ccccc1)C(N)=O,100,Likely stable,,30,high
CC(=O)Nc1cccc(N2CCN(CCc3nn(C)c(=O)n3CC3CCCCC3)CC2)c1,CN(NC(=O)CCOCc1ccccc1)C(N)=O,CN(N)C(N)=O,100,Likely stable,,95,low
CC(=O)Nc1cccc(N2CCN(CCc3nn(C)c(=O)n3CC3CCCCC3)CC2)c1,CN(NC(=O)CCOCc1ccccc1)C(N)=O,O=C(O)CCOCc1ccccc1,100,Likely stable,,95,low
CC(=O)Nc1cccc(N2CCN(CCc3nn(C)c(=O)n3CC3CCCCC3)CC2)c1,CC(=O)Nc1cccc(N2CCNCC2)c1,ClCCNCCCl,100,Likely stable,,40,medium
CC(=O)Nc1cccc(N2CCN(CCc3nn(C)c(=O)n3CC3CCCCC3)CC2)c1,CC(=O)Nc1cccc(N2CCNCC2)c1,CC(=O)Nc1cccc(N)c1,100,Likely stable,,40,medium
COC(=O)c1ccc(-c2ccc(O[C@H]3O[C@H](CO)[C@@H](O)[C@H](O)[C@@H]3O)c(Cl)c2)cc1,COC(=O)c1ccc(-c2ccc(O[C@H]3O[C@H](CO)[C@@H](O)[C@H](O)[C@@H]3O)c(Cl)c2)cc1,COC(=O)c1ccc(-c2ccc(O)c(Cl)c2)cc1,100,Likely stable,,60,medium
COC(=O)c1ccc(-c2ccc(O[C@H]3O[C@H](CO)[C@@H](O)[C@H](O)[C@@H]3O)c(Cl)c2)cc1,COC(=O)c1ccc(-c2ccc(O[C@H]3O[C@H](CO)[C@@H](O)[C@H](O)[C@@H]3O)c(Cl)c2)cc1,CC(=O)OC[C@H]1O[C@H](OC(C)=O)[C@@H](Br)[C@@H](OC(C)=O)[C@@H]1OC(C)=O,,,,60,medium
COC(=O)c1ccc(-c2ccc(O[C@H]3O[C@H](CO)[C@@H](O)[C@H](O)[C@@H]3O)c(Cl)c2)cc1,COC(=O)c1ccc(-c2ccc(O)c(Cl)c2)cc1,OB(O)c1ccc(O)c(Cl)c1,100,Likely stable,,90,low
COC(=O)c1ccc(-c2ccc(O[C@H]3O[C@H](CO)[C@@H](O)[C@H](O)[C@@H]3O)c(Cl)c2)cc1,COC(=O)c1ccc(-c2ccc(O)c(Cl)c2)cc1,COC(=O)c1ccc(Br)cc1,100,Likely stable,,90,low
COC(=O)c1ccc(-c2ccc(O[C@H]3O[C@H](CO)[C@@H](O)[C@H](O)[C@@H]3O)c(Cl)c2)cc1,CC(=O)OC[C@H]1O[C@H](OC(C)=O)[C@@H](Br)[C@@H](OC(C)=O)[C@@H]1OC(C)=O,CC(=O)OC[C@H]1O[C@H](OC(C)=O)[C@@H](OC(C)=O)[C@@H](OC(C)=O)[C@@H]1OC(C)=O,95,Likely stable,,90,low
COC(=O)c1ccc(-c2ccc(O[C@H]3O[C@H](CO)[C@@H](O)[C@H](O)[C@@H]3O)c(Cl)c2)cc1,CC(=O)OC[C@H]1O[C@H](OC(C)=O)[C@@H](Br)[C@@H](OC(C)=O)[C@@H]1OC(C)=O,Br,100,Likely stable,,90,low
COC(=O)c1ccc(-c2ccc(O[C@H]3O[C@H](CO)[C@@H](O)[C@H](O)[C@@H]3O)c(Cl)c2)cc1,CC(=O)OC[C@H]1O[C@H](OC(C)=O)[C@@H](OC(C)=O)[C@@H](OC(C)=O)[C@@H]1OC(C)=O,CC(=O)OC(C)=O,100,Likely stable,,90,low
COC(=O)c1ccc(-c2ccc(O[C@H]3O[C@H](CO)[C@@H](O)[C@H](O)[C@@H]3O)c(Cl)c2)cc1,CC(=O)OC[C@H]1O[C@H](OC(C)=O)[C@@H](OC(C)=O)[C@@H](OC(C)=O)[C@@H]1OC(C)=O,CC(=O)OC[C@H]1O[C@H](O)[C@@H](OC(C)=O)[C@@H](OC(C)=O)[C@@H]1OC(C)=O,95,Likely stable,,90,low
COC(=O)c1ccc(-c2ccc(O[C@H]3O[C@H](CO)[C@@H](O)[C@H](O)[C@@H]3O)c(Cl)c2)cc1,CC(=O)OC[C@H]1O[C@H](O)[C@@H](OC(C)=O)[C@@H](OC(C)=O)[C@@H]1OC(C)=O,CC(=O)OC(C)=O,100,Likely stable,,90,low
COC(=O)c1ccc(-c2ccc(O[C@H]3O[C@H](CO)[C@@H](O)[C@H](O)[C@@H]3O)c(Cl)c2)cc1,CC(=O)OC[C@H]1O[C@H](O)[C@@H](OC(C)=O)[C@@H](OC(C)=O)[C@@H]1OC(C)=O,CC(=O)OC[C@H]1O[C@H](O)[C@@H](O)[C@@H](OC(C)=O)[C@@H]1OC(C)=O,95,Likely stable,,90,low
COC(=O)c1ccc(-c2ccc(O[C@H]3O[C@H](CO)[C@@H](O)[C@H](O)[C@@H]3O)c(Cl)c2)cc1,CC(=O)OC[C@H]1O[C@H](O)[C@@H](O)[C@@H](OC(C)=O)[C@@H]1OC(C)=O,C=COC(C)=O,100,Likely stable,,90,low
COC(=O)c1ccc(-c2ccc(O[C@H]3O[C@H](CO)[C@@H](O)[C@H](O)[C@@H]3O)c(Cl)c2)cc1,CC(=O)OC[C@H]1O[C@H](O)[C@@H](O)[C@@H](OC(C)=O)[C@@H]1OC(C)=O,CC(=O)OC[C@H]1O[C@H](O)[C@@H](O)[C@@H](OC(C)=O)[C@@H]1O,95,Likely stable,,90,low
COC(=O)c1ccc(-c2ccc(O[C@H]3O[C@H](CO)[C@@H](O)[C@H](O)[C@@H]3O)c(Cl)c2)cc1,CC(=O)OC[C@H]1O[C@H](O)[C@@H](O)[C@@H](OC(C)=O)[C@@H]1O,C=COC(C)=O,100,Likely stable,,90,low
COC(=O)c1ccc(-c2ccc(O[C@H]3O[C@H](CO)[C@@H](O)[C@H](O)[C@@H]3O)c(Cl)c2)cc1,CC(=O)OC[C@H]1O[C@H](O)[C@@H](O)[C@@H](OC(C)=O)[C@@H]1O,CC(=O)OC[C@H]1O[C@H](O)[C@@H](O)[C@@H](O)[C@@H]1O,95,Likely stable,,90,low
COC(=O)c1ccc(-c2ccc(O[C@H]3O[C@H](CO)[C@@H](O)[C@H](O)[C@@H]3O)c(Cl)c2)cc1,CC(=O)OC[C@H]1O[C@H](O)[C@@H](O)[C@@H](O)[C@@H]1O,C=COC(C)=O,100,Likely stable,,90,low
COC(=O)c1ccc(-c2ccc(O[C@H]3O[C@H](CO)[C@@H](O)[C@H](O)[C@@H]3O)c(Cl)c2)cc1,CC(=O)OC[C@H]1O[C@H](O)[C@@H](O)[C@@H](O)[C@@H]1O,OC[C@H]1O[C@H](O)[C@@H](O)[C@@H](O)[C@@H]1O,95,Likely stable,,90,low
CCC(C)(C)OC(=O)Nc1nc(C(O)C(=O)NC2C(=O)N3C(C(=O)O)=C(CSc4nnc(C)s4)CS[C@H]23)cs1,CCC(C)(C)OC(=O)Nc1nc(C(O)C(=O)NC2C(=O)N3C(C(=O)O)=C(CSc4nnc(C)s4)CS[C@H]23)cs1,CCC(C)(C)OC(=O)Nc1nc(C(O)C(=O)O)cs1,100,Likely stable,,95,low
CCC(C)(C)OC(=O)Nc1nc(C(O)C(=O)NC2C(=O)N3C(C(=O)O)=C(CSc4nnc(C)s4)CS[C@H]23)cs1,CCC(C)(C)OC(=O)Nc1nc(C(O)C(=O)NC2C(=O)N3C(C(=O)O)=C(CSc4nnc(C)s4)CS[C@H]23)cs1,Cc1nnc(SCC2=C(C(=O)O)N3C(=O)C(N)[C@H]3SC2)s1,,,,95,low
CCC(C)(C)OC(=O)Nc1nc(C(O)C(=O)NC2C(=O)N3C(C(=O)O)=C(CSc4nnc(C)s4)CS[C@H]23)cs1,CCC(C)(C)OC(=O)Nc1nc(C(O)C(=O)O)cs1,CCC(C)(C)OC(=O)Cl,100,Likely stable,,95,low
CCC(C)(C)OC(=O)Nc1nc(C(O)C(=O)NC2C(=O)N3C(C(=O)O)=C(CSc4nnc(C)s4)CS[C@H]23)cs1,CCC(C)(C)OC(=O)Nc1nc(C(O)C(=O)O)cs1,Nc1nc(C(O)C(=O)O)cs1,100,Likely stable,,95,low
CCC(C)(C)OC(=O)Nc1nc(C(O)C(=O)NC2C(=O)N3C(C(=O)O)=C(CSc4nnc(C)s4)CS[C@H]23)cs1,Nc1nc(C(O)C(=O)O)cs1,Nc1nc(C(=O)C(=O)O)cs1,100,Likely stable,,100,low
CCC(C)(C)OC(=O)Nc1nc(C(O)C(=O)NC2C(=O)N3C(C(=O)O)=C(CSc4nnc(C)s4)CS[C@H]23)cs1,Cc1nnc(SCC2=C(C(=O)O)N3C(=O)C(N)[C@H]3SC2)s1,NC1C(=O)N2C(C(=O)O)=C(CCl)CS[C@H]12,75,Moderately stable,Four-membered heterocycle (potentially unstable),95,low
CCC(C)(C)OC(=O)Nc1nc(C(O)C(=O)NC2C(=O)N3C(C(=O)O)=C(CSc4nnc(C)s4)CS[C@H]23)cs1,Cc1nnc(SCC2=C(C(=O)O)N3C(=O)C(N)[C@H]3SC2)s1,Cc1nnc(S)s1,100,Likely stable,,95,low
CCC(C)(C)OC(=O)Nc1nc(C(O)C(=O)NC2C(=O)N3C(C(=O)O)=C(CSc4nnc(C)s4)CS[C@H]23)cs1,NC1C(=O)N2C(C(=O)O)=C(CCl)CS[C@H]12,CC1=C(C(=O)O)N2C(=O)C(N)[C@H]2SC1,75,Moderately stable,Four-membered heterocycle (potentially unstable),90,low
CCC(C)(C)OC(=O)Nc1nc(C(O)C(=O)NC2C(=O)N3C(C(=O)O)=C(CSc4nnc(C)s4)CS[C@H]23)cs1,CC1=C(C(=O)O)N2C(=O)C(N)[C@H]2SC1,CC1=C(C(=O)O)N2C(=O)C(NC(=O)C(F)(F)F)[C@H]2SC1,75,Moderately stable,Four-membered heterocycle (potentially unstable),85,low
CCC(C)(C)OC(=O)Nc1nc(C(O)C(=O)NC2C(=O)N3C(C(=O)O)=C(CSc4nnc(C)s4)CS[C@H]23)cs1,CC1=C(C(=O)O)N2C(=O)C(NC(=O)C(F)(F)F)[C@H]2SC1,O=C(O)C(F)(F)F,100,Likely stable,,95,low
CCC(C)(C)OC(=O)Nc1nc(C(O)C(=O)NC2C(=O)N3C(C(=O)O)=C(CSc4nnc(C)s4)CS[C@H]23)cs1,CC1=C(C(=O)O)N2C(=O)C(NC(=O)C(F)(F)F)[C@H]2SC1,CC1=C(C(=O)O)N2C(=O)[C@@H](N)[C@H]2SC1,75,Moderately stable,Four-membered heterocycle (potentially unstable),95,low
C[C@@H](n1ccn(-c2ccc(Cl)cc2)c1=O)[C@@]1(c2ccc(F)cc2F)CO1,C[C@@H](n1ccn(-c2ccc(Cl)cc2)c1=O)[C@@]1(c2ccc(F)cc2F)CO1,C[S+](C)(C)=O,100,Likely stable,,65,medium
C[C@@H](n1ccn(-c2ccc(Cl)cc2)c1=O)[C@@]1(c2ccc(F)cc2F)CO1,C[C@@H](n1ccn(-c2ccc(Cl)cc2)c1=O)[C@@]1(c2ccc(F)cc2F)CO1,C[C@H](C(=O)c1ccc(F)cc1F)n1ccn(-c2ccc(Cl)cc2)c1=O,100,Likely stable,,65,medium
C[C@@H](n1ccn(-c2ccc(Cl)cc2)c1=O)[C@@]1(c2ccc(F)cc2F)CO1,C[C@H](C(=O)c1ccc(F)cc1F)n1ccn(-c2ccc(Cl)cc2)c1=O,Fc1ccc(Br)c(F)c1,100,Likely stable,,90,low
C[C@@H](n1ccn(-c2ccc(Cl)cc2)c1=O)[C@@]1(c2ccc(F)cc2F)CO1,C[C@H](C(=O)c1ccc(F)cc1F)n1ccn(-c2ccc(Cl)cc2)c1=O,CCOC(=O)[C@@H](C)n1ccn(-c2ccc(Cl)cc2)c1=O,100,Likely stable,,90,low
C[C@@H](n1ccn(-c2ccc(Cl)cc2)c1=O)[C@@]1(c2ccc(F)cc2F)CO1,CCOC(=O)[C@@H](C)n1ccn(-c2ccc(Cl)cc2)c1=O,CCOC(=O)[C@@H](C)N(CC(OC)OC)C(=O)Nc1ccc(Cl)cc1,100,Likely stable,,25,high
C[C@@H](n1ccn(-c2ccc(Cl)cc2)c1=O)[C@@]1(c2ccc(F)cc2F)CO1,CCOC(=O)[C@@H](C)N(CC(OC)OC)C(=O)Nc1ccc(Cl)cc1,Nc1ccc(Cl)cc1,100,Likely stable,,95,low
C[C@@H](n1ccn(-c2ccc(Cl)cc2)c1=O)[C@@]1(c2ccc(F)cc2F)CO1,CCOC(=O)[C@@H](C)N(CC(OC)OC)C(=O)Nc1ccc(Cl)cc1,CCOC(=O)[C@@H](C)N(CC(OC)OC)C(=O)Cl,100,Likely stable,,95,low
C[C@@H](n1ccn(-c2ccc(Cl)cc2)c1=O)[C@@]1(c2ccc(F)cc2F)CO1,CCOC(=O)[C@@H](C)N(CC(OC)OC)C(=O)Cl,O=C(Cl)Cl,100,Likely stable,,95,low
C[C@@H](n1ccn(-c2ccc(Cl)cc2)c1=O)[C@@]1(c2ccc(F)cc2F)CO1,CCOC(=O)[C@@H](C)N(CC(OC)OC)C(=O)Cl,CCOC(=O)[C@@H](C)NCC(OC)OC,100,Likely stable,,95,low
C[C@@H](n1ccn(-c2ccc(Cl)cc2)c1=O)[C@@]1(c2ccc(F)cc2F)CO1,CCOC(=O)[C@@H](C)NCC(OC)OC,COC(C=O)OC,100,Likely stable,,95,low
C[C@@H](n1ccn(-c2ccc(Cl)cc2)c1=O)[C@@]1(c2ccc(F)cc2F)CO1,CCOC(=O)[C@@H](C)NCC(OC)OC,CCOC(=O)[C@@H](C)N,100,Likely stable,,95,low
COC(=O)CC12CCC(c3ccc(Br)cc3)(CC1)CO2,COC(=O)CC12CCC(c3ccc(Br)cc3)(CC1)CO2,COC(=O)CC12C=CC(c3ccc(Br)cc3)(CC1)CC2,,,,95,low
COC(=O)CC12CCC(c3ccc(Br)cc3)(CC1)CO2,COC(=O)CC12C=CC(c3ccc(Br)cc3)(CC1)CC2,O=C(O)CC12C=CC(c3ccc(Br)cc3)(CC1)CC2,,,,95,low
COC(=O)CC12CCC(c3ccc(Br)cc3)(CC1)CO2,COC(=O)CC12C=CC(c3ccc(Br)cc3)(CC1)CC2,CO,100,Likely stable,,95,low
COC(=O)CC12CCC(c3ccc(Br)cc3)(CC1)CO2,O=C(O)CC12C=CC(c3ccc(Br)cc3)(CC1)CC2,BrCC12C=CC(c3ccc(Br)cc3)(CC1)CC2,,,,95,low
COC(=O)CC12CCC(c3ccc(Br)cc3)(CC1)CO2,O=C(O)CC12C=CC(c3ccc(Br)cc3)(CC1)CC2,O=C=O,65,Moderately stable,Contains carbene (highly reactive intermediate),95,low
COC(=O)CC12CCC(c3ccc(Br)cc3)(CC1)CO2,BrCC12C=CC(c3ccc(Br)cc3)(CC1)CC2,CC12C=CC(c3ccc(Br)cc3)(CC1)CC2,,,,90,low
COC(=O)CC12CCC(c3ccc(Br)cc3)(CC1)CO2,CC12C=CC(c3ccc(Br)cc3)(CC1)CC2,C=CC(=C)C,100,Likely stable,,40,medium
COC(=O)CC12CCC(c3ccc(Br)cc3)(CC1)CO2,CC12C=CC(c3ccc(Br)cc3)(CC1)CC2,O=C1C=CC(c2ccc(Br)cc2)CC1,100,Likely stable,,40,medium
COC(=O)CC12CCC(c3ccc(Br)cc3)(CC1)CO2,C=CC(=C)C,C#CC(=C)C,65,Moderately stable,Contains carbene (highly reactive intermediate),100,low
COC(=O)CC12CCC(c3ccc(Br)cc3)(CC1)CO2,O=C1C=CC(c2ccc(Br)cc2)CC1,O=C1C=CC(c2ccccc2)CC1,100,Likely stable,,55,medium
COC(=O)CC12CCC(c3ccc(Br)cc3)(CC1)CO2,O=C1C=CC(c2ccc(Br)cc2)CC1,O=C1CCC(=O)N1Br,95,Likely stable,,55,medium
COC(=O)CC12CCC(c3ccc(Br)cc3)(CC1)CO2,O=C1C=CC(c2ccccc2)CC1,O=C1CCC(c2ccccc2)CC1,100,Likely stable,,100,low
CC(C)(C)OC(=O)NC1(c2nc(NCc3ccccn3)c3c(Cl)ccn3n2)CC1,CC(C)(C)OC(=O)NC1(c2nc(NCc3ccccn3)c3c(Cl)ccn3n2)CC1,NC1(c2nc(NCc3ccccn3)c3c(Cl)ccn3n2)CC1,100,Likely stable,,75,medium
CC(C)(C)OC(=O)NC1(c2nc(NCc3ccccn3)c3c(Cl)ccn3n2)CC1,CC(C)(C)OC(=O)NC1(c2nc(NCc3ccccn3)c3c(Cl)ccn3n2)CC1,CC(C)(C)OC(=O)OC(=O)OC(C)(C)C,100,Likely stable,,75,medium
CC(C)(C)OC(=O)NC1(c2nc(NCc3ccccn3)c3c(Cl)ccn3n2)CC1,NC1(c2nc(NCc3ccccn3)c3c(Cl)ccn3n2)CC1,NC1(c2nc(Cl)c3c(Cl)ccn3n2)CC1,100,Likely stable,,95,low
CC(C)(C)OC(=O)NC1(c2nc(NCc3ccccn3)c3c(Cl)ccn3n2)CC1,NC1(c2nc(NCc3ccccn3)c3c(Cl)ccn3n2)CC1,NCc1ccccn1,100,Likely stable,,95,low
CC(C)(C)OC(=O)NC1(c2nc(NCc3ccccn3)c3c(Cl)ccn3n2)CC1,NC1(c2nc(Cl)c3c(Cl)ccn3n2)CC1,C=C(N)c1nc(Cl)c2c(Cl)ccn2n1,100,Likely stable,,65,medium
CC(C)(C)OC(=O)NC1(c2nc(NCc3ccccn3)c3c(Cl)ccn3n2)CC1,NC1(c2nc(Cl)c3c(Cl)ccn3n2)CC1,CI,100,Likely stable,,65,medium
CC(C)(C)OC(=O)NC1(c2nc(NCc3ccccn3)c3c(Cl)ccn3n2)CC1,C=C(N)c1nc(Cl)c2c(Cl)ccn2n1,O=Cc1nc(Cl)c2c(Cl)ccn2n1,100,Likely stable,,90,low
CC(C)(C)OC(=O)NC1(c2nc(NCc3ccccn3)c3c(Cl)ccn3n2)CC1,C=C(N)c1nc(Cl)c2c(Cl)ccn2n1,N,100,Likely stable,,90,low
CC(C)(C)OC(=O)NC1(c2nc(NCc3ccccn3)c3c(Cl)ccn3n2)CC1,O=Cc1nc(Cl)c2c(Cl)ccn2n1,Cc1nc(Cl)c2c(Cl)ccn2n1,100,Likely stable,,90,low
CC(C)(C)OC(=O)NC1(c2nc(NCc3ccccn3)c3c(Cl)ccn3n2)CC1,Cc1nc(Cl)c2c(Cl)ccn2n1,O=P(Cl)(Cl)Cl,100,Likely stable,,90,low
CC(C)(C)OC(=O)NC1(c2nc(NCc3ccccn3)c3c(Cl)ccn3n2)CC1,Cc1nc(Cl)c2c(Cl)ccn2n1,Cc1nn2ccc(Cl)c2c(=O)[nH]1,100,Likely stable,,90,low
CC(C)(C)OC(=O)NC1(c2nc(NCc3ccccn3)c3c(Cl)ccn3n2)CC1,Cc1nn2ccc(Cl)c2c(=O)[nH]1,O=C1CCC(=O)N1Cl,95,Likely stable,,30,high
CC(C)(C)OC(=O)NC1(c2nc(NCc3ccccn3)c3c(Cl)ccn3n2)CC1,Cc1nn2ccc(Cl)c2c(=O)[nH]1,Cc1nn2cccc2c(=O)[nH]1,100,Likely stable,,30,high
CC(C)(C)OC(=O)NC1(c2nc(NCc3ccccn3)c3c(Cl)ccn3n2)CC1,NCc1ccccn1,O=C1c2ccccc2C(=O)N1Cc1ccccn1,100,Likely stable,,0,critical
CC(C)(C)OC(=O)NC1(c2nc(NCc3ccccn3)c3c(Cl)ccn3n2)CC1,CC(C)(C)OC(=O)OC(=O)OC(C)(C)C,C=C(C)C,100,Likely stable,,95,low
CC(C)(C)OC(=O)NC1(c2nc(NCc3ccccn3)c3c(Cl)ccn3n2)CC1,CC(C)(C)OC(=O)OC(=O)OC(C)(C)C,CC(C)(C)OC(=O)OC(=O)O,100,Likely stable,,95,low
CC(C)(C)OC(=O)NC1(c2nc(NCc3ccccn3)c3c(Cl)ccn3n2)CC1,CC(C)(C)OC(=O)OC(=O)O,C=C(C)C,100,Likely stable,,95,low
CC(C)(C)OC(=O)NC1(c2nc(NCc3ccccn3)c3c(Cl)ccn3n2)CC1,CC(C)(C)OC(=O)OC(=O)O,O=C(O)OC(=O)O,100,Likely stable,,95,low
Cc1cc(Nc2nccc(C(F)(F)F)n2)cc(-c2cnc([C@@](C)(O)[C@H]3CC[C@H](C(=O)O)CC3)s2)c1,Cc1cc(Nc2nccc(C(F)(F)F)n2)cc(-c2cnc([C@@](C)(O)[C@H]3CC[C@H](C(=O)O)CC3)s2)c1,Cc1cc(N)cc(-c2cnc([C@@](C)(O)[C@H]3CC[C@H](C(=O)O)CC3)s2)c1,100,Likely stable,,95,low
Cc1cc(Nc2nccc(C(F)(F)F)n2)cc(-c2cnc([C@@](C)(O)[C@H]3CC[C@H](C(=O)O)CC3)s2)c1,Cc1cc(Nc2nccc(C(F)(F)F)n2)cc(-c2cnc([C@@](C)(O)[C@H]3CC[C@H](C(=O)O)CC3)s2)c1,FC(F)(F)c1ccnc(Cl)n1,100,Likely stable,,95,low
Cc1cc(Nc2nccc(C(F)(F)F)n2)cc(-c2cnc([C@@](C)(O)[C@H]3CC[C@H](C(=O)O)CC3)s2)c1,Cc1cc(N)cc(-c2cnc([C@@](C)(O)[C@H]3CC[C@H](C(=O)O)CC3)s2)c1,Cc1cc(N)cc(Br)c1,100,Likely stable,,90,low
Cc1cc(Nc2nccc(C(F)(F)F)n2)cc(-c2cnc([C@@](C)(O)[C@H]3CC[C@H](C(=O)O)CC3)s2)c1,Cc1cc(N)cc(-c2cnc([C@@](C)(O)[C@H]3CC[C@H](C(=O)O)CC3)s2)c1,C[C@@](O)(c1ncc(Br)s1)[C@H]1CC[C@H](C(=O)O)CC1,,,,90,low
Cc1cc(Nc2nccc(C(F)(F)F)n2)cc(-c2cnc([C@@](C)(O)[C@H]3CC[C@H](C(=O)O)CC3)s2)c1,Cc1cc(N)cc(Br)c1,Cc1cc(Br)cc([N+](=O)[O-])c1,100,Likely stable,,90,low
Cc1cc(Nc2nccc(C(F)(F)F)n2)cc(-c2cnc([C@@](C)(O)[C@H]3CC[C@H](C(=O)O)CC3)s2)c1,C[C@@](O)(c1ncc(Br)s1)[C@H]1CC[C@H](C(=O)O)CC1,CC(=O)[C@H]1CC[C@H](C(=O)O)CC1,100,Likely stable,,95,low
Cc1cc(Nc2nccc(C(F)(F)F)n2)cc(-c2cnc([C@@](C)(O)[C@H]3CC[C@H](C(=O)O)CC3)s2)c1,C[C@@](O)(c1ncc(Br)s1)[C@H]1CC[C@H](C(=O)O)CC1,Brc1cncs1,100,Likely stable,,95,low
Cc1cc(Nc2nccc(C(F)(F)F)n2)cc(-c2cnc([C@@](C)(O)[C@H]3CC[C@H](C(=O)O)CC3)s2)c1,CC(=O)[C@H]1CC[C@H](C(=O)O)CC1,COC(=O)[C@H]1CC[C@H](C(C)=O)CC1,100,Likely stable,,95,low
Cc1cc(Nc2nccc(C(F)(F)F)n2)cc(-c2cnc([C@@](C)(O)[C@H]3CC[C@H](C(=O)O)CC3)s2)c1,FC(F)(F)c1ccnc(Cl)n1,O=P(Cl)(Cl)Cl,100,Likely stable,,90,low
Cc1cc(Nc2nccc(C(F)(F)F)n2)cc(-c2cnc([C@@](C)(O)[C@H]3CC[C@H](C(=O)O)CC3)s2)c1,FC(F)(F)c1ccnc(Cl)n1,O=c1nc(C(F)(F)F)cc[nH]1,100,Likely stable,,90,low
CC(C)c1ccc(-n2nc(O)c3c(=O)c4ccc(Cl)cc4[nH]c3c2=O)cc1,CC(C)c1ccc(-n2nc(O)c3c(=O)c4ccc(Cl)cc4[nH]c3c2=O)cc1,CC(C)c1ccc(NN)cc1,100,Likely stable,,0,critical
CC(C)c1ccc(-n2nc(O)c3c(=O)c4ccc(Cl)cc4[nH]c3c2=O)cc1,CC(C)c1ccc(-n2nc(O)c3c(=O)c4ccc(Cl)cc4[nH]c3c2=O)cc1,COC(=O)c1nc2cc(Cl)ccc2c(O)c1C(=O)OC,100,Likely stable,,0,critical
CC(C)c1ccc(-n2nc(O)c3c(=O)c4ccc(Cl)cc4[nH]c3c2=O)cc1,COC(=O)c1nc2cc(Cl)ccc2c(O)c1C(=O)OC,COC(=O)C#CC(=O)OC,65,Moderately stable,Contains carbene (highly reactive intermediate),5,critical
CC(C)c1ccc(-n2nc(O)c3c(=O)c4ccc(Cl)cc4[nH]c3c2=O)cc1,COC(=O)c1nc2cc(Cl)ccc2c(O)c1C(=O)OC,COC(=O)c1ccc(Cl)cc1N,100,Likely stable,,5,critical
