product,reactants,label,target,source,hallucination_score,reason
Cn1nccc1[C@]1(O)CCCC[C@H]1O,Cn1nccc1Br.O=C1CCCC[C@H]1O,0,Cn1nccc1[C@]1(O)CCCC[C@H]1O,patent,95,
O=C1CCCC[C@H]1O,COC1(OC)CCCC[C@H]1O,0,Cn1nccc1[C@]1(O)CCCC[C@H]1O,patent,90,
CC1=NC2(N=C1N)c1cc(-c3cc(Cl)cc(C#N)c3)ccc1CCC21CC1,CC1=NC2(N=C1N)c1cc(Br)ccc1CCC21CC1.B(O)(O)c1cc(Cl)cc(C#N)c1,0,unknown,patent,90,
CC1=NC2(N=C1N)c1cc(Br)ccc1CCC21CC1,CC1=NC2(N=C1N)c1ccccc1CCC21CC1.NBS,0,CC1=NC2(N=C1N)c1cc(-c3cc(Cl)cc(C#N)c3)ccc1CCC21CC1,patent,95,
CC1=NC2(N=C1N)c1ccccc1CCC21CC1,CC1=NC2(CC=Cc3ccccc32)N=C1N,1,CC1=NC2(N=C1N)c1cc(-c3cc(Cl)cc(C#N)c3)ccc1CCC21CC1,patent,50,
CC1=NC2(CC=Cc3ccccc32)N=C1N,CC1=NC(=N)N=C1N.C=Cc1ccccc1C=O,1,CC1=NC2(N=C1N)c1cc(-c3cc(Cl)cc(C#N)c3)ccc1CCC21CC1,patent,45,
C=Cc1ccccc1C=O,C=Cc1ccccc1CO,0,CC1=NC2(N=C1N)c1cc(-c3cc(Cl)cc(C#N)c3)ccc1CCC21CC1,patent,100,
N#Cc1cc(Cl)cc(B(O)O)c1,NC(=O)c1cc(Cl)cc(B(O)O)c1,0,CC1=NC2(N=C1N)c1cc(-c3cc(Cl)cc(C#N)c3)ccc1CCC21CC1,patent,95,
CCC/C=C/[C@H]1CC[C@H](C(CO)CO)CC1,CCC/C=C/[C@H]1CC[C@H](C=O)CC1,1,CCC/C=C/[C@H]1CC[C@H](C(CO)CO)CC1,patent,75,
CCC/C=C/[C@H]1CC[C@H](C=O)CC1,CCC/C=C/[C@H]1CC[C@H](CO)CC1,0,CCC/C=C/[C@H]1CC[C@H](C(CO)CO)CC1,patent,100,
CCC/C=C/[C@H]1CC[C@H](CO)CC1,O=C[C@H]1CC[C@H](CO)CC1.CCCCS(=O)(=O)c1nnnn1-c1ccccc1,1,CCC/C=C/[C@H]1CC[C@H](C(CO)CO)CC1,patent,0,
CCCCS(=O)(=O)c1nnnn1-c1ccccc1,O=C(OO)c1cccc(Cl)c1.CCCCSc1nnnn1-c1ccccc1,1,CCC/C=C/[C@H]1CC[C@H](C(CO)CO)CC1,patent,0,
CCCCSc1nnnn1-c1ccccc1,CCCCO.Sc1nnnn1-c1ccccc1,0,CCC/C=C/[C@H]1CC[C@H](C(CO)CO)CC1,patent,95,
COCCCc1cc(CN(C(=O)[C@H]2CN(C(=O)OC(C)(C)C)CC[C@@H]2c2ccc(OCCOc3c(Cl)cc(C)cc3Cl)cc2)C2CC2)cc(OCC(C)(C)O)c1,Cc1cc(Cl)c(OCCOc2ccc([C@H]3CCN(C(=O)OC(C)(C)C)C[C@H]3C(=O)O)cc2)c(Cl)c1.COCCCc1cc(CNC2CC2)cc(OCC(C)(C)O)c1,0,COCCCc1cc(CN(C(=O)[C@H]2CN(C(=O)OC(C)(C)C)CC[C@@H]2c2ccc(OCCOc3c(Cl)cc(C)cc3Cl)cc2)C2CC2)cc(OCC(C)(C)O)c1,patent,95,
Cc1cc(Cl)c(OCCOc2ccc([C@H]3CCN(C(=O)OC(C)(C)C)C[C@H]3C(=O)O)cc2)c(Cl)c1,CC(C)(C)OC(=O)N1CC[C@H](c2ccc(O)cc2)[C@H](C(=O)O)C1.Cc1cc(Cl)c(OCCCl)c(Cl)c1,0,COCCCc1cc(CN(C(=O)[C@H]2CN(C(=O)OC(C)(C)C)CC[C@@H]2c2ccc(OCCOc3c(Cl)cc(C)cc3Cl)cc2)C2CC2)cc(OCC(C)(C)O)c1,patent,95,
CC(C)(C)OC(=O)N1CC[C@H](c2ccc(O)cc2)[C@H](C(=O)O)C1,O=C(O)[C@@H]1CNCC[C@H]1c1ccc(O)cc1.CC(C)(C)OC(=O)OC(=O)OC(C)(C)C,1,COCCCc1cc(CN(C(=O)[C@H]2CN(C(=O)OC(C)(C)C)CC[C@@H]2c2ccc(OCCOc3c(Cl)cc(C)cc3Cl)cc2)C2CC2)cc(OCC(C)(C)O)c1,patent,75,
O=C(O)[C@@H]1CNCC[C@H]1c1ccc(O)cc1,N#C[C@@H]1CNCC[C@H]1c1ccc(O)cc1,0,COCCCc1cc(CN(C(=O)[C@H]2CN(C(=O)OC(C)(C)C)CC[C@@H]2c2ccc(OCCOc3c(Cl)cc(C)cc3Cl)cc2)C2CC2)cc(OCC(C)(C)O)c1,patent,85,
N#C[C@@H]1CNCC[C@H]1c1ccc(O)cc1,Oc1ccc([C@@H]2CCNC[C@H]2Br)cc1.C#N,0,COCCCc1cc(CN(C(=O)[C@H]2CN(C(=O)OC(C)(C)C)CC[C@@H]2c2ccc(OCCOc3c(Cl)cc(C)cc3Cl)cc2)C2CC2)cc(OCC(C)(C)O)c1,patent,95,
Oc1ccc([C@@H]2CCNC[C@H]2Br)cc1,Oc1ccc([C@H]2CCCNC2)cc1,0,COCCCc1cc(CN(C(=O)[C@H]2CN(C(=O)OC(C)(C)C)CC[C@@H]2c2ccc(OCCOc3c(Cl)cc(C)cc3Cl)cc2)C2CC2)cc(OCC(C)(C)O)c1,patent,90,
Oc1ccc([C@H]2CCCNC2)cc1,COc1ccc([C@H]2CCCNC2)cc1,0,COCCCc1cc(CN(C(=O)[C@H]2CN(C(=O)OC(C)(C)C)CC[C@@H]2c2ccc(OCCOc3c(Cl)cc(C)cc3Cl)cc2)C2CC2)cc(OCC(C)(C)O)c1,patent,95,
CC(C)(C)OC(=O)OC(=O)OC(C)(C)C,C=C(C)C.CC(C)(C)OC(=O)OC(=O)O,0,COCCCc1cc(CN(C(=O)[C@H]2CN(C(=O)OC(C)(C)C)CC[C@@H]2c2ccc(OCCOc3c(Cl)cc(C)cc3Cl)cc2)C2CC2)cc(OCC(C)(C)O)c1,patent,95,
CC(C)(C)OC(=O)OC(=O)O,C=C(C)C.O=C(O)OC(=O)O,0,COCCCc1cc(CN(C(=O)[C@H]2CN(C(=O)OC(C)(C)C)CC[C@@H]2c2ccc(OCCOc3c(Cl)cc(C)cc3Cl)cc2)C2CC2)cc(OCC(C)(C)O)c1,patent,95,
Cc1cc(Cl)c(OCCCl)c(Cl)c1,ClCCBr.Cc1cc(Cl)c(O)c(Cl)c1,0,COCCCc1cc(CN(C(=O)[C@H]2CN(C(=O)OC(C)(C)C)CC[C@@H]2c2ccc(OCCOc3c(Cl)cc(C)cc3Cl)cc2)C2CC2)cc(OCC(C)(C)O)c1,patent,95,
COCCCc1cc(CNC2CC2)cc(OCC(C)(C)O)c1,COC/C=C/c1cc(CNC2CC2)cc(OCC(C)(C)O)c1,0,COCCCc1cc(CN(C(=O)[C@H]2CN(C(=O)OC(C)(C)C)CC[C@@H]2c2ccc(OCCOc3c(Cl)cc(C)cc3Cl)cc2)C2CC2)cc(OCC(C)(C)O)c1,patent,100,
COC/C=C/c1cc(CNC2CC2)cc(OCC(C)(C)O)c1,NC1CC1.COC/C=C/c1cc(C=O)cc(OCC(C)(C)O)c1,0,COCCCc1cc(CN(C(=O)[C@H]2CN(C(=O)OC(C)(C)C)CC[C@@H]2c2ccc(OCCOc3c(Cl)cc(C)cc3Cl)cc2)C2CC2)cc(OCC(C)(C)O)c1,patent,95,
COC/C=C/c1cc(C=O)cc(OCC(C)(C)O)c1,COC/C=C/c1cc(CO)cc(OCC(C)(C)O)c1,0,COCCCc1cc(CN(C(=O)[C@H]2CN(C(=O)OC(C)(C)C)CC[C@@H]2c2ccc(OCCOc3c(Cl)cc(C)cc3Cl)cc2)C2CC2)cc(OCC(C)(C)O)c1,patent,100,
COC/C=C/c1cc(CO)cc(OCC(C)(C)O)c1,COC/C=C/c1cc(OCC(C)(C)O)cc(C(=O)OC)c1,0,COCCCc1cc(CN(C(=O)[C@H]2CN(C(=O)OC(C)(C)C)CC[C@@H]2c2ccc(OCCOc3c(Cl)cc(C)cc3Cl)cc2)C2CC2)cc(OCC(C)(C)O)c1,patent,95,
COC/C=C/c1cc(OCC(C)(C)O)cc(C(=O)OC)c1,COC/C=C/B1OC(C)(C)C(C)(C)O1.COC(=O)c1cc(Br)cc(OCC(C)(C)O)c1,1,COCCCc1cc(CN(C(=O)[C@H]2CN(C(=O)OC(C)(C)C)CC[C@@H]2c2ccc(OCCOc3c(Cl)cc(C)cc3Cl)cc2)C2CC2)cc(OCC(C)(C)O)c1,patent,45,
COC(=O)c1cc(Br)cc(OCC(C)(C)O)c1,CC(C)(O)CO.COC(=O)c1cc(O)cc(Br)c1,0,COCCCc1cc(CN(C(=O)[C@H]2CN(C(=O)OC(C)(C)C)CC[C@@H]2c2ccc(OCCOc3c(Cl)cc(C)cc3Cl)cc2)C2CC2)cc(OCC(C)(C)O)c1,patent,95,
C=CCC1C=C(C)CC(C)CC(OC)C2OC(O)(C(=O)C(=O)N3CCCCC3C(=O)OC(C(C)=CC3CCC(O)C(OC)C3)C(C)C=CC1O)C(C)CC2OC,C=CCC1C=C(C)CC(C)CC(OC)C2OC(C(=O)C(=O)N3CCCCC3C(=O)OC(C(C)=CC3CCC(O)C(OC)C3)C(C)C=CC1O)C(C)CC2OC.O,0,C=CCC1C=C(C)CC(C)CC(OC)C2OC(O)(C(=O)C(=O)N3CCCCC3C(=O)OC(C(C)=CC3CCC(O)C(OC)C3)C(C)C=CC1O)C(C)CC2OC,patent,95,
C=CCC1C=C(C)CC(C)CC(OC)C2OC(C(=O)C(=O)N3CCCCC3C(=O)OC(C(C)=CC3CCC(O)C(OC)C3)C(C)C=CC1O)C(C)CC2OC,C=CCC1C=C(C)CC(C)CC(OC)C2OC(C(C)CC2OC)C(O)C(=O)N2CCCCC2C(=O)OC(C(C)=CC2CCC(O)C(OC)C2)C(C)C=CC1O,0,C=CCC1C=C(C)CC(C)CC(OC)C2OC(O)(C(=O)C(=O)N3CCCCC3C(=O)OC(C(C)=CC3CCC(O)C(OC)C3)C(C)C=CC1O)C(C)CC2OC,patent,100,
C=CCC1C=C(C)CC(C)CC(OC)C2OC(C(C)CC2OC)C(O)C(=O)N2CCCCC2C(=O)OC(C(C)=CC2CCC(O)C(OC)C2)C(C)C=CC1O,COC1CC(C=C(C)C2OC(=O)C3CCCCN3C(=O)C(O)C3OC(C(OC)CC(C)CC(C)=CC(C)C(O)C=CC2C)C(OC)CC3C)CCC1O.C=C,0,C=CCC1C=C(C)CC(C)CC(OC)C2OC(O)(C(=O)C(=O)N3CCCCC3C(=O)OC(C(C)=CC3CCC(O)C(OC)C3)C(C)C=CC1O)C(C)CC2OC,patent,95,
COC1CC(C=C(C)C2OC(=O)C3CCCCN3C(=O)C(O)C3OC(C(OC)CC(C)CC(C)=CC(C)C(O)C=CC2C)C(OC)CC3C)CCC1O,COC1CC(C=C(C)C2OC(=O)C3CCCCN3C(=O)C(O)C3OC(C(O)CC3C)C(OC)CC(C)CC(C)=CC(C)C(O)C=CC2C)CCC1O,0,C=CCC1C=C(C)CC(C)CC(OC)C2OC(O)(C(=O)C(=O)N3CCCCC3C(=O)OC(C(C)=CC3CCC(O)C(OC)C3)C(C)C=CC1O)C(C)CC2OC,patent,90,
COC1CC(C=C(C)C2OC(=O)C3CCCCN3C(=O)C(O)C3OC(C(O)CC3C)C(OC)CC(C)CC(C)=CC(C)C(O)C=CC2C)CCC1O,COC1CC(C=C(C)C2OC(=O)C3CCCCN3C(=O)C(O)C3OC(C(O)CC(C)CC(C)=CC(C)C(O)C=CC2C)C(O)CC3C)CCC1O,0,C=CCC1C=C(C)CC(C)CC(OC)C2OC(O)(C(=O)C(=O)N3CCCCC3C(=O)OC(C(C)=CC3CCC(O)C(OC)C3)C(C)C=CC1O)C(C)CC2OC,patent,90,
COC1CC(C=C(C)C2OC(=O)C3CCCCN3C(=O)C(O)C3OC(C(O)CC(C)CC(C)=CC(C)C(O)C=CC2C)C(O)CC3C)CCC1O,CC1=CC(C)C(O)C=CC(C)C(C(C)=CC2CCC(O)C(O)C2)OC(=O)C2CCCCN2C(=O)C(O)C2OC(C(O)CC(C)C1)C(O)CC2C.CI,0,C=CCC1C=C(C)CC(C)CC(OC)C2OC(O)(C(=O)C(=O)N3CCCCC3C(=O)OC(C(C)=CC3CCC(O)C(OC)C3)C(C)C=CC1O)C(C)CC2OC,patent,95,
CC1=CC(C)C(O)C=CC(C)C(C(C)=CC2CCC(O)C(O)C2)OC(=O)C2CCCCN2C(=O)C(O)C2OC(C(O)CC(C)C1)C(O)CC2C,CC1=CC(C)C(O)C=CC(C)C(C(C)=CC2CCC(O)C(=O)C2)OC(=O)C2CCCCN2C(=O)C(O)C2OC(C(O)CC(C)C1)C(O)CC2C,0,C=CCC1C=C(C)CC(C)CC(OC)C2OC(O)(C(=O)C(=O)N3CCCCC3C(=O)OC(C(C)=CC3CCC(O)C(OC)C3)C(C)C=CC1O)C(C)CC2OC,patent,100,
CC1=CC(C)C(O)C=CC(C)C(C(C)=CC2CCC(O)C(=O)C2)OC(=O)C2CCCCN2C(=O)C(O)C2OC(C(O)CC(C)C1)C(O)CC2C,CC1=CC(C)C(O)C=CC(C)C(C(C)=CC2CCC(O)C(=O)C2)OC2CC(C)C(C(O)C(=O)O)OC2C(O)CC(C)C1.COC(=O)C1CCCCN1,1,C=CCC1C=C(C)CC(C)CC(OC)C2OC(O)(C(=O)C(=O)N3CCCCC3C(=O)OC(C(C)=CC3CCC(O)C(OC)C3)C(C)C=CC1O)C(C)CC2OC,patent,45,
CC1=CC(C)C(O)C=CC(C)C(C(C)=CC2CCC(O)C(=O)C2)OC2CC(C)C(C(O)C(=O)O)OC2C(O)CC(C)C1,CC1=CC(C)C(O)C=CC(C)C(C(C)=CC2CCC(O)C(=O)C2)OC2CC(C)C(C(O)CO)OC2C(O)CC(C)C1,0,C=CCC1C=C(C)CC(C)CC(OC)C2OC(O)(C(=O)C(=O)N3CCCCC3C(=O)OC(C(C)=CC3CCC(O)C(OC)C3)C(C)C=CC1O)C(C)CC2OC,patent,90,
CC1=CC(C)C(O)C=CC(C)C(C(C)=CC2CCC(O)C(=O)C2)OC2CC(C)C(C(O)CO)OC2C(O)CC(C)C1,CC1=CC(C)C(O)C=CC(C)C(C(C)=CC2CCC(O)CC2)OC2CC(C)C(C(O)CO)OC2C(O)CC(C)C1.O=C=O,0,C=CCC1C=C(C)CC(C)CC(OC)C2OC(O)(C(=O)C(=O)N3CCCCC3C(=O)OC(C(C)=CC3CCC(O)C(OC)C3)C(C)C=CC1O)C(C)CC2OC,patent,95,
CC1=CC(C)C(O)C=CC(C)C(C(C)=CC2CCC(O)CC2)OC2CC(C)C(C(O)CO)OC2C(O)CC(C)C1,CC1=CC(C)C(O)C=CC(C)C(C(C)=CC2CCC(O)CC2)OC2CC(C)C(O)OC2C(O)CC(C)C1.OCC(O)CO,0,C=CCC1C=C(C)CC(C)CC(OC)C2OC(O)(C(=O)C(=O)N3CCCCC3C(=O)OC(C(C)=CC3CCC(O)C(OC)C3)C(C)C=CC1O)C(C)CC2OC,patent,90,
CC1=CC(C)C(O)C=CC(C)C(C(C)=CC2CCC(O)CC2)OC2CC(C)C(O)OC2C(O)CC(C)C1,CC1=CC(C)C(O)C=CC(C)C(O)OC2CC(C)C(O)OC2C(O)CC(C)C1.CC(C)=CC1CCC(Br)CC1,0,C=CCC1C=C(C)CC(C)CC(OC)C2OC(O)(C(=O)C(=O)N3CCCCC3C(=O)OC(C(C)=CC3CCC(O)C(OC)C3)C(C)C=CC1O)C(C)CC2OC,patent,95,
CC1=CC(C)C(O)C=CC(C)C(O)OC2CC(C)C(O)OC2C(O)CC(C)C1,CC1=CC(C)C(O)C=CC(C)C(O)CC(C)C(O)C(O)CC(C)C1.CC(=O)O,1,C=CCC1C=C(C)CC(C)CC(OC)C2OC(O)(C(=O)C(=O)N3CCCCC3C(=O)OC(C(C)=CC3CCC(O)C(OC)C3)C(C)C=CC1O)C(C)CC2OC,patent,65,
CC1=CC(C)C(O)C=CC(C)C(O)CC(C)C(O)C(O)CC(C)C1,CC1=CC(C)C(O)C=CC(C)C(O)CC(C)C(=O)C(O)CC(C)C1.CC(C)O,0,C=CCC1C=C(C)CC(C)CC(OC)C2OC(O)(C(=O)C(=O)N3CCCCC3C(=O)OC(C(C)=CC3CCC(O)C(OC)C3)C(C)C=CC1O)C(C)CC2OC,patent,85,
CC(C)=CC1CCC(Br)CC1,CC(C)Br.O=C1CCC(Br)CC1,0,C=CCC1C=C(C)CC(C)CC(OC)C2OC(O)(C(=O)C(=O)N3CCCCC3C(=O)OC(C(C)=CC3CCC(O)C(OC)C3)C(C)C=CC1O)C(C)CC2OC,patent,95,
O=C1CCC(Br)CC1,OC1CCC(Br)CC1,0,C=CCC1C=C(C)CC(C)CC(OC)C2OC(O)(C(=O)C(=O)N3CCCCC3C(=O)OC(C(C)=CC3CCC(O)C(OC)C3)C(C)C=CC1O)C(C)CC2OC,patent,100,
COC(=O)C1CCCCN1,COC(=O)c1ccccn1,1,C=CCC1C=C(C)CC(C)CC(OC)C2OC(O)(C(=O)C(=O)N3CCCCC3C(=O)OC(C(C)=CC3CCC(O)C(OC)C3)C(C)C=CC1O)C(C)CC2OC,patent,60,
CC(=O)NC[C@H]1CC[C@@H](C(=O)Nc2cccc(OC(F)(F)F)c2)N1,CC(=O)NC[C@H]1CC[C@@H](C(=O)O)N1.Nc2cccc(OC(F)(F)F)c2,0,unknown,patent,95,
CC(=O)NC[C@H]1CC[C@@H](C(=O)O)N1,CC(=O)NC(=O)[C@H]1CC[C@@H](C(=O)O)N1,0,CC(=O)NC[C@H]1CC[C@@H](C(=O)Nc2cccc(OC(F)(F)F)c2)N1,patent,95,
CC(=O)NC(=O)[C@H]1CC[C@@H](C(=O)O)N1,CC(N)=O.O=C(O)[C@@H]1CC[C@H](C(=O)Cl)N1,0,CC(=O)NC[C@H]1CC[C@@H](C(=O)Nc2cccc(OC(F)(F)F)c2)N1,patent,95,
O=C(O)[C@@H]1CC[C@H](C(=O)Cl)N1,O=S(Cl)Cl.O=C(O)[C@@H]1CC[C@H](C(=O)O)N1,0,CC(=O)NC[C@H]1CC[C@@H](C(=O)Nc2cccc(OC(F)(F)F)c2)N1,patent,90,
Nc1cccc(OC(F)(F)F)c1,O=[N+]([O-])c1cccc(OC(F)(F)F)c1,0,CC(=O)NC[C@H]1CC[C@@H](C(=O)Nc2cccc(OC(F)(F)F)c2)N1,patent,90,
COC(=O)c1ccc2c(c1)C=CC(=C(Cl)Cl)CO2,COC(=O)c1ccc2c(c1)C=CC(=O)CO2,0,COC(=O)c1ccc2c(c1)C=CC(=C(Cl)Cl)CO2,patent,80,
COC(=O)c1ccc2c(c1)C=CC(=O)CO2,COC(=O)c1ccc(O)c(C=CC(=O)CO)c1,1,COC(=O)c1ccc2c(c1)C=CC(=C(Cl)Cl)CO2,patent,70,
COC(=O)c1ccc(O)c(C=CC(=O)CO)c1,CC(=O)CO.COC(=O)c1ccc(O)c(C=O)c1,0,COC(=O)c1ccc2c(c1)C=CC(=C(Cl)Cl)CO2,patent,95,
Cc1ccc(C(C)(C)C)cc1S[C@@H]1O[C@H](CO)[C@@H](O)[C@H](O)[C@H]1O,Cc1ccc(C(C)(C)C)cc1F.OC[C@H]1O[C@@H](S)[C@H](O)[C@@H](O)[C@@H]1O,0,Cc1ccc(C(C)(C)C)cc1S[C@@H]1O[C@H](CO)[C@@H](O)[C@H](O)[C@H]1O,patent,95,
Cc1ccc(C(C)(C)C)cc1F,CC(C)(C)Cl.Cc1ccccc1F,0,Cc1ccc(C(C)(C)C)cc1S[C@@H]1O[C@H](CO)[C@@H](O)[C@H](O)[C@H]1O,patent,95,
COC(=O)[C@@H]1CCCC2(CCCCC2)[C@H]1O,O=C(O)[C@@H]1CCCC2(CCCCC2)[C@H]1O.CO,0,COC(=O)[C@@H]1CCCC2(CCCCC2)[C@H]1O,patent,95,
O=C(O)[C@@H]1CCCC2(CCCCC2)[C@H]1O,O=C[C@@H]1CCCC2(CCCCC2)[C@H]1O,0,COC(=O)[C@@H]1CCCC2(CCCCC2)[C@H]1O,patent,90,
O=C[C@@H]1CCCC2(CCCCC2)[C@H]1O,OC[C@@H]1CCCC2(CCCCC2)[C@H]1O,0,COC(=O)[C@@H]1CCCC2(CCCCC2)[C@H]1O,patent,100,
OC[C@@H]1CCCC2(CCCCC2)[C@H]1O,C=C[C@@H]1CCCC2(CCCCC2)C1,0,COC(=O)[C@@H]1CCCC2(CCCCC2)[C@H]1O,patent,85,
C=C[C@@H]1CCCC2(CCCCC2)C1,C=CC1CCCCC1.BrCCCCCBr,1,COC(=O)[C@@H]1CCCC2(CCCCC2)[C@H]1O,patent,40,
CC(C)S(=O)(=O)N[C@H]1CCOC[C@H]1c1ccc(I)cc1,N[C@H]1CCOC[C@H]1c1ccc(I)cc1.CC(C)S(=O)(=O)Cl,0,CC(C)S(=O)(=O)N[C@H]1CCOC[C@H]1c1ccc(I)cc1,patent,95,
N[C@H]1CCOC[C@H]1c1ccc(I)cc1,O=C1CCOC[C@H]1c1ccc(I)cc1.N,0,CC(C)S(=O)(=O)N[C@H]1CCOC[C@H]1c1ccc(I)cc1,patent,95,
O=C1CCOC[C@H]1c1ccc(I)cc1,O=C(O)CCC[C@H](O)c1ccc(I)cc1,1,CC(C)S(=O)(=O)N[C@H]1CCOC[C@H]1c1ccc(I)cc1,patent,45,
O=C(O)CCC[C@H](O)c1ccc(I)cc1,O=C(O)CCCC(=O)c1ccc(I)cc1,0,CC(C)S(=O)(=O)N[C@H]1CCOC[C@H]1c1ccc(I)cc1,patent,100,
O=C(O)CCCC(=O)c1ccc(I)cc1,O=C(O)CCCC(=O)O.Ic1ccccc1,1,CC(C)S(=O)(=O)N[C@H]1CCOC[C@H]1c1ccc(I)cc1,patent,35,
CN1CC[C@@H](c2c(O)cc(O)c3c(=O)cc(-c4ccc(C(F)(F)F)cc4)oc23)[C@@H]1CO,O=c1cc(-c2ccc(C(F)(F)F)cc2)oc2c(Br)c(O)cc(O)c12.CN1CC[C@@H](B(O)O)[C@@H]1CO,1,CN1CC[C@@H](c2c(O)cc(O)c3c(=O)cc(-c4ccc(C(F)(F)F)cc4)oc23)[C@@H]1CO,patent,30,
O=c1cc(-c2ccc(C(F)(F)F)cc2)oc2c(Br)c(O)cc(O)c12,O=C1CCC(=O)N1Br.O=c1cc(-c2ccc(C(F)(F)F)cc2)oc2cc(O)cc(O)c12,1,CN1CC[C@@H](c2c(O)cc(O)c3c(=O)cc(-c4ccc(C(F)(F)F)cc4)oc23)[C@@H]1CO,patent,55,
O=c1cc(-c2ccc(C(F)(F)F)cc2)oc2cc(O)cc(O)c12,CC(=O)c1c(O)cc(O)cc1O.O=C(Cl)c1ccc(C(F)(F)F)cc1,1,CN1CC[C@@H](c2c(O)cc(O)c3c(=O)cc(-c4ccc(C(F)(F)F)cc4)oc23)[C@@H]1CO,patent,5,
CN1CC[C@@H](B(O)O)[C@@H]1CO,CN1CC[C@@H](Br)[C@@H]1CO,0,CN1CC[C@@H](c2c(O)cc(O)c3c(=O)cc(-c4ccc(C(F)(F)F)cc4)oc23)[C@@H]1CO,patent,80,
CN1CC[C@@H](Br)[C@@H]1CO,CN1CC[C@@H](Br)[C@@H]1C=O,0,CN1CC[C@@H](c2c(O)cc(O)c3c(=O)cc(-c4ccc(C(F)(F)F)cc4)oc23)[C@@H]1CO,patent,100,
CC#CCn1c(Br)nc(C=O)c1C(=O)OC,CC#CCBr.COC(=O)c1[nH]c(Br)nc1C=O,0,CC#CCn1c(Br)nc(C=O)c1C(=O)OC,patent,95,
COC(=O)c1[nH]c(Br)nc1C=O,COC(=O)c1[nH]cnc1C=O.O=C1CCC(=O)N1Br,1,CC#CCn1c(Br)nc(C=O)c1C(=O)OC,patent,30,
Cc1ccn2cc(CO)n(-c3ccccc3)c(=O)c12,Cc1ccn2cc(C=O)n(-c3ccccc3)c(=O)c12,0,Cc1ccn2cc(CO)n(-c3ccccc3)c(=O)c12,patent,100,
CC(C)(CO)n1c(CO)nc2cnc(Br)cc21,O=C(O)CO.CC(C)(CO)Nc1cc(Br)ncc1N,1,CC(C)(CO)n1c(CO)nc2cnc(Br)cc21,patent,25,
CC(C)(CO)Nc1cc(Br)ncc1N,CC(C)(CO)Nc1cc(Br)ncc1N=C(c1ccccc1)c1ccccc1,1,CC(C)(CO)n1c(CO)nc2cnc(Br)cc21,patent,0,
CC(C)(CO)Nc1cc(Br)ncc1N=C(c1ccccc1)c1ccccc1,N=C(c1ccccc1)c1ccccc1.CC(C)(CO)Nc1cc(Br)ncc1Br,0,CC(C)(CO)n1c(CO)nc2cnc(Br)cc21,patent,95,
CC(C)(CO)Nc1cc(Br)ncc1Br,CC(C)(N)CO.Brc1cc(Br)c(Br)cn1,1,CC(C)(CO)n1c(CO)nc2cnc(Br)cc21,patent,35,
Brc1cc(Br)c(Br)cn1,O=C1CCC(=O)N1Br.Brc1ccnc(Br)c1,1,CC(C)(CO)n1c(CO)nc2cnc(Br)cc21,patent,55,
C[C@H](c1ccccc1)N1C[C@]2(C(=O)OC(C)(C)C)C=CC[C@@H]2C1=S,C[C@H](c1ccccc1)N1C[C@]2(C(=O)OC(C)(C)C)C=CC[C@@H]2C1=O,0,C[C@H](c1ccccc1)N1C[C@]2(C(=O)OC(C)(C)C)C=CC[C@@H]2C1=S,patent,95,
C[C@H](c1ccccc1)N1C[C@]2(C(=O)OC(C)(C)C)C=CC[C@@H]2C1=O,CC(C)(C)OC(=O)[C@]12C=CC[C@H]1C(=O)NC2.C[C@H](Br)c1ccccc1,0,C[C@H](c1ccccc1)N1C[C@]2(C(=O)OC(C)(C)C)C=CC[C@@H]2C1=S,patent,95,
CC(C)(C)OC(=O)[C@]12C=CC[C@H]1C(=O)NC2,CC(C)(C)OC(=O)[C@]1(CN)C=CC[C@H]1C(=O)O,1,C[C@H](c1ccccc1)N1C[C@]2(C(=O)OC(C)(C)C)C=CC[C@@H]2C1=S,patent,45,
CC(C)(C)OC(=O)[C@]1(CN)C=CC[C@H]1C(=O)O,CC(C)(C)OC(=O)[C]1C=CC[C@H]1C(=O)O,0,C[C@H](c1ccccc1)N1C[C@]2(C(=O)OC(C)(C)C)C=CC[C@@H]2C1=S,patent,85,
CC(C)(C)OC(=O)[C]1C=CC[C@H]1C(=O)O,C=CC[C@@H]([C](C=C)C(=O)OC(C)(C)C)C(=O)O,1,C[C@H](c1ccccc1)N1C[C@]2(C(=O)OC(C)(C)C)C=CC[C@@H]2C1=S,patent,65,
C=CC[C@@H]([C](C=C)C(=O)OC(C)(C)C)C(=O)O,C=CC[C@H](C(=O)O)[C@](C=C)(C(=O)O)C(=O)OC(C)(C)C,0,C[C@H](c1ccccc1)N1C[C@]2(C(=O)OC(C)(C)C)C=CC[C@@H]2C1=S,patent,90,
C=CC[C@H](C(=O)O)[C@](C=C)(C(=O)O)C(=O)OC(C)(C)C,C=CC[C@H](C(=O)O)C(C(=O)O)(C(=O)O)C(=O)OC(C)(C)C,0,C[C@H](c1ccccc1)N1C[C@]2(C(=O)OC(C)(C)C)C=CC[C@@H]2C1=S,patent,90,
C=CC[C@H](C(=O)O)C(C(=O)O)(C(=O)O)C(=O)OC(C)(C)C,C=CC[C@H](C(=O)O)C(C(=O)O)(C(=O)O)C(=O)O.CC(C)(C)O,0,C[C@H](c1ccccc1)N1C[C@]2(C(=O)OC(C)(C)C)C=CC[C@@H]2C1=S,patent,95,
C=CC[C@H](C(=O)O)C(C(=O)O)(C(=O)O)C(=O)O,C=CCC(C(=O)O)C(=O)O.O=C(O)C(=O)C(=O)O,0,C[C@H](c1ccccc1)N1C[C@]2(C(=O)OC(C)(C)C)C=CC[C@@H]2C1=S,patent,95,
C=CCC(C(=O)O)C(=O)O,C=CCC(C(=O)OCC)C(=O)OCC,0,C[C@H](c1ccccc1)N1C[C@]2(C(=O)OC(C)(C)C)C=CC[C@@H]2C1=S,patent,80,
C[C@H](Br)c1ccccc1,C[C@H](Br)c1ccccc1N,1,C[C@H](c1ccccc1)N1C[C@]2(C(=O)OC(C)(C)C)C=CC[C@@H]2C1=S,patent,35,
C[C@H](Br)c1ccccc1N,C[C@H](Br)c1ccccc1[N+](=O)[O-],0,C[C@H](c1ccccc1)N1C[C@]2(C(=O)OC(C)(C)C)C=CC[C@@H]2C1=S,patent,90,
CCOC(=O)c1nc(N2CC[C@H](NC(=O)c3nc(C(F)(F)F)c(CC)[nH]3)[C@H](OC)C2)sc1C,CCOC(=O)c1nc(N2CC[C@H](N)[C@H](OC)C2)sc1C.CCc1[nH]c(C(=O)O)nc1C(F)(F)F,0,CCOC(=O)c1nc(N2CC[C@H](NC(=O)c3nc(C(F)(F)F)c(CC)[nH]3)[C@H](OC)C2)sc1C,patent,95,
CCOC(=O)c1nc(N2CC[C@H](N)[C@H](OC)C2)sc1C,CO[C@@H]1CNCC[C@@H]1N.CCOC(=O)c1nc(Cl)sc1C,0,CCOC(=O)c1nc(N2CC[C@H](NC(=O)c3nc(C(F)(F)F)c(CC)[nH]3)[C@H](OC)C2)sc1C,patent,95,
CCc1[nH]c(C(=O)O)nc1C(F)(F)F,CCc1cnc(C(F)(F)F)[nH]1.O=C=O,0,CCOC(=O)c1nc(N2CC[C@H](NC(=O)c3nc(C(F)(F)F)c(CC)[nH]3)[C@H](OC)C2)sc1C,patent,95,
CCc1cnc(C(F)(F)F)[nH]1,CC(=O)c1cnc(C(F)(F)F)[nH]1,0,CCOC(=O)c1nc(N2CC[C@H](NC(=O)c3nc(C(F)(F)F)c(CC)[nH]3)[C@H](OC)C2)sc1C,patent,95,
CC(=O)c1cnc(C(F)(F)F)[nH]1,CC(=O)Cl.FC(F)(F)c1ncc[nH]1,0,CCOC(=O)c1nc(N2CC[C@H](NC(=O)c3nc(C(F)(F)F)c(CC)[nH]3)[C@H](OC)C2)sc1C,patent,95,
COC[C@H](C)COCc1ccc([C@@]2(O)CCNC[C@@H]2c2noc(-c3ccccc3CCNC(C)=O)c2Br)cc1,COC[C@H](C)CO.CC(=O)NCCc1ccccc1-c1onc([C@H]2CNCC[C@]2(O)c2ccc(CBr)cc2)c1Br,0,COC[C@H](C)COCc1ccc([C@@]2(O)CCNC[C@@H]2c2noc(-c3ccccc3CCNC(C)=O)c2Br)cc1,patent,95,
COC[C@H](C)CO,COC[C@H](C)C(=O)O,0,COC[C@H](C)COCc1ccc([C@@]2(O)CCNC[C@@H]2c2noc(-c3ccccc3CCNC(C)=O)c2Br)cc1,patent,95,
CC(=O)NCCc1ccccc1-c1onc([C@H]2CNCC[C@]2(O)c2ccc(CBr)cc2)c1Br,NCCc1ccccc1-c1onc([C@H]2CNCC[C@]2(O)c2ccc(CBr)cc2)c1Br.CC(=O)Cl,0,COC[C@H](C)COCc1ccc([C@@]2(O)CCNC[C@@H]2c2noc(-c3ccccc3CCNC(C)=O)c2Br)cc1,patent,95,
NCCc1ccccc1-c1onc([C@H]2CNCC[C@]2(O)c2ccc(CBr)cc2)c1Br,NCCc1ccccc1-c1onc(CCNCCC(=O)c2ccc(CBr)cc2)c1Br,1,COC[C@H](C)COCc1ccc([C@@]2(O)CCNC[C@@H]2c2noc(-c3ccccc3CCNC(C)=O)c2Br)cc1,patent,45,
NCCc1ccccc1-c1onc(CCNCCC(=O)c2ccc(CBr)cc2)c1Br,O=CCC(=O)c1ccc(CBr)cc1.NCCc1ccccc1-c1onc(CCN)c1Br,0,COC[C@H](C)COCc1ccc([C@@]2(O)CCNC[C@@H]2c2noc(-c3ccccc3CCNC(C)=O)c2Br)cc1,patent,95,
O=CCC(=O)c1ccc(CBr)cc1,Cc1ccc(C(=O)CC=O)cc1.O=C1CCC(=O)N1Br,1,COC[C@H](C)COCc1ccc([C@@]2(O)CCNC[C@@H]2c2noc(-c3ccccc3CCNC(C)=O)c2Br)cc1,patent,55,
Cc1ccc(C(=O)CC=O)cc1,CCOC=O.CC(=O)c1ccc(C)cc1,0,COC[C@H](C)COCc1ccc([C@@]2(O)CCNC[C@@H]2c2noc(-c3ccccc3CCNC(C)=O)c2Br)cc1,patent,90,
NCCc1ccccc1-c1onc(CCN)c1Br,BrCCc1ccccc1-c1onc(CCBr)c1Br,0,COC[C@H](C)COCc1ccc([C@@]2(O)CCNC[C@@H]2c2noc(-c3ccccc3CCNC(C)=O)c2Br)cc1,patent,90,
BrCCc1ccccc1-c1onc(CCBr)c1Br,CCc1ccccc1-c1onc(CC)c1Br,0,COC[C@H](C)COCc1ccc([C@@]2(O)CCNC[C@@H]2c2noc(-c3ccccc3CCNC(C)=O)c2Br)cc1,patent,80,
CCc1ccccc1-c1onc(CC)c1Br,C=Cc1noc(-c2ccccc2CC)c1Br,0,COC[C@H](C)COCc1ccc([C@@]2(O)CCNC[C@@H]2c2noc(-c3ccccc3CCNC(C)=O)c2Br)cc1,patent,100,
C=Cc1noc(-c2ccccc2CC)c1Br,C=CB1OC(C)(C)C(C)(C)O1.CCc1ccccc1-c1onc(Cl)c1Br,1,COC[C@H](C)COCc1ccc([C@@]2(O)CCNC[C@@H]2c2noc(-c3ccccc3CCNC(C)=O)c2Br)cc1,patent,20,
CCc1ccccc1-c1onc(Cl)c1Br,O=C1CCC(=O)N1Br.CCc1ccccc1-c1cc(Cl)no1,1,COC[C@H](C)COCc1ccc([C@@]2(O)CCNC[C@@H]2c2noc(-c3ccccc3CCNC(C)=O)c2Br)cc1,patent,30,
CCc1ccccc1-c1cc(Cl)no1,O=[N+]([O-])CCl.C#Cc1ccccc1CC,1,COC[C@H](C)COCc1ccc([C@@]2(O)CCNC[C@@H]2c2noc(-c3ccccc3CCNC(C)=O)c2Br)cc1,patent,25,
COCCCc1cc(CN(C(=O)[C@H]2CN(C(=O)OC(C)(C)C)CC[C@@H]2c2ccc(OCCOc3c(Cl)cc(C)cc3Cl)cc2)C2CC2)cc(OCCCC#N)c1,COCCCc1cc(C=O)cc(OCCCC#N)c1.NC1CC1.Cc1cc(Cl)c(OCCOc2ccc([C@H]3CCN(C(=O)OC(C)(C)C)C[C@@H]3C(=O)O)cc2)c(Cl)c1,0,COCCCc1cc(CN(C(=O)[C@H]2CN(C(=O)OC(C)(C)C)CC[C@@H]2c2ccc(OCCOc3c(Cl)cc(C)cc3Cl)cc2)C2CC2)cc(OCCCC#N)c1,patent,90,
COCCCc1cc(C=O)cc(OCCCC#N)c1,C=CCOC.N#CCCCOc1cc(Br)cc(C=O)c1,0,COCCCc1cc(CN(C(=O)[C@H]2CN(C(=O)OC(C)(C)C)CC[C@@H]2c2ccc(OCCOc3c(Cl)cc(C)cc3Cl)cc2)C2CC2)cc(OCCCC#N)c1,patent,95,
N#CCCCOc1cc(Br)cc(C=O)c1,N#CCCCBr.O=Cc1cc(O)cc(Br)c1,0,COCCCc1cc(CN(C(=O)[C@H]2CN(C(=O)OC(C)(C)C)CC[C@@H]2c2ccc(OCCOc3c(Cl)cc(C)cc3Cl)cc2)C2CC2)cc(OCCCC#N)c1,patent,95,
Cc1cc(Cl)c(OCCOc2ccc([C@H]3CCN(C(=O)OC(C)(C)C)C[C@@H]3C(=O)O)cc2)c(Cl)c1,Cc1cc(Cl)c(OCCOc2ccc([C@H]3CCNC[C@@H]3C(=O)O)cc2)c(Cl)c1.CC(C)(C)OC(=O)OC(=O)OC(C)(C)C,1,COCCCc1cc(CN(C(=O)[C@H]2CN(C(=O)OC(C)(C)C)CC[C@@H]2c2ccc(OCCOc3c(Cl)cc(C)cc3Cl)cc2)C2CC2)cc(OCCCC#N)c1,patent,75,
Cc1cc(Cl)c(OCCOc2ccc([C@H]3CCNC[C@@H]3C(=O)O)cc2)c(Cl)c1,O=C(O)[C@H]1CNCC[C@@H]1c1ccc(O)cc1.Cc1cc(Cl)c(OCCCl)c(Cl)c1,0,COCCCc1cc(CN(C(=O)[C@H]2CN(C(=O)OC(C)(C)C)CC[C@@H]2c2ccc(OCCOc3c(Cl)cc(C)cc3Cl)cc2)C2CC2)cc(OCCCC#N)c1,patent,95,
O=C(O)[C@H]1CNCC[C@@H]1c1ccc(O)cc1,OC[C@H]1CNCC[C@@H]1c1ccc(O)cc1,0,COCCCc1cc(CN(C(=O)[C@H]2CN(C(=O)OC(C)(C)C)CC[C@@H]2c2ccc(OCCOc3c(Cl)cc(C)cc3Cl)cc2)C2CC2)cc(OCCCC#N)c1,patent,90,
OC[C@H]1CNCC[C@@H]1c1ccc(O)cc1,O=CC[C@H](CCNC[C@H](O)C=O)c1ccc(O)cc1,1,COCCCc1cc(CN(C(=O)[C@H]2CN(C(=O)OC(C)(C)C)CC[C@@H]2c2ccc(OCCOc3c(Cl)cc(C)cc3Cl)cc2)C2CC2)cc(OCCCC#N)c1,patent,40,
O=CC[C@H](CCNC[C@H](O)C=O)c1ccc(O)cc1,O=CCC(CC=O)c1ccc(O)cc1.NC[C@H](O)C=O,0,COCCCc1cc(CN(C(=O)[C@H]2CN(C(=O)OC(C)(C)C)CC[C@@H]2c2ccc(OCCOc3c(Cl)cc(C)cc3Cl)cc2)C2CC2)cc(OCCCC#N)c1,patent,95,
O=CCC(CC=O)c1ccc(O)cc1,OCCC(CCO)c1ccc(O)cc1,0,COCCCc1cc(CN(C(=O)[C@H]2CN(C(=O)OC(C)(C)C)CC[C@@H]2c2ccc(OCCOc3c(Cl)cc(C)cc3Cl)cc2)C2CC2)cc(OCCCC#N)c1,patent,100,
OCCC(CCO)c1ccc(O)cc1,C=Cc1ccc(O)cc1.C1CO1,1,COCCCc1cc(CN(C(=O)[C@H]2CN(C(=O)OC(C)(C)C)CC[C@@H]2c2ccc(OCCOc3c(Cl)cc(C)cc3Cl)cc2)C2CC2)cc(OCCCC#N)c1,patent,60,
C=Cc1ccc(O)cc1,C=Cc1ccc(OC)cc1,0,COCCCc1cc(CN(C(=O)[C@H]2CN(C(=O)OC(C)(C)C)CC[C@@H]2c2ccc(OCCOc3c(Cl)cc(C)cc3Cl)cc2)C2CC2)cc(OCCCC#N)c1,patent,95,
C[C@@H](O)c1nc2cnc3ccsc3c2n1[C@H]1CC[C@H](CO)CC1,COC(=O)[C@H]1CC[C@H](n2c([C@@H](C)O)nc3cnc4ccsc4c32)CC1,0,C[C@@H](O)c1nc2cnc3ccsc3c2n1[C@H]1CC[C@H](CO)CC1,patent,95,
COC(=O)[C@H]1CC[C@H](n2c([C@@H](C)O)nc3cnc4ccsc4c32)CC1,C[C@@H](O)C(N)=O.COC(=O)[C@H]1CC[C@H](Nc2c(N)cnc3ccsc23)CC1,1,C[C@@H](O)c1nc2cnc3ccsc3c2n1[C@H]1CC[C@H](CO)CC1,patent,5,
COC(=O)[C@H]1CC[C@H](Nc2c(N)cnc3ccsc23)CC1,COC(=O)[C@H]1CC[C@H](Nc2c([N+](=O)[O-])cnc3ccsc23)CC1,0,C[C@@H](O)c1nc2cnc3ccsc3c2n1[C@H]1CC[C@H](CO)CC1,patent,90,
COC(=O)[C@H]1CC[C@H](Nc2c([N+](=O)[O-])cnc3ccsc23)CC1,COC(=O)[C@H]1CC[C@H](N)CC1.O=[N+]([O-])c1cnc2ccsc2c1Cl,0,C[C@@H](O)c1nc2cnc3ccsc3c2n1[C@H]1CC[C@H](CO)CC1,patent,95,
C#CC1(O)C(C)=CC2(CC1(C)C(F)(F)F)OC(C)C(C)O2,C#CC1(O)C(C)=CC(=O)CC1(C)C(F)(F)F.CC(O)C(C)O,1,C#CC1(O)C(C)=CC2(CC1(C)C(F)(F)F)OC(C)C(C)O2,patent,65,
C#CC1(O)C(C)=CC(=O)CC1(C)C(F)(F)F,CC1=CC(=O)CC(C)(C(F)(F)F)C1=O.C#C,0,C#CC1(O)C(C)=CC2(CC1(C)C(F)(F)F)OC(C)C(C)O2,patent,95,
CC1=CC(=O)CC(C)(C(F)(F)F)C1=O,CC1=CC(=O)CCC1.CC(=O)C(F)(F)F,0,C#CC1(O)C(C)=CC2(CC1(C)C(F)(F)F)OC(C)C(C)O2,patent,95,
CC1=CC(=O)CCC1,CC(=O)O.CC1=CCCCC1,0,C#CC1(O)C(C)=CC2(CC1(C)C(F)(F)F)OC(C)C(C)O2,patent,90,
CC(C)(C)OC(=O)N[C@@H]1c2cccnc2C(=O)CC[C@H]1c1cccc(F)c1F,CC(C)(C)OC(=O)N[C@@H](c1cccnc1C=O)[C@H](CCBr)c1cccc(F)c1F,1,CC(C)(C)OC(=O)N[C@@H]1c2cccnc2C(=O)CC[C@H]1c1cccc(F)c1F,patent,70,
CC(C)(C)OC(=O)N[C@@H](c1cccnc1C=O)[C@H](CCBr)c1cccc(F)c1F,CC(C)(C)OC(=O)N[C@H](C=O)c1cccnc1C=O.N[C@H](CCBr)c1cccc(F)c1F,0,CC(C)(C)OC(=O)N[C@@H]1c2cccnc2C(=O)CC[C@H]1c1cccc(F)c1F,patent,95,
CC(C)(C)OC(=O)N[C@H](C=O)c1cccnc1C=O,CN(C)C=O.CC(C)(C)OC(=O)N[C@H](C=O)c1cccnc1,1,CC(C)(C)OC(=O)N[C@@H]1c2cccnc2C(=O)CC[C@H]1c1cccc(F)c1F,patent,30,
CC(C)(C)OC(=O)N[C@H](C=O)c1cccnc1,CC(C)(C)OC(=O)N[C@H](CO)c1cccnc1,0,CC(C)(C)OC(=O)N[C@@H]1c2cccnc2C(=O)CC[C@H]1c1cccc(F)c1F,patent,100,
N[C@H](CCBr)c1cccc(F)c1F,O=C1CCC(=O)N1Br.N[C@H](CCO)c1cccc(F)c1F,1,CC(C)(C)OC(=O)N[C@@H]1c2cccnc2C(=O)CC[C@H]1c1cccc(F)c1F,patent,55,
N[C@H](CCO)c1cccc(F)c1F,N[C@H](CC(=O)O)c1cccc(F)c1F,0,CC(C)(C)OC(=O)N[C@@H]1c2cccnc2C(=O)CC[C@H]1c1cccc(F)c1F,patent,95,
CS(=O)(=O)CCN1CCC(c2ccc3c(c2)-n2nc(-c4ncnn4CC(F)(F)F)cc2CCO3)CC1,CS(=O)(=O)CCN1CCC(c2ccc(O)c(-n3nc(-c4ncnn4CC(F)(F)F)cc3CCBr)c2)CC1,1,CS(=O)(=O)CCN1CCC(c2ccc3c(c2)-n2nc(-c4ncnn4CC(F)(F)F)cc2CCO3)CC1,patent,70,
CS(=O)(=O)CCN1CCC(c2ccc(O)c(-n3nc(-c4ncnn4CC(F)(F)F)cc3CCBr)c2)CC1,CCc1cc(-c2ncnn2CC(F)(F)F)nn1-c1cc(C2CCN(CCS(C)(=O)=O)CC2)ccc1O,0,CS(=O)(=O)CCN1CCC(c2ccc3c(c2)-n2nc(-c4ncnn4CC(F)(F)F)cc2CCO3)CC1,patent,90,
CCc1cc(-c2ncnn2CC(F)(F)F)nn1-c1cc(C2CCN(CCS(C)(=O)=O)CC2)ccc1O,CCc1cc(-c2ncnn2CC(F)(F)F)nn1-c1cc(C2CCNCC2)ccc1O.CS(=O)(=O)CCBr,0,CS(=O)(=O)CCN1CCC(c2ccc3c(c2)-n2nc(-c4ncnn4CC(F)(F)F)cc2CCO3)CC1,patent,95,
CCc1cc(-c2ncnn2CC(F)(F)F)nn1-c1cc(C2CCNCC2)ccc1O,Oc1ccc(C2CCNCC2)cc1Br.CCc1cc(-c2ncnn2CC(F)(F)F)n[nH]1,0,CS(=O)(=O)CCN1CCC(c2ccc3c(c2)-n2nc(-c4ncnn4CC(F)(F)F)cc2CCO3)CC1,patent,95,
Oc1ccc(C2CCNCC2)cc1Br,O=C1CCC(=O)N1Br.Oc1ccc(C2CCNCC2)cc1,1,CS(=O)(=O)CCN1CCC(c2ccc3c(c2)-n2nc(-c4ncnn4CC(F)(F)F)cc2CCO3)CC1,patent,55,
CCc1cc(-c2ncnn2CC(F)(F)F)n[nH]1,FC(F)(F)CBr.CCc1cc(-c2ncn[nH]2)n[nH]1,0,CS(=O)(=O)CCN1CCC(c2ccc3c(c2)-n2nc(-c4ncnn4CC(F)(F)F)cc2CCO3)CC1,patent,95,
CCc1cc(-c2ncn[nH]2)n[nH]1,NN.CCC(=O)Cl.CC(=O)c1ncn[nH]1,1,CS(=O)(=O)CCN1CCC(c2ccc3c(c2)-n2nc(-c4ncnn4CC(F)(F)F)cc2CCO3)CC1,patent,0,
NN,NN=O,0,CS(=O)(=O)CCN1CCC(c2ccc3c(c2)-n2nc(-c4ncnn4CC(F)(F)F)cc2CCO3)CC1,patent,95,
NN=O,O=N[N+](=O)[O-],0,CS(=O)(=O)CCN1CCC(c2ccc3c(c2)-n2nc(-c4ncnn4CC(F)(F)F)cc2CCO3)CC1,patent,90,
C[C@@H]1CCCN1CCc1nnc2cc(Br)ccc2c1O,C[C@@H]1CCCN1.Oc1c(CCBr)nnc2cc(Br)ccc12,0,C[C@@H]1CCCN1CCc1nnc2cc(Br)ccc2c1O,patent,95,
C[C@@H]1CCCN1,C[C@@H]1CCCN1Cc1ccccc1,1,C[C@@H]1CCCN1CCc1nnc2cc(Br)ccc2c1O,patent,0,
Oc1c(CCBr)nnc2cc(Br)ccc12,Oc1cnnc2cc(Br)ccc12.BrCCBr,0,C[C@@H]1CCCN1CCc1nnc2cc(Br)ccc2c1O,patent,95,
Oc1cnnc2cc(Br)ccc12,CC(=O)Oc1cnnc2cc(Br)ccc12,0,C[C@@H]1CCCN1CCc1nnc2cc(Br)ccc2c1O,patent,90,
CC(=O)Oc1cnnc2cc(Br)ccc12,O=C1CCC(=O)N1Br.CC(=O)Oc1cnnc2ccccc12,1,C[C@@H]1CCCN1CCc1nnc2cc(Br)ccc2c1O,patent,55,
CC(=O)Oc1cnnc2ccccc12,CC(=O)OC(C)=O.Oc1cnnc2ccccc12,0,C[C@@H]1CCCN1CCc1nnc2cc(Br)ccc2c1O,patent,90,
O=C(Cc1cccs1)NC1C(=O)N2C(C(=O)O)C(CBr)=CS[C@H]12,NC1C(=O)N2C(C(=O)O)C(CBr)=CSC12.O=C(Cl)Cc1cccs1,0,O=C(Cc1cccs1)NC1C(=O)N2C(C(=O)O)C(CBr)=CS[C@H]12,patent,95,
NC1C(=O)N2C(C(=O)O)C(CBr)=CSC12,CC1=CSC2C(N)C(=O)N2C1C(=O)O,0,O=C(Cc1cccs1)NC1C(=O)N2C(C(=O)O)C(CBr)=CS[C@H]12,patent,90,
CC1=CSC2C(N)C(=O)N2C1C(=O)O,CC=CSC(N)C(=O)NC(C(=O)O)C(=O)O,1,O=C(Cc1cccs1)NC1C(=O)N2C(C(=O)O)C(CBr)=CS[C@H]12,patent,40,
CC=CSC(N)C(=O)NC(C(=O)O)C(=O)O,NC(C(=O)O)C(=O)O.CC=CSC(N)C(=O)Cl,0,O=C(Cc1cccs1)NC1C(=O)N2C(C(=O)O)C(CBr)=CS[C@H]12,patent,95,
CC=CSC(N)C(=O)Cl,CC=CSC(N)C(=O)O,0,O=C(Cc1cccs1)NC1C(=O)N2C(C(=O)O)C(CBr)=CS[C@H]12,patent,95,
CC=CSC(N)C(=O)O,NC(CS)C(=O)O.C=CCBr,0,O=C(Cc1cccs1)NC1C(=O)N2C(C(=O)O)C(CBr)=CS[C@H]12,patent,95,
O=C(Cl)Cc1cccs1,O=C(Cl)C(=O)Cl.O=C(O)Cc1cccs1,0,O=C(Cc1cccs1)NC1C(=O)N2C(C(=O)O)C(CBr)=CS[C@H]12,patent,85,
CN1CCN(c2ccc3c(c2)[nH]c2c(C(N)=O)cc(-c4cnn(C)c4)nc23)CC1,CN1CCNCC1.Cn1cc(-c2cc(C(N)=O)c3[nH]c4cc(Cl)ccc4c3n2)cn1,0,CN1CCN(c2ccc3c(c2)[nH]c2c(C(N)=O)cc(-c4cnn(C)c4)nc23)CC1,patent,95,
CN1CCNCC1,CN1CCN(Cc2ccccc2)CC1,1,CN1CCN(c2ccc3c(c2)[nH]c2c(C(N)=O)cc(-c4cnn(C)c4)nc23)CC1,patent,0,
Cn1cc(-c2cc(C(N)=O)c3[nH]c4cc(Cl)ccc4c3n2)cn1,Cn1cc(-c2cc(C(=O)O)c3[nH]c4cc(Cl)ccc4c3n2)cn1,0,CN1CCN(c2ccc3c(c2)[nH]c2c(C(N)=O)cc(-c4cnn(C)c4)nc23)CC1,patent,95,
Cn1cc(-c2cc(C(=O)O)c3[nH]c4cc(Cl)ccc4c3n2)cn1,Cn1cc(B2OC(C)(C)C(C)(C)O2)cn1.O=C(O)c1cc(Cl)nc2c1[nH]c1cc(Cl)ccc12,1,CN1CCN(c2ccc3c(c2)[nH]c2c(C(N)=O)cc(-c4cnn(C)c4)nc23)CC1,patent,20,
O=C(O)c1cc(Cl)nc2c1[nH]c1cc(Cl)ccc12,O=C(O)c1cc(Cl)ncc1Nc1cccc(Cl)c1,1,CN1CCN(c2ccc3c(c2)[nH]c2c(C(N)=O)cc(-c4cnn(C)c4)nc23)CC1,patent,70,
O=C(O)c1cc(Cl)ncc1Nc1cccc(Cl)c1,CC(C)(C)OC(=O)c1cc(Cl)ncc1Nc1cccc(Cl)c1,0,CN1CCN(c2ccc3c(c2)[nH]c2c(C(N)=O)cc(-c4cnn(C)c4)nc23)CC1,patent,80,
CC(C)(C)OC(=O)c1cc(Cl)ncc1Nc1cccc(Cl)c1,Nc1cccc(Cl)c1.CC(C)(C)OC(=O)c1cc(Cl)ncc1Br,0,CN1CCN(c2ccc3c(c2)[nH]c2c(C(N)=O)cc(-c4cnn(C)c4)nc23)CC1,patent,95,
CC(C)(C)OC(=O)c1cc(Cl)ncc1Br,CC(C)(C)OC(=O)OC(=O)OC(C)(C)C.O=C(O)c1cc(Cl)ncc1Br,1,CN1CCN(c2ccc3c(c2)[nH]c2c(C(N)=O)cc(-c4cnn(C)c4)nc23)CC1,patent,70,
CC1(C)OCC(C)(C=O)N(Cc2ccccc2)C1=O,CC1(C)OCC(C)(CO)N(Cc2ccccc2)C1=O,0,CC1(C)OCC(C)(C=O)N(Cc2ccccc2)C1=O,patent,100,
CC1(C)OCC(C)(CO)N(Cc2ccccc2)C1=O,CC1(CO)COC(C)(C)C(=O)N1.BrCc1ccccc1,0,CC1(C)OCC(C)(C=O)N(Cc2ccccc2)C1=O,patent,95,
CC1(CO)COC(C)(C)C(=O)N1,CC(C)(O)CNC(C)(C)CO.O=C=O,1,CC1(C)OCC(C)(C=O)N(Cc2ccccc2)C1=O,patent,70,
CC(C)(O)CNC(C)(C)CO,CC1(C)CO1.CC(C)(N)CO,1,CC1(C)OCC(C)(C=O)N(Cc2ccccc2)C1=O,patent,75,
BrCc1ccccc1,Cc1ccccc1.O=C1CCC(=O)N1Br,1,CC1(C)OCC(C)(C=O)N(Cc2ccccc2)C1=O,patent,55,
COCCCc1cc(CN(C(=O)[C@H]2CN(C(=O)OC(C)(C)C)CC[C@@H]2c2ccc(OCCOc3c(Cl)cc(C)cc3Cl)cc2)C2CC2)cc(OS(=O)(=O)C(F)(F)F)c1,COCCCc1cc(CNC2CC2)cc(OS(=O)(=O)C(F)(F)F)c1.Cc1cc(Cl)c(OCCOc2ccc([C@H]3CCN(C(=O)OC(C)(C)C)C[C@@H]3C(=O)O)cc2)c(Cl)c1,0,COCCCc1cc(CN(C(=O)[C@H]2CN(C(=O)OC(C)(C)C)CC[C@@H]2c2ccc(OCCOc3c(Cl)cc(C)cc3Cl)cc2)C2CC2)cc(OS(=O)(=O)C(F)(F)F)c1,patent,95,
COCCCc1cc(CNC2CC2)cc(OS(=O)(=O)C(F)(F)F)c1,COCCCc1cc(C=O)cc(OS(=O)(=O)C(F)(F)F)c1.CNC1CC1,0,COCCCc1cc(CN(C(=O)[C@H]2CN(C(=O)OC(C)(C)C)CC[C@@H]2c2ccc(OCCOc3c(Cl)cc(C)cc3Cl)cc2)C2CC2)cc(OS(=O)(=O)C(F)(F)F)c1,patent,95,
COCCCc1cc(C=O)cc(OS(=O)(=O)C(F)(F)F)c1,COCCCc1cc(O)cc(C=O)c1.O=S(=O)(OS(=O)(=O)C(F)(F)F)C(F)(F)F,0,COCCCc1cc(CN(C(=O)[C@H]2CN(C(=O)OC(C)(C)C)CC[C@@H]2c2ccc(OCCOc3c(Cl)cc(C)cc3Cl)cc2)C2CC2)cc(OS(=O)(=O)C(F)(F)F)c1,patent,85,
COCCCc1cc(O)cc(C=O)c1,C=CCOC.O=Cc1cc(O)cc(Br)c1,0,COCCCc1cc(CN(C(=O)[C@H]2CN(C(=O)OC(C)(C)C)CC[C@@H]2c2ccc(OCCOc3c(Cl)cc(C)cc3Cl)cc2)C2CC2)cc(OS(=O)(=O)C(F)(F)F)c1,patent,95,
OC1CCCc2sc(-c3ccncc3)cc2C1c1ccc(Cl)cc1,O=C1CCCc2sc(-c3ccncc3)cc2C1.Clc1ccc(Br)cc1,0,OC1CCCc2sc(-c3ccncc3)cc2C1c1ccc(Cl)cc1,patent,95,
O=C1CCCc2sc(-c3ccncc3)cc2C1,OB(O)c1ccncc1.O=C1CCCc2sc(Br)cc2C1,0,OC1CCCc2sc(-c3ccncc3)cc2C1c1ccc(Cl)cc1,patent,90,
O=C1CCCc2sc(Br)cc2C1,O=C1CCCc2sccc2C1.O=C1CCC(=O)N1Br,1,OC1CCCc2sc(-c3ccncc3)cc2C1c1ccc(Cl)cc1,patent,30,
Clc1ccc(Br)cc1,Clc1ccccc1.O=C1CCC(=O)N1Br,1,OC1CCCc2sc(-c3ccncc3)cc2C1c1ccc(Cl)cc1,patent,55,
N[C@H]1CC[C@H]1c1ccc(Cl)cc1,CC(C)(C)OC(=O)N[C@H]1CC[C@H]1c1ccc(Cl)cc1,1,N[C@H]1CC[C@H]1c1ccc(Cl)cc1,patent,75,
CC(C)(C)OC(=O)N[C@H]1CC[C@H]1c1ccc(Cl)cc1,O=C1CCC(=O)N1Cl.CC(C)(C)OC(=O)N[C@H]1CC[C@H]1c1ccccc1,1,N[C@H]1CC[C@H]1c1ccc(Cl)cc1,patent,55,
CC(C)(C)OC(=O)N[C@H]1CC[C@H]1c1ccccc1,N[C@H]1CC[C@H]1c1ccccc1.CC(C)(C)OC(=O)OC(=O)OC(C)(C)C,1,N[C@H]1CC[C@H]1c1ccc(Cl)cc1,patent,75,
CN(C)CC(OCC1(c2ccc(F)cc2)CCN(C(=O)OC(C)(C)C)CC1)c1cc(Cl)cc2cn(COCC[Si](C)(C)C)nc12,CN(C)CC(O)c1cc(Cl)cc2cn(COCC[Si](C)(C)C)nc12.CC(C)(C)OC(=O)N1CCC(CBr)(c2ccc(F)cc2)CC1,0,CN(C)CC(OCC1(c2ccc(F)cc2)CCN(C(=O)OC(C)(C)C)CC1)c1cc(Cl)cc2cn(COCC[Si](C)(C)C)nc12,patent,95,
CN(C)CC(O)c1cc(Cl)cc2cn(COCC[Si](C)(C)C)nc12,C[Si](C)(C)CCOCCl.CN(C)CC(O)c1cc(Cl)cc2c[nH]nc12,0,CN(C)CC(OCC1(c2ccc(F)cc2)CCN(C(=O)OC(C)(C)C)CC1)c1cc(Cl)cc2cn(COCC[Si](C)(C)C)nc12,patent,95,
CN(C)CC(O)c1cc(Cl)cc2c[nH]nc12,CN(C)CC=O.Clc1cc(Br)c2n[nH]cc2c1,0,CN(C)CC(OCC1(c2ccc(F)cc2)CCN(C(=O)OC(C)(C)C)CC1)c1cc(Cl)cc2cn(COCC[Si](C)(C)C)nc12,patent,95,
CC(C)(C)OC(=O)N1CCC(CBr)(c2ccc(F)cc2)CC1,Fc1ccc(CCBr)cc1.CC(C)(C)OC(=O)N(CCCl)CCCl,1,CN(C)CC(OCC1(c2ccc(F)cc2)CCN(C(=O)OC(C)(C)C)CC1)c1cc(Cl)cc2cn(COCC[Si](C)(C)C)nc12,patent,40,
C=C(C[C@@H](Cc1ccc(-c2ccccc2)cc1)NC(=O)OC(C)(C)C)C(=O)O,CC(C)(C)OC(=O)N[C@@H](CC=O)Cc1ccc(-c2ccccc2)cc1.CCOC(=O)C(C(=O)OCC)=[PH](=O)(OCC)OCC,1,C=C(C[C@@H](Cc1ccc(-c2ccccc2)cc1)NC(=O)OC(C)(C)C)C(=O)O,patent,55,
CC(C)(C)OC(=O)N[C@@H](CC=O)Cc1ccc(-c2ccccc2)cc1,Brc1ccccc1.Cc1ccc(C[C@H](CC=O)NC(=O)OC(C)(C)C)cc1,0,C=C(C[C@@H](Cc1ccc(-c2ccccc2)cc1)NC(=O)OC(C)(C)C)C(=O)O,patent,95,
Cc1ccc(C[C@H](CC=O)NC(=O)OC(C)(C)C)cc1,Cc1ccc(C[C@H](CC(=O)O)NC(=O)OC(C)(C)C)cc1,0,C=C(C[C@@H](Cc1ccc(-c2ccccc2)cc1)NC(=O)OC(C)(C)C)C(=O)O,patent,95,
Cc1ccc(C[C@H](CC(=O)O)NC(=O)OC(C)(C)C)cc1,Cc1ccc(C[C@@H](N)CC(=O)O)cc1.CC(C)(C)OC(=O)OC(=O)OC(C)(C)C,1,C=C(C[C@@H](Cc1ccc(-c2ccccc2)cc1)NC(=O)OC(C)(C)C)C(=O)O,patent,75,
CCOC(=O)C(C(=O)OCC)=[PH](=O)(OCC)OCC,CCOP(OCC)OCC.CCOC(=O)C(Br)C(=O)OCC,0,C=C(C[C@@H](Cc1ccc(-c2ccccc2)cc1)NC(=O)OC(C)(C)C)C(=O)O,patent,90,
CCOP(OCC)OCC,ClP(Cl)Cl.CCO,1,C=C(C[C@@H](Cc1ccc(-c2ccccc2)cc1)NC(=O)OC(C)(C)C)C(=O)O,patent,60,
CCOC(=O)C(Br)C(=O)OCC,CCOC(=O)CC(=O)OCC.O=C1CCC(=O)N1Br,1,C=C(C[C@@H](Cc1ccc(-c2ccccc2)cc1)NC(=O)OC(C)(C)C)C(=O)O,patent,55,
Nc1ccc(OC2(S(=O)(=O)c3ccccc3)CC2)nc1Cl,Nc1ccc(F)nc1Cl.O=S(=O)(c1ccccc1)C1(O)CC1,0,Nc1ccc(OC2(S(=O)(=O)c3ccccc3)CC2)nc1Cl,patent,95,
Nc1ccc(F)nc1Cl,O=[N+]([O-])c1ccc(F)nc1Cl,0,Nc1ccc(OC2(S(=O)(=O)c3ccccc3)CC2)nc1Cl,patent,90,
O=S(=O)(c1ccccc1)C1(O)CC1,O=C1CC1.O=[SH](=O)c1ccccc1,0,Nc1ccc(OC2(S(=O)(=O)c3ccccc3)CC2)nc1Cl,patent,95,
O=[SH](=O)c1ccccc1,Nc1ccc([SH](=O)=O)cc1,1,Nc1ccc(OC2(S(=O)(=O)c3ccccc3)CC2)nc1Cl,patent,35,
C[C@]1(F)CC(F)(F)[C@@](C)(c2cc(N)ccc2F)N=C1N,C[C@]1(F)CC(F)(F)[C@@](C)(c2cc(N)ccc2F)NC1=O,0,C[C@]1(F)CC(F)(F)[C@@](C)(c2cc(N)ccc2F)N=C1N,patent,95,
C[C@]1(F)CC(F)(F)[C@@](C)(c2cc(N)ccc2F)NC1=O,C[C@](F)(CC(F)(F)[C@@](C)(N)c1cc(N)ccc1F)C(=O)O,1,C[C@]1(F)CC(F)(F)[C@@](C)(c2cc(N)ccc2F)N=C1N,patent,45,
C[C@](F)(CC(F)(F)[C@@](C)(N)c1cc(N)ccc1F)C(=O)O,C[C@](F)(Br)C(=O)O.CC(F)(F)[C@@](C)(N)c1cc(N)ccc1F,0,C[C@]1(F)CC(F)(F)[C@@](C)(c2cc(N)ccc2F)N=C1N,patent,95,
CC(F)(F)[C@@](C)(N)c1cc(N)ccc1F,CC(F)(F)C(=O)c1cc(N)ccc1F.N,0,C[C@]1(F)CC(F)(F)[C@@](C)(c2cc(N)ccc2F)N=C1N,patent,90,
CC(F)(F)C(=O)c1cc(N)ccc1F,CCOC(=O)C(C)(F)F.Nc1ccc(F)c(Br)c1,0,C[C@]1(F)CC(F)(F)[C@@](C)(c2cc(N)ccc2F)N=C1N,patent,90,
COc1ccc2c(Nc3c(Cl)cncc3Cl)cc(=O)[nH]c2c1OCCCCCCN1CCCNCC1,COc1ccc2c(N)cc(=O)[nH]c2c1OCCCCCCN1CCCNCC1.Clc1cncc(Cl)c1Cl,0,COc1ccc2c(Nc3c(Cl)cncc3Cl)cc(=O)[nH]c2c1OCCCCCCN1CCCNCC1,patent,95,
COc1ccc2c(N)cc(=O)[nH]c2c1OCCCCCCN1CCCNCC1,COc1ccc2c(N)cc(=O)[nH]c2c1O.BrCCCCCCN1CCCNCC1,0,COc1ccc2c(Nc3c(Cl)cncc3Cl)cc(=O)[nH]c2c1OCCCCCCN1CCCNCC1,patent,95,
COc1ccc2c(N)cc(=O)[nH]c2c1O,COc1ccc2c(Br)cc(=O)[nH]c2c1O.N,0,COc1ccc2c(Nc3c(Cl)cncc3Cl)cc(=O)[nH]c2c1OCCCCCCN1CCCNCC1,patent,95,
COc1ccc2c(Br)cc(=O)[nH]c2c1O,COc1ccc2c(Br)cc(=O)[nH]c2c1OC,1,COc1ccc2c(Nc3c(Cl)cncc3Cl)cc(=O)[nH]c2c1OCCCCCCN1CCCNCC1,patent,35,
COc1ccc2c(Br)cc(=O)[nH]c2c1OC,COc1cccc(NC(=O)CC(=O)Br)c1OC,1,COc1ccc2c(Nc3c(Cl)cncc3Cl)cc(=O)[nH]c2c1OCCCCCCN1CCCNCC1,patent,5,
COc1cccc(NC(=O)CC(=O)Br)c1OC,COc1cccc(N)c1OC.CCOC(=O)CC(=O)Br,0,COc1ccc2c(Nc3c(Cl)cncc3Cl)cc(=O)[nH]c2c1OCCCCCCN1CCCNCC1,patent,90,
CCOC(=O)CC(=O)Br,CCOC(=O)OCC.CC(=O)Br,0,COc1ccc2c(Nc3c(Cl)cncc3Cl)cc(=O)[nH]c2c1OCCCCCCN1CCCNCC1,patent,90,
BrCCCCCCN1CCCNCC1,C1CNCCNC1.ClCCCCCCBr,0,COc1ccc2c(Nc3c(Cl)cncc3Cl)cc(=O)[nH]c2c1OCCCCCCN1CCCNCC1,patent,95,
Clc1cncc(Cl)c1Cl,O=P(Cl)(Cl)Cl.Oc1c(Cl)cncc1Cl,1,COc1ccc2c(Nc3c(Cl)cncc3Cl)cc(=O)[nH]c2c1OCCCCCCN1CCCNCC1,patent,30,
COc1cc2ncc3c(N)nc(-c4cncc(OCCNCc5ccc(F)cc5)c4)cc3c2cc1OC,COc1cc2ncc3c(N)nc(Br)cc3c2cc1OC.OB(O)c1cncc(OCCNCc2ccc(F)cc2)c1,0,COc1cc2ncc3c(N)nc(-c4cncc(OCCNCc5ccc(F)cc5)c4)cc3c2cc1OC,patent,90,
COc1cc2ncc3c(N)nc(Br)cc3c2cc1OC,COc1cc2ncc3c(N)nccc3c2cc1OC,0,COc1cc2ncc3c(N)nc(-c4cncc(OCCNCc5ccc(F)cc5)c4)cc3c2cc1OC,patent,90,
COc1cc2ncc3c(N)nccc3c2cc1OC,COc1cc2ncc3c(Cl)nccc3c2cc1OC,0,COc1cc2ncc3c(N)nc(-c4cncc(OCCNCc5ccc(F)cc5)c4)cc3c2cc1OC,patent,95,
COc1cc2ncc3c(Cl)nccc3c2cc1OC,Oc1cc2ncc3c(Cl)nccc3c2cc1O.CI,0,COc1cc2ncc3c(N)nc(-c4cncc(OCCNCc5ccc(F)cc5)c4)cc3c2cc1OC,patent,90,
Oc1cc2ncc3c(Cl)nccc3c2cc1O,Oc1cc2ncc3cnccc3c2cc1O,0,COc1cc2ncc3c(N)nc(-c4cncc(OCCNCc5ccc(F)cc5)c4)cc3c2cc1OC,patent,90,
Oc1cc2ncc3cnccc3c2cc1O,c1ccc2c(c1)ncc1cnccc12,0,COc1cc2ncc3c(N)nc(-c4cncc(OCCNCc5ccc(F)cc5)c4)cc3c2cc1OC,patent,80,
c1ccc2c(c1)ncc1cnccc12,Clc1nc2ccccc2c2ccncc12,0,COc1cc2ncc3c(N)nc(-c4cncc(OCCNCc5ccc(F)cc5)c4)cc3c2cc1OC,patent,95,
Clc1nc2ccccc2c2ccncc12,O=P(Cl)(Cl)Cl.O=c1[nH]c2ccccc2c2ccncc12,0,COc1cc2ncc3c(N)nc(-c4cncc(OCCNCc5ccc(F)cc5)c4)cc3c2cc1OC,patent,90,
O=c1[nH]c2ccccc2c2ccncc12,Nc1ccccc1B(O)O.COC(=O)c1cnccc1Br,1,COc1cc2ncc3c(N)nc(-c4cncc(OCCNCc5ccc(F)cc5)c4)cc3c2cc1OC,patent,35,
OB(O)c1cncc(OCCNCc2ccc(F)cc2)c1,NCc1ccc(F)cc1.OB(O)c1cncc(OCCBr)c1,0,COc1cc2ncc3c(N)nc(-c4cncc(OCCNCc5ccc(F)cc5)c4)cc3c2cc1OC,patent,95,
OB(O)c1cncc(OCCBr)c1,OB(O)c1cncc(O)c1.BrCCBr,0,COc1cc2ncc3c(N)nc(-c4cncc(OCCNCc5ccc(F)cc5)c4)cc3c2cc1OC,patent,95,
CC(C)c1ccc2c(c1)OC1(O)c3ccccc3C(=O)C21NC(=O)c1cc(-c2ccccc2)n[nH]1,CC(C)c1ccc2c(c1)OC1(O)c3ccccc3C(=O)C21N.O=C(O)c1cc(-c2ccccc2)n[nH]1,0,CC(C)c1ccc2c(c1)OC1(O)c3ccccc3C(=O)C21NC(=O)c1cc(-c2ccccc2)n[nH]1,patent,95,
CC(C)c1ccc2c(c1)OC1(O)c3ccccc3C(=O)C21N,CC(C)c1ccc(O)c(C2(O)c3ccccc3C(=O)C2N)c1,1,CC(C)c1ccc2c(c1)OC1(O)c3ccccc3C(=O)C21NC(=O)c1cc(-c2ccccc2)n[nH]1,patent,45,
CC(C)c1ccc(O)c(C2(O)c3ccccc3C(=O)C2N)c1,CC(C)c1ccc(O)c(Br)c1.NC1C(=O)c2ccccc2C1=O,0,CC(C)c1ccc2c(c1)OC1(O)c3ccccc3C(=O)C21NC(=O)c1cc(-c2ccccc2)n[nH]1,patent,95,
CC(C)c1ccc(O)c(Br)c1,CC(C)c1ccc(O)cc1.O=C1CCC(=O)N1Br,1,CC(C)c1ccc2c(c1)OC1(O)c3ccccc3C(=O)C21NC(=O)c1cc(-c2ccccc2)n[nH]1,patent,55,
NC1C(=O)c2ccccc2C1=O,O=C1c2ccccc2C(=O)C1[N+](=O)[O-],0,CC(C)c1ccc2c(c1)OC1(O)c3ccccc3C(=O)C21NC(=O)c1cc(-c2ccccc2)n[nH]1,patent,90,
O=C(O)c1cc(-c2ccccc2)n[nH]1,CCOC(=O)c1cc(-c2ccccc2)n[nH]1,0,CC(C)c1ccc2c(c1)OC1(O)c3ccccc3C(=O)C21NC(=O)c1cc(-c2ccccc2)n[nH]1,patent,90,
N#Cc1cc(F)cc([C@H]2C[C@H](F)CN2c2ccn3ncc(C(N)=O)c3c2)c1,N#Cc1cc(F)cc([C@H]2C[C@H](F)CN2)c1.NC(=O)c1cnn2ccc(Br)cc12,0,N#Cc1cc(F)cc([C@H]2C[C@H](F)CN2c2ccn3ncc(C(N)=O)c3c2)c1,patent,95,
N#Cc1cc(F)cc([C@H]2C[C@H](F)CN2)c1,N#Cc1cc(F)cc(Br)c1.F[C@H]1C[CH]NC1,0,N#Cc1cc(F)cc([C@H]2C[C@H](F)CN2c2ccn3ncc(C(N)=O)c3c2)c1,patent,95,
N#Cc1cc(F)cc(Br)c1,NC(=O)c1cc(F)cc(Br)c1,0,N#Cc1cc(F)cc([C@H]2C[C@H](F)CN2c2ccn3ncc(C(N)=O)c3c2)c1,patent,95,
NC(=O)c1cnn2ccc(Br)cc12,NC(=O)c1cnn2ccccc12.O=C1CCC(=O)N1Br,1,N#Cc1cc(F)cc([C@H]2C[C@H](F)CN2c2ccn3ncc(C(N)=O)c3c2)c1,patent,30,
NC(=O)c1cc(-c2ccc3c(cnn3CCN3CCOCC3)c2)nc2c1[nH]c1cc(N3CCOCC3)ccc12,O=C(O)c1cc(-c2ccc3c(cnn3CCN3CCOCC3)c2)nc2c1[nH]c1cc(N3CCOCC3)ccc12.N,0,NC(=O)c1cc(-c2ccc3c(cnn3CCN3CCOCC3)c2)nc2c1[nH]c1cc(N3CCOCC3)ccc12,patent,95,
O=C(O)c1cc(-c2ccc3c(cnn3CCN3CCOCC3)c2)nc2c1[nH]c1cc(N3CCOCC3)ccc12,O=C(O)c1cc(Br)nc2c1[nH]c1cc(N3CCOCC3)ccc12.OB(O)c1ccc2c(cnn2CCN2CCOCC2)c1,0,NC(=O)c1cc(-c2ccc3c(cnn3CCN3CCOCC3)c2)nc2c1[nH]c1cc(N3CCOCC3)ccc12,patent,90,
O=C(O)c1cc(Br)nc2c1[nH]c1cc(N3CCOCC3)ccc12,O=C(O)c1ccnc2c1[nH]c1cc(N3CCOCC3)ccc12,0,NC(=O)c1cc(-c2ccc3c(cnn3CCN3CCOCC3)c2)nc2c1[nH]c1cc(N3CCOCC3)ccc12,patent,90,
O=C(O)c1ccnc2c1[nH]c1cc(N3CCOCC3)ccc12,CC(=O)O.N#Cc1ccnc2c1[nH]c1cc(N3CCOCC3)ccc12,0,NC(=O)c1cc(-c2ccc3c(cnn3CCN3CCOCC3)c2)nc2c1[nH]c1cc(N3CCOCC3)ccc12,patent,90,
N#Cc1ccnc2c1[nH]c1cc(N3CCOCC3)ccc12,C1COCCN1.N#Cc1ccnc2c1[nH]c1cc(Br)ccc12,0,NC(=O)c1cc(-c2ccc3c(cnn3CCN3CCOCC3)c2)nc2c1[nH]c1cc(N3CCOCC3)ccc12,patent,95,
N#Cc1ccnc2c1[nH]c1cc(Br)ccc12,N#Cc1ccncc1Nc1cccc(Br)c1,1,NC(=O)c1cc(-c2ccc3c(cnn3CCN3CCOCC3)c2)nc2c1[nH]c1cc(N3CCOCC3)ccc12,patent,70,
N#Cc1ccncc1Nc1cccc(Br)c1,Nc1cccc(Br)c1.N#Cc1ccncc1Br,1,NC(=O)c1cc(-c2ccc3c(cnn3CCN3CCOCC3)c2)nc2c1[nH]c1cc(N3CCOCC3)ccc12,patent,35,
OB(O)c1ccc2c(cnn2CCN2CCOCC2)c1,ClCCN1CCOCC1.OB(O)c1ccc2[nH]ncc2c1,0,NC(=O)c1cc(-c2ccc3c(cnn3CCN3CCOCC3)c2)nc2c1[nH]c1cc(N3CCOCC3)ccc12,patent,95,
Cn1oc(=O)nc1/C(=N\OCc1cccc(N)n1)c1ccccc1,Cn1oc(=O)nc1C(=O)c1ccccc1.NOCc1cccc(N)n1,0,Cn1oc(=O)nc1/C(=N\OCc1cccc(N)n1)c1ccccc1,patent,95,
Cn1oc(=O)nc1C(=O)c1ccccc1,Cn1cnc(=O)o1.O=C(Cl)c1ccccc1,0,Cn1oc(=O)nc1/C(=N\OCc1cccc(N)n1)c1ccccc1,patent,95,
O=C(Cl)c1ccccc1,O=S(Cl)Cl.O=C(O)c1ccccc1,0,Cn1oc(=O)nc1/C(=N\OCc1cccc(N)n1)c1ccccc1,patent,90,
NOCc1cccc(N)n1,Nc1cccc(CON2C(=O)c3ccccc3C2=O)n1,1,Cn1oc(=O)nc1/C(=N\OCc1cccc(N)n1)c1ccccc1,patent,0,
Nc1cccc(CON2C(=O)c3ccccc3C2=O)n1,Nc1cccc(CO)n1.O=C1c2ccccc2C(=O)N1O,0,Cn1oc(=O)nc1/C(=N\OCc1cccc(N)n1)c1ccccc1,patent,95,
CN1CCN(c2ccc3c(c2)[nH]c2c(C(N)=O)cc(-c4ccc(O)c(Cl)c4)nc23)CC1,NC(=O)c1cc(-c2ccc(O)c(Cl)c2)nc2c1[nH]c1cc(Cl)ccc12.CN1CCNCC1,0,CN1CCN(c2ccc3c(c2)[nH]c2c(C(N)=O)cc(-c4ccc(O)c(Cl)c4)nc23)CC1,patent,95,
NC(=O)c1cc(-c2ccc(O)c(Cl)c2)nc2c1[nH]c1cc(Cl)ccc12,NC(=O)c1cc(Br)nc2c1[nH]c1cc(Cl)ccc12.OB(O)c1ccc(O)c(Cl)c1,0,CN1CCN(c2ccc3c(c2)[nH]c2c(C(N)=O)cc(-c4ccc(O)c(Cl)c4)nc23)CC1,patent,90,
NC(=O)c1cc(Br)nc2c1[nH]c1cc(Cl)ccc12,O=C(O)c1cc(Br)nc2c1[nH]c1cc(Cl)ccc12,0,CN1CCN(c2ccc3c(c2)[nH]c2c(C(N)=O)cc(-c4ccc(O)c(Cl)c4)nc23)CC1,patent,95,
O=C(O)c1cc(Br)nc2c1[nH]c1cc(Cl)ccc12,O=C(O)c1cc(Br)ncc1Nc1cccc(Cl)c1,1,CN1CCN(c2ccc3c(c2)[nH]c2c(C(N)=O)cc(-c4ccc(O)c(Cl)c4)nc23)CC1,patent,70,
O=C(O)c1cc(Br)ncc1Nc1cccc(Cl)c1,Nc1cnc(Br)cc1C(=O)O.Clc1cccc(I)c1,0,CN1CCN(c2ccc3c(c2)[nH]c2c(C(N)=O)cc(-c4ccc(O)c(Cl)c4)nc23)CC1,patent,95,
OB(O)c1ccc(O)c(Cl)c1,O=C1CCC(=O)N1Cl.OB(O)c1ccc(O)cc1,1,CN1CCN(c2ccc3c(c2)[nH]c2c(C(N)=O)cc(-c4ccc(O)c(Cl)c4)nc23)CC1,patent,55,
COC(=O)CCc1cc2cc(-c3noc(-c4ccc(OC(C)C)c(Cl)c4)n3)ccc2n1C,COC(=O)CCc1cc2cc(Br)ccc2n1C.CC(C)Oc1ccc(-c2noc(B(O)O)n2)cc1Cl,0,COC(=O)CCc1cc2cc(-c3noc(-c4ccc(OC(C)C)c(Cl)c4)n3)ccc2n1C,patent,90,
COC(=O)CCc1cc2cc(Br)ccc2n1C,Cn1c(CCC(=O)O)cc2cc(Br)ccc21.CO,0,COC(=O)CCc1cc2cc(-c3noc(-c4ccc(OC(C)C)c(Cl)c4)n3)ccc2n1C,patent,95,
Cn1c(CCC(=O)O)cc2cc(Br)ccc21,O=C(O)CC(=O)O.Cn1c(C=O)cc2cc(Br)ccc21,0,COC(=O)CCc1cc2cc(-c3noc(-c4ccc(OC(C)C)c(Cl)c4)n3)ccc2n1C,patent,85,
CC(C)Oc1ccc(-c2noc(B(O)O)n2)cc1Cl,OB(O)c1nc(-c2ccc(O)c(Cl)c2)no1.CC(C)Br,0,COC(=O)CCc1cc2cc(-c3noc(-c4ccc(OC(C)C)c(Cl)c4)n3)ccc2n1C,patent,95,
OB(O)c1nc(-c2ccc(O)c(Cl)c2)no1,OB(O)c1ccc(O)c(Cl)c1.OB(O)c1nc(Br)no1,0,COC(=O)CCc1cc2cc(-c3noc(-c4ccc(OC(C)C)c(Cl)c4)n3)ccc2n1C,patent,90,
CCOP(=O)(Cc1ccc(Nc2ncc(C(F)(F)F)c(Nc3ccc([C@H]4CC[C@H](N5CCN(C)CC5)CC4)c4c3C(=O)N(C)C4)n2)c(OC)c1)OCC,COc1cc(Br)ccc1Nc1ncc(C(F)(F)F)c(Nc2ccc([C@H]3CC[C@H](N4CCN(C)CC4)CC3)c3c2C(=O)N(C)C3)n1.CCO[PH](=O)OCC,0,CCOP(=O)(Cc1ccc(Nc2ncc(C(F)(F)F)c(Nc3ccc([C@H]4CC[C@H](N5CCN(C)CC5)CC4)c4c3C(=O)N(C)C4)n2)c(OC)c1)OCC,patent,90,
COc1cc(Br)ccc1Nc1ncc(C(F)(F)F)c(Nc2ccc([C@H]3CC[C@H](N4CCN(C)CC4)CC3)c3c2C(=O)N(C)C3)n1,FC(F)(F)c1cnc(Cl)nc1Cl.COc1cc(Br)ccc1N.CN1CCN([C@H]2CC[C@H](c3ccc(N)c4c3CN(C)C4=O)CC2)CC1,0,CCOP(=O)(Cc1ccc(Nc2ncc(C(F)(F)F)c(Nc3ccc([C@H]4CC[C@H](N5CCN(C)CC5)CC4)c4c3C(=O)N(C)C4)n2)c(OC)c1)OCC,patent,90,
FC(F)(F)c1cnc(Cl)nc1Cl,Clc1ccnc(Cl)n1.FC(F)(F)I,1,CCOP(=O)(Cc1ccc(Nc2ncc(C(F)(F)F)c(Nc3ccc([C@H]4CC[C@H](N5CCN(C)CC5)CC4)c4c3C(=O)N(C)C4)n2)c(OC)c1)OCC,patent,35,
COc1cc(Br)ccc1N,COc1cc(Br)ccc1[N+](=O)[O-],0,CCOP(=O)(Cc1ccc(Nc2ncc(C(F)(F)F)c(Nc3ccc([C@H]4CC[C@H](N5CCN(C)CC5)CC4)c4c3C(=O)N(C)C4)n2)c(OC)c1)OCC,patent,90,
CN1CCN([C@H]2CC[C@H](c3ccc(N)c4c3CN(C)C4=O)CC2)CC1,CN1Cc2c(c(N)ccc2[C@H]2CC[C@H](Br)CC2)C1=O.CN1CCNCC1,0,CCOP(=O)(Cc1ccc(Nc2ncc(C(F)(F)F)c(Nc3ccc([C@H]4CC[C@H](N5CCN(C)CC5)CC4)c4c3C(=O)N(C)C4)n2)c(OC)c1)OCC,patent,95,
CN1Cc2c(c(N)ccc2[C@H]2CC[C@H](Br)CC2)C1=O,CN1Cc2c(C3CCCCC3)ccc(N)c2C1=O,0,CCOP(=O)(Cc1ccc(Nc2ncc(C(F)(F)F)c(Nc3ccc([C@H]4CC[C@H](N5CCN(C)CC5)CC4)c4c3C(=O)N(C)C4)n2)c(OC)c1)OCC,patent,90,
CN1Cc2c(C3CCCCC3)ccc(N)c2C1=O,CN1Cc2c(C3=CCCCC3)ccc(N)c2C1=O,0,CCOP(=O)(Cc1ccc(Nc2ncc(C(F)(F)F)c(Nc3ccc([C@H]4CC[C@H](N5CCN(C)CC5)CC4)c4c3C(=O)N(C)C4)n2)c(OC)c1)OCC,patent,100,
CN1Cc2c(C3=CCCCC3)ccc(N)c2C1=O,OB(O)C1=CCCCC1.CN1Cc2c(Br)ccc(N)c2C1=O,0,CCOP(=O)(Cc1ccc(Nc2ncc(C(F)(F)F)c(Nc3ccc([C@H]4CC[C@H](N5CCN(C)CC5)CC4)c4c3C(=O)N(C)C4)n2)c(OC)c1)OCC,patent,90,
COc1ccc(C[C@H](C[C@H](O[Si](C)(C)C(C)(C)C)[C@H](CC2CCCCC2)NC(=O)OC(C)(C)C)C(=O)O)c(OC)c1OC,COc1ccc(C[C@@H](CO)C[C@H](O[Si](C)(C)C(C)(C)C)[C@H](CC2CCCCC2)NC(=O)OC(C)(C)C)c(OC)c1OC,0,COc1ccc(C[C@H](C[C@H](O[Si](C)(C)C(C)(C)C)[C@H](CC2CCCCC2)NC(=O)OC(C)(C)C)C(=O)O)c(OC)c1OC,patent,90,
COc1ccc(C[C@@H](CO)C[C@H](O[Si](C)(C)C(C)(C)C)[C@H](CC2CCCCC2)NC(=O)OC(C)(C)C)c(OC)c1OC,COc1ccc(C[C@@H](CO)C[C@H](O)[C@H](CC2CCCCC2)NC(=O)OC(C)(C)C)c(OC)c1OC.CC(C)(C)[Si](C)(C)Cl,0,COc1ccc(C[C@H](C[C@H](O[Si](C)(C)C(C)(C)C)[C@H](CC2CCCCC2)NC(=O)OC(C)(C)C)C(=O)O)c(OC)c1OC,patent,95,
COc1ccc(C[C@@H](CO)C[C@H](O)[C@H](CC2CCCCC2)NC(=O)OC(C)(C)C)c(OC)c1OC,COc1ccc(C[C@@H](C=O)C[C@H](O)[C@H](CC2CCCCC2)NC(=O)OC(C)(C)C)c(OC)c1OC,0,COc1ccc(C[C@H](C[C@H](O[Si](C)(C)C(C)(C)C)[C@H](CC2CCCCC2)NC(=O)OC(C)(C)C)C(=O)O)c(OC)c1OC,patent,100,
CC(C)(C)[Si](C)(C)Cl,C[SiH](C)C(C)(C)C.ClCl,0,COc1ccc(C[C@H](C[C@H](O[Si](C)(C)C(C)(C)C)[C@H](CC2CCCCC2)NC(=O)OC(C)(C)C)C(=O)O)c(OC)c1OC,patent,95,
C[SiH](C)C(C)(C)C,C[SiH2]C.C=C(C)C,0,COc1ccc(C[C@H](C[C@H](O[Si](C)(C)C(C)(C)C)[C@H](CC2CCCCC2)NC(=O)OC(C)(C)C)C(=O)O)c(OC)c1OC,patent,95,
CC1(C)COCc2nc3cnc(Br)cc3n21,O=C1CCC(=O)N1Br.CC1(C)COCc2nc3cnccc3n21,1,CC1(C)COCc2nc3cnc(Br)cc3n21,patent,30,
CC1(C)COCc2nc3cnccc3n21,CC1(C)COCC(=O)N1.O=[N+]([O-])c1cnccc1I,1,CC1(C)COCc2nc3cnc(Br)cc3n21,patent,20,
CC(C)S(=O)(=O)N[C@H]1CCOC[C@H]1c1ccc(-c2ccc(C#N)s2)cc1,N#Cc1ccc(-c2ccc([C@@H]3COCC[C@@H]3N)cc2)s1.CC(C)S(=O)(=O)Cl,0,CC(C)S(=O)(=O)N[C@H]1CCOC[C@H]1c1ccc(-c2ccc(C#N)s2)cc1,patent,95,
N#Cc1ccc(-c2ccc([C@@H]3COCC[C@@H]3N)cc2)s1,N[C@H]1CCOC[C@H]1Br.N#Cc1ccc(-c2ccc(B(O)O)cc2)s1,0,CC(C)S(=O)(=O)N[C@H]1CCOC[C@H]1c1ccc(-c2ccc(C#N)s2)cc1,patent,90,
N[C@H]1CCOC[C@H]1Br,NC1CCOCC1,0,CC(C)S(=O)(=O)N[C@H]1CCOC[C@H]1c1ccc(-c2ccc(C#N)s2)cc1,patent,90,
NC1CCOCC1,CC(C)(C)OC(=O)NC1CCOCC1,1,CC(C)S(=O)(=O)N[C@H]1CCOC[C@H]1c1ccc(-c2ccc(C#N)s2)cc1,patent,75,
N#Cc1ccc(-c2ccc(B(O)O)cc2)s1,OB(O)c1ccc(B(O)O)cc1.N#Cc1ccc(I)s1,1,CC(C)S(=O)(=O)N[C@H]1CCOC[C@H]1c1ccc(-c2ccc(C#N)s2)cc1,patent,30,
CCc1nc(C)c(C(=O)Nc2ccc(-c3ccc(C45CCC(CC(=O)OC)(CC4)OC5)cc3)cc2)o1,CCc1nc(C)c(C(=O)O)o1.COC(=O)CC12CCC(c3ccc(-c4ccc(N)cc4)cc3)(CC1)CO2,0,CCc1nc(C)c(C(=O)Nc2ccc(-c3ccc(C45CCC(CC(=O)OC)(CC4)OC5)cc3)cc2)o1,patent,95,
CCc1nc(C)c(C(=O)O)o1,CCc1nc(C)c(C(=O)OC)o1,0,CCc1nc(C)c(C(=O)Nc2ccc(-c3ccc(C45CCC(CC(=O)OC)(CC4)OC5)cc3)cc2)o1,patent,95,
COC(=O)CC12CCC(c3ccc(-c4ccc(N)cc4)cc3)(CC1)CO2,Nc1ccc(Br)cc1.COC(=O)CC12CCC(c3ccc(Br)cc3)(CC1)CO2,0,CCc1nc(C)c(C(=O)Nc2ccc(-c3ccc(C45CCC(CC(=O)OC)(CC4)OC5)cc3)cc2)o1,patent,90,
Nc1ccc(Br)cc1,O=[N+]([O-])c1ccc(Br)cc1,0,CCc1nc(C)c(C(=O)Nc2ccc(-c3ccc(C45CCC(CC(=O)OC)(CC4)OC5)cc3)cc2)o1,patent,90,
COC(=O)CC12CCC(c3ccc(Br)cc3)(CC1)CO2,O=C(O)CC12CCC(c3ccc(Br)cc3)(CC1)CO2.CO,0,CCc1nc(C)c(C(=O)Nc2ccc(-c3ccc(C45CCC(CC(=O)OC)(CC4)OC5)cc3)cc2)o1,patent,95,
O=C(O)CC12CCC(c3ccc(Br)cc3)(CC1)CO2,O=C(O)CC1(O)CCC(CO)(c2ccc(Br)cc2)CC1,1,CCc1nc(C)c(C(=O)Nc2ccc(-c3ccc(C45CCC(CC(=O)OC)(CC4)OC5)cc3)cc2)o1,patent,45,
O=C(O)CC1(O)CCC(CO)(c2ccc(Br)cc2)CC1,O=C1CCC(=O)N1Br.O=C(O)CC1(O)CCC(CO)(c2ccccc2)CC1,1,CCc1nc(C)c(C(=O)Nc2ccc(-c3ccc(C45CCC(CC(=O)OC)(CC4)OC5)cc3)cc2)o1,patent,55,
O=C(O)CC1(O)CCC(CO)(c2ccccc2)CC1,CCOC(=O)CC1(O)CCC(CO)(c2ccccc2)CC1,0,CCc1nc(C)c(C(=O)Nc2ccc(-c3ccc(C45CCC(CC(=O)OC)(CC4)OC5)cc3)cc2)o1,patent,90,
CCOC(=O)CC1(O)CCC(CO)(c2ccccc2)CC1,CCOC(=O)CBr.O=C1CCC(CO)(c2ccccc2)CC1,0,CCc1nc(C)c(C(=O)Nc2ccc(-c3ccc(C45CCC(CC(=O)OC)(CC4)OC5)cc3)cc2)o1,patent,95,
COc1cc2c(Oc3cc(C)c(C)nc3-c3cccc(C)n3)ccnc2cc1OCCNCCO,COc1cc2c(Oc3cc(C)c(C)nc3-c3cccc(C)n3)ccnc2cc1O.OCCNCCCl,0,COc1cc2c(Oc3cc(C)c(C)nc3-c3cccc(C)n3)ccnc2cc1OCCNCCO,patent,95,
COc1cc2c(Oc3cc(C)c(C)nc3-c3cccc(C)n3)ccnc2cc1O,COc1cc2c(Oc3cc(C)c(C)nc3Br)ccnc2cc1O.Cc1cccc(B(O)O)n1,0,COc1cc2c(Oc3cc(C)c(C)nc3-c3cccc(C)n3)ccnc2cc1OCCNCCO,patent,90,
COc1cc2c(Oc3cc(C)c(C)nc3Br)ccnc2cc1O,Cc1cc(O)c(Br)nc1C.COc1cc2c(Cl)ccnc2cc1O,0,COc1cc2c(Oc3cc(C)c(C)nc3-c3cccc(C)n3)ccnc2cc1OCCNCCO,patent,95,
Cc1cc(O)c(Br)nc1C,Cc1cc(O)cnc1C.O=C1CCC(=O)N1Br,1,COc1cc2c(Oc3cc(C)c(C)nc3-c3cccc(C)n3)ccnc2cc1OCCNCCO,patent,55,
Cc1cccc(B(O)O)n1,Cc1cccc(Br)n1.CC(C)OB(OC(C)C)OC(C)C,1,COc1cc2c(Oc3cc(C)c(C)nc3-c3cccc(C)n3)ccnc2cc1OCCNCCO,patent,55,
O=C(CO)N1CCC(c2ccc3c(c2)-n2nc(-c4ncnn4CC(F)(F)F)cc2CCO3)CC1,O=C(Cl)CO.FC(F)(F)Cn1ncnc1-c1cc2n(n1)-c1c(cccc1C1CCNCC1)OCC2,0,O=C(CO)N1CCC(c2ccc3c(c2)-n2nc(-c4ncnn4CC(F)(F)F)cc2CCO3)CC1,patent,95,
FC(F)(F)Cn1ncnc1-c1cc2n(n1)-c1c(cccc1C1CCNCC1)OCC2,Oc1cccc(C2CCNCC2)c1-n1nc(-c2ncnn2CC(F)(F)F)cc1CCBr,1,O=C(CO)N1CCC(c2ccc3c(c2)-n2nc(-c4ncnn4CC(F)(F)F)cc2CCO3)CC1,patent,70,
Oc1cccc(C2CCNCC2)c1-n1nc(-c2ncnn2CC(F)(F)F)cc1CCBr,CCc1cc(-c2ncnn2CC(F)(F)F)nn1-c1c(O)cccc1C1CCNCC1,0,O=C(CO)N1CCC(c2ccc3c(c2)-n2nc(-c4ncnn4CC(F)(F)F)cc2CCO3)CC1,patent,90,
CCc1cc(-c2ncnn2CC(F)(F)F)nn1-c1c(O)cccc1C1CCNCC1,CCc1cc(Br)nn1-c1c(O)cccc1C1CCNCC1.OB(O)c1cnnn1CC(F)(F)F,0,O=C(CO)N1CCC(c2ccc3c(c2)-n2nc(-c4ncnn4CC(F)(F)F)cc2CCO3)CC1,patent,90,
CCc1cc(Br)nn1-c1c(O)cccc1C1CCNCC1,Oc1cccc(Br)c1C1CCNCC1.CCc1cc(Br)n[nH]1,0,O=C(CO)N1CCC(c2ccc3c(c2)-n2nc(-c4ncnn4CC(F)(F)F)cc2CCO3)CC1,patent,95,
Oc1cccc(Br)c1C1CCNCC1,COc1cccc(Br)c1C1CCNCC1,0,O=C(CO)N1CCC(c2ccc3c(c2)-n2nc(-c4ncnn4CC(F)(F)F)cc2CCO3)CC1,patent,95,
COc1cccc(Br)c1C1CCNCC1,COc1cccc(Br)c1C1=CCN(Cc2ccccc2)CC1,1,O=C(CO)N1CCC(c2ccc3c(c2)-n2nc(-c4ncnn4CC(F)(F)F)cc2CCO3)CC1,patent,0,
COc1cccc(Br)c1C1=CCN(Cc2ccccc2)CC1,COc1cccc(Br)c1C1(O)CCN(Cc2ccccc2)CC1,0,O=C(CO)N1CCC(c2ccc3c(c2)-n2nc(-c4ncnn4CC(F)(F)F)cc2CCO3)CC1,patent,95,
COc1cccc(Br)c1C1(O)CCN(Cc2ccccc2)CC1,COc1cccc(Br)c1.O=C1CCN(Cc2ccccc2)CC1,1,O=C(CO)N1CCC(c2ccc3c(c2)-n2nc(-c4ncnn4CC(F)(F)F)cc2CCO3)CC1,patent,0,
CCc1cc(Br)n[nH]1,CCc1ccn[nH]1.O=C1CCC(=O)N1Br,1,O=C(CO)N1CCC(c2ccc3c(c2)-n2nc(-c4ncnn4CC(F)(F)F)cc2CCO3)CC1,patent,30,
CC(C)(C)OC(=O)NC1(C2CCc3cc(Sc4cccc(OCc5ccccc5)c4)ccc3C2)COC(C)(C)OC1,CC1(C)OCC(N)(C2CCc3cc(Sc4cccc(OCc5ccccc5)c4)ccc3C2)CO1,1,CC(C)(C)OC(=O)NC1(C2CCc3cc(Sc4cccc(OCc5ccccc5)c4)ccc3C2)COC(C)(C)OC1,patent,45,
CC1(C)OCC(N)(C2CCc3cc(Sc4cccc(OCc5ccccc5)c4)ccc3C2)CO1,Sc1cccc(OCc2ccccc2)c1.CC1(C)OCC(N)(C2CCc3cc(Br)ccc3C2)CO1,0,CC(C)(C)OC(=O)NC1(C2CCc3cc(Sc4cccc(OCc5ccccc5)c4)ccc3C2)COC(C)(C)OC1,patent,95,
Sc1cccc(OCc2ccccc2)c1,CCOC(=S)Sc1cccc(OCc2ccccc2)c1,0,CC(C)(C)OC(=O)NC1(C2CCc3cc(Sc4cccc(OCc5ccccc5)c4)ccc3C2)COC(C)(C)OC1,patent,85,
CCOC(=S)Sc1cccc(OCc2ccccc2)c1,CCOC(=S)S.Nc1cccc(OCc2ccccc2)c1,0,CC(C)(C)OC(=O)NC1(C2CCc3cc(Sc4cccc(OCc5ccccc5)c4)ccc3C2)COC(C)(C)OC1,patent,95,
CC1(C)OCC(N)(C2CCc3cc(Br)ccc3C2)CO1,CC1(C)OCC(C#N)(C2CCc3cc(Br)ccc3C2)CO1,0,CC(C)(C)OC(=O)NC1(C2CCc3cc(Sc4cccc(OCc5ccccc5)c4)ccc3C2)COC(C)(C)OC1,patent,95,
CC1(C)OCC(C#N)(C2CCc3cc(Br)ccc3C2)CO1,CC1(C)OCC(C#N)CO1.Brc1ccc2c(c1)CCC(Br)C2,0,CC(C)(C)OC(=O)NC1(C2CCc3cc(Sc4cccc(OCc5ccccc5)c4)ccc3C2)COC(C)(C)OC1,patent,95,
CC1(C)OCC(C#N)CO1,CC1(C)OCC(C(N)=O)CO1,0,CC(C)(C)OC(=O)NC1(C2CCc3cc(Sc4cccc(OCc5ccccc5)c4)ccc3C2)COC(C)(C)OC1,patent,95,
CC1(C)OCC(C(N)=O)CO1,CCN(CC)CC.CC1(C)OCC(C(=O)O)CO1,1,CC(C)(C)OC(=O)NC1(C2CCc3cc(Sc4cccc(OCc5ccccc5)c4)ccc3C2)COC(C)(C)OC1,patent,70,
Brc1ccc2c(c1)CCC(Br)C2,c1ccc2c(c1)CCCC2,0,CC(C)(C)OC(=O)NC1(C2CCc3cc(Sc4cccc(OCc5ccccc5)c4)ccc3C2)COC(C)(C)OC1,patent,80,
c1ccc2c(c1)CCCC2,O=C1CCCc2ccccc21,0,CC(C)(C)OC(=O)NC1(C2CCc3cc(Sc4cccc(OCc5ccccc5)c4)ccc3C2)COC(C)(C)OC1,patent,95,
CCC[C@@H](CCO)Nc1nc(N)nc(C)c1Cc1ccc(CN2CCC[C@@H]2C(=O)O)cc1OC,CCC[C@H](N)CCO.COc1cc(CN2CCC[C@@H]2C(=O)O)ccc1Cc1c(C)nc(N)nc1Cl,0,CCC[C@@H](CCO)Nc1nc(N)nc(C)c1Cc1ccc(CN2CCC[C@@H]2C(=O)O)cc1OC,patent,95,
CCC[C@H](N)CCO,CCC[C@H](N)CC(=O)O,0,CCC[C@@H](CCO)Nc1nc(N)nc(C)c1Cc1ccc(CN2CCC[C@@H]2C(=O)O)cc1OC,patent,95,
COc1cc(CN2CCC[C@@H]2C(=O)O)ccc1Cc1c(C)nc(N)nc1Cl,O=P(Cl)(Cl)Cl.COc1cc(CN2CCC[C@@H]2C(=O)O)ccc1Cc1c(C)nc(N)nc1O,0,CCC[C@@H](CCO)Nc1nc(N)nc(C)c1Cc1ccc(CN2CCC[C@@H]2C(=O)O)cc1OC,patent,90,
COc1cc(CN2CCC[C@@H]2C(=O)O)ccc1Cc1c(C)nc(N)nc1O,Cc1nc(N)nc(O)c1CO.COc1cccc(CN2CCC[C@@H]2C(=O)O)c1,0,CCC[C@@H](CCO)Nc1nc(N)nc(C)c1Cc1ccc(CN2CCC[C@@H]2C(=O)O)cc1OC,patent,95,
Cc1nc(N)nc(O)c1CO,N=C(N)N.CCOC(=O)C(CO)C(C)=O,1,CCC[C@@H](CCO)Nc1nc(N)nc(C)c1Cc1ccc(CN2CCC[C@@H]2C(=O)O)cc1OC,patent,25,
CCOC(=O)C(CO)C(C)=O,CCOC(=O)C(C=O)C(C)=O,0,CCC[C@@H](CCO)Nc1nc(N)nc(C)c1Cc1ccc(CN2CCC[C@@H]2C(=O)O)cc1OC,patent,100,
CCOC(=O)C(C=O)C(C)=O,CCOC=O.CCOC(=O)CC(C)=O,0,CCC[C@@H](CCO)Nc1nc(N)nc(C)c1Cc1ccc(CN2CCC[C@@H]2C(=O)O)cc1OC,patent,90,
COc1cc(-c2cccc(C(F)(F)F)c2)c(F)cc1-c1nncc2cc(S(=O)(=O)Nc3ccon3)ccc12,COc1cc(-c2cccc(C(F)(F)F)c2)c(F)cc1-c1nncc2cc(S(=O)(=O)Cl)ccc12.Nc1ccon1,0,COc1cc(-c2cccc(C(F)(F)F)c2)c(F)cc1-c1nncc2cc(S(=O)(=O)Nc3ccon3)ccc12,patent,95,
COc1cc(-c2cccc(C(F)(F)F)c2)c(F)cc1-c1nncc2cc(S(=O)(=O)Cl)ccc12,COc1cc(-c2cccc(C(F)(F)F)c2)c(F)cc1-c1nncc2cc(S(=O)(=O)O)ccc12,0,COc1cc(-c2cccc(C(F)(F)F)c2)c(F)cc1-c1nncc2cc(S(=O)(=O)Nc3ccon3)ccc12,patent,95,
COc1cc(-c2cccc(C(F)(F)F)c2)c(F)cc1-c1nncc2cc(S(=O)(=O)O)ccc12,COc1cc(-c2cccc(C(F)(F)F)c2)c(F)cc1Br.OB(O)c1nncc2cc(O)ccc12,0,COc1cc(-c2cccc(C(F)(F)F)c2)c(F)cc1-c1nncc2cc(S(=O)(=O)Nc3ccon3)ccc12,patent,95,
COc1cc(-c2cccc(C(F)(F)F)c2)c(F)cc1Br,Nc1cccc(C(F)(F)F)c1.COc1ccc(F)cc1Br,0,COc1cc(-c2cccc(C(F)(F)F)c2)c(F)cc1-c1nncc2cc(S(=O)(=O)Nc3ccon3)ccc12,patent,95,
OB(O)c1nncc2cc(O)ccc12,Oc1ccc2c(Br)nncc2c1,0,COc1cc(-c2cccc(C(F)(F)F)c2)c(F)cc1-c1nncc2cc(S(=O)(=O)Nc3ccon3)ccc12,patent,80,
Oc1ccc2c(Br)nncc2c1,CC(=O)Oc1ccc2c(Br)nncc2c1,0,COc1cc(-c2cccc(C(F)(F)F)c2)c(F)cc1-c1nncc2cc(S(=O)(=O)Nc3ccon3)ccc12,patent,90,
CC(=O)Oc1ccc2c(Br)nncc2c1,CC(=O)OO.CC(=O)c1ccc2c(Br)nncc2c1,0,COc1cc(-c2cccc(C(F)(F)F)c2)c(F)cc1-c1nncc2cc(S(=O)(=O)Nc3ccon3)ccc12,patent,90,
CC(=O)c1ccc2c(Br)nncc2c1,CC(=O)Cl.Brc1nncc2ccccc12,0,COc1cc(-c2cccc(C(F)(F)F)c2)c(F)cc1-c1nncc2cc(S(=O)(=O)Nc3ccon3)ccc12,patent,95,
CCC/C=C/[C@H]1CC[C@H](C(C(=O)O)C(=O)O)CC1,CCOC(=O)CC(=O)OCC.CCC/C=C/[C@H]1CC[C@H](Br)CC1,0,CCC/C=C/[C@H]1CC[C@H](C(C(=O)O)C(=O)O)CC1,patent,80,
CCOC(=O)CC(=O)OCC,CCOC(C)=O.CCOC(=O)OCC,0,CCC/C=C/[C@H]1CC[C@H](C(C(=O)O)C(=O)O)CC1,patent,90,
CCC/C=C/[C@H]1CC[C@H](Br)CC1,CCCC(Br)[C@H]1CC[C@H](Br)CC1,0,CCC/C=C/[C@H]1CC[C@H](C(C(=O)O)C(=O)O)CC1,patent,95,
CCCC(Br)[C@H]1CC[C@H](Br)CC1,CCCC=C1CC=CCC1,0,CCC/C=C/[C@H]1CC[C@H](C(C(=O)O)C(=O)O)CC1,patent,80,
CCCC=C1CC=CCC1,C=CCCC.C=C1CC=CCC1,0,CCC/C=C/[C@H]1CC[C@H](C(C(=O)O)C(=O)O)CC1,patent,90,
C=C1CC=CCC1,C1CCOC1.O=C1CC=CCC1,1,CCC/C=C/[C@H]1CC[C@H](C(C(=O)O)C(=O)O)CC1,patent,60,
CCOC(=O)[C@@H]1C[C@H]1COc1cc(CCCOC)cc(CN(C(=O)[C@H]2CNCC[C@@H]2c2ccc(OCCOc3c(Cl)cc(C)cc3Cl)cc2)C2CC2)c1,CCOC(=O)[C@H]1C[C@@H]1COc1cc(CCCOC)cc(CNC2CC2)c1.Cc1cc(Cl)c(OCCOc2ccc([C@H]3CCNC[C@@H]3C(=O)O)cc2)c(Cl)c1,0,CCOC(=O)[C@@H]1C[C@H]1COc1cc(CCCOC)cc(CN(C(=O)[C@H]2CNCC[C@@H]2c2ccc(OCCOc3c(Cl)cc(C)cc3Cl)cc2)C2CC2)c1,patent,95,
CCOC(=O)[C@H]1C[C@@H]1COc1cc(CCCOC)cc(CNC2CC2)c1,CCOC(=O)[C@H]1C[C@@H]1CO.COCCCc1cc(F)cc(CNC2CC2)c1,0,CCOC(=O)[C@@H]1C[C@H]1COc1cc(CCCOC)cc(CN(C(=O)[C@H]2CNCC[C@@H]2c2ccc(OCCOc3c(Cl)cc(C)cc3Cl)cc2)C2CC2)c1,patent,95,
COCCCc1cc(F)cc(CNC2CC2)c1,COCCCc1cc(F)cc(C(=O)NC2CC2)c1,0,CCOC(=O)[C@@H]1C[C@H]1COc1cc(CCCOC)cc(CN(C(=O)[C@H]2CNCC[C@@H]2c2ccc(OCCOc3c(Cl)cc(C)cc3Cl)cc2)C2CC2)c1,patent,95,
COCCCc1cc(F)cc(C(=O)NC2CC2)c1,NC1CC1.COCCCc1cc(F)cc(C(=O)O)c1,0,CCOC(=O)[C@@H]1C[C@H]1COc1cc(CCCOC)cc(CN(C(=O)[C@H]2CNCC[C@@H]2c2ccc(OCCOc3c(Cl)cc(C)cc3Cl)cc2)C2CC2)c1,patent,95,
CCCCOC(=O)N1CCN(C(=O)[C@H](CCCO[Si](c2ccccc2)(c2ccccc2)C(C)(C)C)NC(=O)OC(C)(C)C)CC1,CC(C)(C)OC(=O)N[C@@H](CCCO[Si](c1ccccc1)(c1ccccc1)C(C)(C)C)C(=O)N1CCNCC1.CCCCOC(=O)Cl,0,CCCCOC(=O)N1CCN(C(=O)[C@H](CCCO[Si](c2ccccc2)(c2ccccc2)C(C)(C)C)NC(=O)OC(C)(C)C)CC1,patent,95,
CC(C)(C)OC(=O)N[C@@H](CCCO[Si](c1ccccc1)(c1ccccc1)C(C)(C)C)C(=O)N1CCNCC1,C1CNCCN1.CC(C)(C)OC(=O)N[C@@H](CCCO[Si](c1ccccc1)(c1ccccc1)C(C)(C)C)C(=O)O,0,CCCCOC(=O)N1CCN(C(=O)[C@H](CCCO[Si](c2ccccc2)(c2ccccc2)C(C)(C)C)NC(=O)OC(C)(C)C)CC1,patent,95,
CC(C)(C)OC(=O)N[C@@H](CCCO[Si](c1ccccc1)(c1ccccc1)C(C)(C)C)C(=O)O,CC(C)(C)[Si](OCCC[C@H](N)C(=O)O)(c1ccccc1)c1ccccc1.CC(C)(C)OC(=O)OC(=O)OC(C)(C)C,1,CCCCOC(=O)N1CCN(C(=O)[C@H](CCCO[Si](c2ccccc2)(c2ccccc2)C(C)(C)C)NC(=O)OC(C)(C)C)CC1,patent,75,
CC(C)(C)[Si](OCCC[C@H](N)C(=O)O)(c1ccccc1)c1ccccc1,N[C@@H](CCCO)C(=O)O.CC(C)(C)[Si](Cl)(c1ccccc1)c1ccccc1,0,CCCCOC(=O)N1CCN(C(=O)[C@H](CCCO[Si](c2ccccc2)(c2ccccc2)C(C)(C)C)NC(=O)OC(C)(C)C)CC1,patent,95,
N[C@@H](CCCO)C(=O)O,N[C@@H](CCCOCc1ccccc1)C(=O)O,1,CCCCOC(=O)N1CCN(C(=O)[C@H](CCCO[Si](c2ccccc2)(c2ccccc2)C(C)(C)C)NC(=O)OC(C)(C)C)CC1,patent,0,
CC(C)(C)[Si](Cl)(c1ccccc1)c1ccccc1,CC(C)(C)[SiH](c1ccccc1)c1ccccc1,0,CCCCOC(=O)N1CCN(C(=O)[C@H](CCCO[Si](c2ccccc2)(c2ccccc2)C(C)(C)C)NC(=O)OC(C)(C)C)CC1,patent,90,
CC(C)(C)[SiH](c1ccccc1)c1ccccc1,Cl[SiH](c1ccccc1)c1ccccc1.[Li]C(C)(C)C,0,CCCCOC(=O)N1CCN(C(=O)[C@H](CCCO[Si](c2ccccc2)(c2ccccc2)C(C)(C)C)NC(=O)OC(C)(C)C)CC1,patent,95,
Cl[SiH](c1ccccc1)c1ccccc1,Cl[Si](Cl)(Cl)c1ccccc1.Br[Mg]c1ccccc1,0,CCCCOC(=O)N1CCN(C(=O)[C@H](CCCO[Si](c2ccccc2)(c2ccccc2)C(C)(C)C)NC(=O)OC(C)(C)C)CC1,patent,90,
Cl[Si](Cl)(Cl)c1ccccc1,[SiH3]c1ccccc1.ClCl,0,CCCCOC(=O)N1CCN(C(=O)[C@H](CCCO[Si](c2ccccc2)(c2ccccc2)C(C)(C)C)NC(=O)OC(C)(C)C)CC1,patent,85,
[SiH3]c1ccccc1,Brc1ccccc1.Cl[SiH2]Cl,0,CCCCOC(=O)N1CCN(C(=O)[C@H](CCCO[Si](c2ccccc2)(c2ccccc2)C(C)(C)C)NC(=O)OC(C)(C)C)CC1,patent,90,
Brc1ccccc1,c1ccccc1.O=C1CCC(=O)N1Br,1,CCCCOC(=O)N1CCN(C(=O)[C@H](CCCO[Si](c2ccccc2)(c2ccccc2)C(C)(C)C)NC(=O)OC(C)(C)C)CC1,patent,55,
Br[Mg]c1ccccc1,[Mg],1,CCCCOC(=O)N1CCN(C(=O)[C@H](CCCO[Si](c2ccccc2)(c2ccccc2)C(C)(C)C)NC(=O)OC(C)(C)C)CC1,patent,0,
CCCCOC(=O)Cl,CCCCO.O=C(Cl)Cl,0,CCCCOC(=O)N1CCN(C(=O)[C@H](CCCO[Si](c2ccccc2)(c2ccccc2)C(C)(C)C)NC(=O)OC(C)(C)C)CC1,patent,95,
CCc1[nH]c(C(=O)N[C@H]2CCN(c3cccc(C(=O)O)c3)C[C@H]2OC)nc1C(F)(F)F,CCc1[nH]c(C(=O)O)nc1C(F)(F)F.CO[C@@H]1CN(c2cccc(C(=O)O)c2)CC[C@@H]1N,0,CCc1[nH]c(C(=O)N[C@H]2CCN(c3cccc(C(=O)O)c3)C[C@H]2OC)nc1C(F)(F)F,patent,95,
CCc1[nH]c(C(=O)O)nc1C(F)(F)F,CCc1[nH]c(Br)nc1C(F)(F)F,0,CCc1[nH]c(C(=O)N[C@H]2CCN(c3cccc(C(=O)O)c3)C[C@H]2OC)nc1C(F)(F)F,patent,80,
CCc1[nH]c(Br)nc1C(F)(F)F,CCc1[nH]cnc1C(F)(F)F,0,CCc1[nH]c(C(=O)N[C@H]2CCN(c3cccc(C(=O)O)c3)C[C@H]2OC)nc1C(F)(F)F,patent,90,
CCc1[nH]cnc1C(F)(F)F,C#Cc1[nH]cnc1C(F)(F)F,0,CCc1[nH]c(C(=O)N[C@H]2CCN(c3cccc(C(=O)O)c3)C[C@H]2OC)nc1C(F)(F)F,patent,100,
C#Cc1[nH]cnc1C(F)(F)F,CC(C)(O)C#Cc1[nH]cnc1C(F)(F)F,0,CCc1[nH]c(C(=O)N[C@H]2CCN(c3cccc(C(=O)O)c3)C[C@H]2OC)nc1C(F)(F)F,patent,85,
CC(C)(O)C#Cc1[nH]cnc1C(F)(F)F,CC(C)(O)C#Cc1c(C(F)(F)F)ncn1COCC[Si](C)(C)C,1,CCc1[nH]c(C(=O)N[C@H]2CCN(c3cccc(C(=O)O)c3)C[C@H]2OC)nc1C(F)(F)F,patent,70,
CC(C)(O)C#Cc1c(C(F)(F)F)ncn1COCC[Si](C)(C)C,C#CC(C)(C)O.C[Si](C)(C)CCOCn1cnc(C(F)(F)F)c1Br,0,CCc1[nH]c(C(=O)N[C@H]2CCN(c3cccc(C(=O)O)c3)C[C@H]2OC)nc1C(F)(F)F,patent,95,
C[Si](C)(C)CCOCn1cnc(C(F)(F)F)c1Br,C[Si](C)(C)CCOCCl.FC(F)(F)c1nc[nH]c1Br,0,CCc1[nH]c(C(=O)N[C@H]2CCN(c3cccc(C(=O)O)c3)C[C@H]2OC)nc1C(F)(F)F,patent,95,
CO[C@@H]1CN(c2cccc(C(=O)O)c2)CC[C@@H]1N,COC(=O)c1cccc(N2CC[C@H](N)[C@H](OC)C2)c1,0,CCc1[nH]c(C(=O)N[C@H]2CCN(c3cccc(C(=O)O)c3)C[C@H]2OC)nc1C(F)(F)F,patent,95,
COC(=O)c1cccc(N2CC[C@H](N)[C@H](OC)C2)c1,CO[C@@H]1CNCC[C@@H]1N.COC(=O)c1cccc(Br)c1,0,CCc1[nH]c(C(=O)N[C@H]2CCN(c3cccc(C(=O)O)c3)C[C@H]2OC)nc1C(F)(F)F,patent,95,
CC(C)(C)OC(=O)N[C@@H]1c2cccnc2[C@H](N2C(=O)c3ccccc3C2=O)CC[C@H]1c1cccc(F)c1F,C=C[C@@H]1c2cccnc2[C@H](N2C(=O)c3ccccc3C2=O)CC[C@H]1NC(=O)OC(C)(C)C.Fc1ccccc1F,0,CC(C)(C)OC(=O)N[C@@H]1c2cccnc2[C@H](N2C(=O)c3ccccc3C2=O)CC[C@H]1c1cccc(F)c1F,patent,90,
C=C[C@@H]1c2cccnc2[C@H](N2C(=O)c3ccccc3C2=O)CC[C@H]1NC(=O)OC(C)(C)C,C=C[C@@H]1c2cccnc2[C@H](Br)CC[C@H]1NC(=O)OC(C)(C)C.O=C1NC(=O)c2ccccc21,0,CC(C)(C)OC(=O)N[C@@H]1c2cccnc2[C@H](N2C(=O)c3ccccc3C2=O)CC[C@H]1c1cccc(F)c1F,patent,95,
C=C[C@@H]1c2cccnc2[C@H](Br)CC[C@H]1NC(=O)OC(C)(C)C,C=C[C@@H]1c2cccnc2[C@H](Br)CC[C@H]1N.CC(C)(C)OC(=O)OC(=O)OC(C)(C)C,1,CC(C)(C)OC(=O)N[C@@H]1c2cccnc2[C@H](N2C(=O)c3ccccc3C2=O)CC[C@H]1c1cccc(F)c1F,patent,75,
C=C[C@@H]1c2cccnc2[C@H](Br)CC[C@H]1N,C=C[CH]c1cccnc1[C@H](Br)CC[C@H](N)C=C,1,CC(C)(C)OC(=O)N[C@@H]1c2cccnc2[C@H](N2C(=O)c3ccccc3C2=O)CC[C@H]1c1cccc(F)c1F,patent,65,
C=C[CH]c1cccnc1[C@H](Br)CC[C@H](N)C=C,C=C[CH]c1cccnc1CC[C@H](N)C=C,0,CC(C)(C)OC(=O)N[C@@H]1c2cccnc2[C@H](N2C(=O)c3ccccc3C2=O)CC[C@H]1c1cccc(F)c1F,patent,85,
C=C[CH]c1cccnc1CC[C@H](N)C=C,C=C[C@@H](N)CCc1ncccc1Br.C=CB(O)O,0,CC(C)(C)OC(=O)N[C@@H]1c2cccnc2[C@H](N2C(=O)c3ccccc3C2=O)CC[C@H]1c1cccc(F)c1F,patent,90,
C=C[C@@H](N)CCc1ncccc1Br,C=CC(=O)CCc1ncccc1Br.N,0,CC(C)(C)OC(=O)N[C@@H]1c2cccnc2[C@H](N2C(=O)c3ccccc3C2=O)CC[C@H]1c1cccc(F)c1F,patent,95,
C=CC(=O)CCc1ncccc1Br,CC(=O)CCc1ncccc1Br.C=O,0,CC(C)(C)OC(=O)N[C@@H]1c2cccnc2[C@H](N2C(=O)c3ccccc3C2=O)CC[C@H]1c1cccc(F)c1F,patent,95,
CC(=O)CCc1ncccc1Br,CC(=O)CC(C)=O.ClCc1ncccc1Br,0,CC(C)(C)OC(=O)N[C@@H]1c2cccnc2[C@H](N2C(=O)c3ccccc3C2=O)CC[C@H]1c1cccc(F)c1F,patent,90,
O=C1NC(=O)c2ccccc21,NC(N)=O.O=C1OC(=O)c2ccccc21,0,CC(C)(C)OC(=O)N[C@@H]1c2cccnc2[C@H](N2C(=O)c3ccccc3C2=O)CC[C@H]1c1cccc(F)c1F,patent,90,
Fc1ccccc1F,Oc1ccc(F)c(F)c1,0,CC(C)(C)OC(=O)N[C@@H]1c2cccnc2[C@H](N2C(=O)c3ccccc3C2=O)CC[C@H]1c1cccc(F)c1F,patent,95,
CC(C)c1ccc(OC2CCC3(CC2)N[C@@H](C(=O)O)C(C)(C)S3)cc1,CC(C)c1ccc(O)cc1.CC1(C)SC2(CCC(Cl)CC2)N[C@H]1C(=O)O,0,CC(C)c1ccc(OC2CCC3(CC2)N[C@@H](C(=O)O)C(C)(C)S3)cc1,patent,95,
CC(C)c1ccc(O)cc1,COc1ccc(C(C)C)cc1,0,CC(C)c1ccc(OC2CCC3(CC2)N[C@@H](C(=O)O)C(C)(C)S3)cc1,patent,95,
CC1(C)SC2(CCC(Cl)CC2)N[C@H]1C(=O)O,CC(C)(S)[C@@H](N)C(=O)O.O=C1CCC(Cl)CC1,1,CC(C)c1ccc(OC2CCC3(CC2)N[C@@H](C(=O)O)C(C)(C)S3)cc1,patent,65,
CC(C)(S)[C@@H](N)C(=O)O,COC(=O)[C@H](N)C(C)(C)S,0,CC(C)c1ccc(OC2CCC3(CC2)N[C@@H](C(=O)O)C(C)(C)S3)cc1,patent,95,
O=C1CCC(Cl)CC1,OC1CCC(Cl)CC1,0,CC(C)c1ccc(OC2CCC3(CC2)N[C@@H](C(=O)O)C(C)(C)S3)cc1,patent,100,
CCOC(=O)CCc1cc2cc(-c3noc(-c4ccc(OC(C)C)c(Cl)c4)n3)ccc2[nH]1,CC(C)Oc1ccc(-c2nc(-c3ccc4[nH]ccc4c3)no2)cc1Cl.CCOC(=O)CCBr,0,CCOC(=O)CCc1cc2cc(-c3noc(-c4ccc(OC(C)C)c(Cl)c4)n3)ccc2[nH]1,patent,95,
CC(C)Oc1ccc(-c2nc(-c3ccc4[nH]ccc4c3)no2)cc1Cl,N=C(NO)c1ccc2[nH]ccc2c1.CC(C)Oc1ccc(C(=O)O)cc1Cl,1,CCOC(=O)CCc1cc2cc(-c3noc(-c4ccc(OC(C)C)c(Cl)c4)n3)ccc2[nH]1,patent,0,
CCOC(=O)CCBr,CCOC(=O)CCO.O=C1CCC(=O)N1Br,1,CCOC(=O)CCc1cc2cc(-c3noc(-c4ccc(OC(C)C)c(Cl)c4)n3)ccc2[nH]1,patent,55,
CN(C1CC1)[C@H]1CC[C@H]2[C@@H]3CC=C4C[C@@H](O)CC[C@]4(C)[C@H]3CC[C@]12C,CC1CCC2C3CC=C4CC(=O)CCC4(C)C3CCC12C.CNC1CC1,0,CN(C1CC1)[C@H]1CC[C@H]2[C@@H]3CC=C4C[C@@H](O)CC[C@]4(C)[C@H]3CC[C@]12C,patent,95,
CC1CCC2C3CC=C4CC(=O)CCC4(C)C3CCC12C,CC1CCC2C3CC=C4CC(O)CCC4(C)C3CCC12C,0,CN(C1CC1)[C@H]1CC[C@H]2[C@@H]3CC=C4C[C@@H](O)CC[C@]4(C)[C@H]3CC[C@]12C,patent,100,
CC(=O)c1ccc2c(c1)C=CC(O)(CO)CO2,C=Cc1ccc(C(C)=O)cc1O.O=CC(O)CO,1,CC(=O)c1ccc2c(c1)C=CC(O)(CO)CO2,patent,65,
C=Cc1ccc(C(C)=O)cc1O,CC(=O)OC(C)=O.C=Cc1ccccc1O,0,CC(=O)c1ccc2c(c1)C=CC(O)(CO)CO2,patent,90,
C[C@H]1OC[C@@H]2CC[C@@H](c3nc(-c4ccc(C(=O)Nc5cc(C(F)(F)F)ccn5)cc4)c4c(N)nccn34)CN2C1=O,C[C@H]1OC[C@@H]2CC[C@@H](Br)CN2C1=O.Nc1nccn2c(Br)nc(-c3ccc(C(=O)Nc4cc(C(F)(F)F)ccn4)cc3)c12,0,C[C@H]1OC[C@@H]2CC[C@@H](c3nc(-c4ccc(C(=O)Nc5cc(C(F)(F)F)ccn5)cc4)c4c(N)nccn34)CN2C1=O,patent,90,
C[C@H]1OC[C@@H]2CC[C@@H](Br)CN2C1=O,C[C@H](O)C(=O)N1[C@@H](CCl)CC[C@@H]1Br,1,C[C@H]1OC[C@@H]2CC[C@@H](c3nc(-c4ccc(C(=O)Nc5cc(C(F)(F)F)ccn5)cc4)c4c(N)nccn34)CN2C1=O,patent,40,
C[C@H](O)C(=O)N1[C@@H](CCl)CC[C@@H]1Br,C[C@H](O)C(=O)N1CCC[C@@H]1CCl,0,C[C@H]1OC[C@@H]2CC[C@@H](c3nc(-c4ccc(C(=O)Nc5cc(C(F)(F)F)ccn5)cc4)c4c(N)nccn34)CN2C1=O,patent,90,
C[C@H](O)C(=O)N1CCC[C@@H]1CCl,C[C@H](O)C(=O)O.ClC[C@H]1CCCN1,0,C[C@H]1OC[C@@H]2CC[C@@H](c3nc(-c4ccc(C(=O)Nc5cc(C(F)(F)F)ccn5)cc4)c4c(N)nccn34)CN2C1=O,patent,95,
Nc1nccn2c(Br)nc(-c3ccc(C(=O)Nc4cc(C(F)(F)F)ccn4)cc3)c12,Nc1nccn2cnc(-c3ccc(C(=O)Nc4cc(C(F)(F)F)ccn4)cc3)c12,0,C[C@H]1OC[C@@H]2CC[C@@H](c3nc(-c4ccc(C(=O)Nc5cc(C(F)(F)F)ccn5)cc4)c4c(N)nccn34)CN2C1=O,patent,90,
Nc1nccn2cnc(-c3ccc(C(=O)Nc4cc(C(F)(F)F)ccn4)cc3)c12,Nc1nccn2cnc(Br)c12.O=C(Nc1cc(C(F)(F)F)ccn1)c1cccc(B(O)O)c1,0,C[C@H]1OC[C@@H]2CC[C@@H](c3nc(-c4ccc(C(=O)Nc5cc(C(F)(F)F)ccn5)cc4)c4c(N)nccn34)CN2C1=O,patent,90,
Nc1nccn2cnc(Br)c12,COc1ccc(CNc2nccn3cnc(Br)c23)cc1,1,C[C@H]1OC[C@@H]2CC[C@@H](c3nc(-c4ccc(C(=O)Nc5cc(C(F)(F)F)ccn5)cc4)c4c(N)nccn34)CN2C1=O,patent,0,
COc1ccc(CNc2nccn3cnc(Br)c23)cc1,COc1ccc(CN)cc1.Clc1nccn2cnc(Br)c12,0,C[C@H]1OC[C@@H]2CC[C@@H](c3nc(-c4ccc(C(=O)Nc5cc(C(F)(F)F)ccn5)cc4)c4c(N)nccn34)CN2C1=O,patent,95,
O=C(Nc1cc(C(F)(F)F)ccn1)c1cccc(B(O)O)c1,Nc1cc(C(F)(F)F)ccn1.O=C(Cl)c1cccc(B(O)O)c1,0,C[C@H]1OC[C@@H]2CC[C@@H](c3nc(-c4ccc(C(=O)Nc5cc(C(F)(F)F)ccn5)cc4)c4c(N)nccn34)CN2C1=O,patent,95,
C[C@@H](n1ncn(-c2ccc(Cl)cc2)c1=O)[C@@]1(c2ccc(F)cc2F)CO1,C=C(c1ccc(F)cc1F)[C@@H](C)n1ncn(-c2ccc(Cl)cc2)c1=O,1,C[C@@H](n1ncn(-c2ccc(Cl)cc2)c1=O)[C@@]1(c2ccc(F)cc2F)CO1,patent,60,
C=C(c1ccc(F)cc1F)[C@@H](C)n1ncn(-c2ccc(Cl)cc2)c1=O,C[C@H](C=O)n1ncn(-c2ccc(Cl)cc2)c1=O.Fc1ccc(CBr)c(F)c1,0,C[C@@H](n1ncn(-c2ccc(Cl)cc2)c1=O)[C@@]1(c2ccc(F)cc2F)CO1,patent,95,
C[C@H](C=O)n1ncn(-c2ccc(Cl)cc2)c1=O,C[C@H](CO)n1ncn(-c2ccc(Cl)cc2)c1=O,0,C[C@@H](n1ncn(-c2ccc(Cl)cc2)c1=O)[C@@]1(c2ccc(F)cc2F)CO1,patent,100,
C[C@H](CO)n1ncn(-c2ccc(Cl)cc2)c1=O,C[C@@H](CO)n1ncc(=O)[nH]1.O=C=Nc1ccc(Cl)cc1,0,C[C@@H](n1ncn(-c2ccc(Cl)cc2)c1=O)[C@@]1(c2ccc(F)cc2F)CO1,patent,95,
C[C@@H](CO)n1ncc(=O)[nH]1,O=c1[nH]cn[nH]1.C[C@@H]1CO1,1,C[C@@H](n1ncn(-c2ccc(Cl)cc2)c1=O)[C@@]1(c2ccc(F)cc2F)CO1,patent,75,
O=C=Nc1ccc(Cl)cc1,O=C(Cl)Cl.Nc1ccc(Cl)cc1,0,C[C@@H](n1ncn(-c2ccc(Cl)cc2)c1=O)[C@@]1(c2ccc(F)cc2F)CO1,patent,90,
Fc1ccc(CBr)c(F)c1,Cc1ccc(F)cc1F.O=C1CCC(=O)N1Br,1,C[C@@H](n1ncn(-c2ccc(Cl)cc2)c1=O)[C@@]1(c2ccc(F)cc2F)CO1,patent,55,
CC(=O)NC[C@H]1CN(c2ccc3c(c2)CCCc2c(C(C)C)n[nH]c2-3)C(=O)O1,CC(C)c1n[nH]c2c1CCCc1cc(N3C[C@H](CN)OC3=O)ccc1-2.CC(=O)Cl,0,CC(=O)NC[C@H]1CN(c2ccc3c(c2)CCCc2c(C(C)C)n[nH]c2-3)C(=O)O1,patent,95,
CC(C)c1n[nH]c2c1CCCc1cc(N3C[C@H](CN)OC3=O)ccc1-2,CC(C)c1n[nH]c2c1CCCc1cc(N)ccc1-2.NC[C@H]1CNC(=O)O1,0,CC(=O)NC[C@H]1CN(c2ccc3c(c2)CCCc2c(C(C)C)n[nH]c2-3)C(=O)O1,patent,95,
CC(C)c1n[nH]c2c1CCCc1cc(N)ccc1-2,CC(C)c1n[nH]cc1C(=O)CCCc1ccc(N)cc1,1,CC(=O)NC[C@H]1CN(c2ccc3c(c2)CCCc2c(C(C)C)n[nH]c2-3)C(=O)O1,patent,70,
CC(C)c1n[nH]cc1C(=O)CCCc1ccc(N)cc1,NN.COC(OC)N(C)C.CC(C)C(=O)CC(=O)CCCc1ccc(N)cc1,1,CC(=O)NC[C@H]1CN(c2ccc3c(c2)CCCc2c(C(C)C)n[nH]c2-3)C(=O)O1,patent,15,
CC(C)C(=O)CC(=O)CCCc1ccc(N)cc1,CC(=O)C(C)C.COC(=O)CCCc1ccc(N)cc1,0,CC(=O)NC[C@H]1CN(c2ccc3c(c2)CCCc2c(C(C)C)n[nH]c2-3)C(=O)O1,patent,95,
COc1ccccc1C[C@H](C[C@H](O[Si](C)(C)C(C)(C)C)[C@H](Cc1ccccc1)NC(=O)OC(C)(C)C)C(=O)O,COc1ccccc1C[C@@H](CO)C[C@H](O[Si](C)(C)C(C)(C)C)[C@H](Cc1ccccc1)NC(=O)OC(C)(C)C,0,COc1ccccc1C[C@H](C[C@H](O[Si](C)(C)C(C)(C)C)[C@H](Cc1ccccc1)NC(=O)OC(C)(C)C)C(=O)O,patent,90,
COc1ccccc1C[C@@H](CO)C[C@H](O[Si](C)(C)C(C)(C)C)[C@H](Cc1ccccc1)NC(=O)OC(C)(C)C,COc1ccccc1C[C@@H](C=O)C[C@H](O[Si](C)(C)C(C)(C)C)[C@H](Cc1ccccc1)NC(=O)OC(C)(C)C,0,COc1ccccc1C[C@H](C[C@H](O[Si](C)(C)C(C)(C)C)[C@H](Cc1ccccc1)NC(=O)OC(C)(C)C)C(=O)O,patent,100,
COCCCc1cc(CN(C(=O)[C@H]2CN(C(=O)OC(C)(C)C)CC[C@@H]2c2ccc(OCCOc3c(Cl)cc(C)cc3Cl)cc2)C2CC2)cc(OCCOC)c1,Cc1cc(Cl)c(OCCOc2ccc([C@@H]3CCN(C(=O)OC(C)(C)C)C[C@H]3C(=O)O)cc2)c(Cl)c1.COCCCc1cc(CNC2CC2)cc(OCCOC)c1,0,COCCCc1cc(CN(C(=O)[C@H]2CN(C(=O)OC(C)(C)C)CC[C@@H]2c2ccc(OCCOc3c(Cl)cc(C)cc3Cl)cc2)C2CC2)cc(OCCOC)c1,patent,95,
Cc1cc(Cl)c(OCCOc2ccc([C@@H]3CCN(C(=O)OC(C)(C)C)C[C@H]3C(=O)O)cc2)c(Cl)c1,CC(C)(C)OC(=O)N1CC[C@@H](c2ccc(O)cc2)[C@H](C(=O)O)C1.Cc1cc(Cl)c(OCCCl)c(Cl)c1,0,COCCCc1cc(CN(C(=O)[C@H]2CN(C(=O)OC(C)(C)C)CC[C@@H]2c2ccc(OCCOc3c(Cl)cc(C)cc3Cl)cc2)C2CC2)cc(OCCOC)c1,patent,95,
CC(C)(C)OC(=O)N1CC[C@@H](c2ccc(O)cc2)[C@H](C(=O)O)C1,O=C(O)[C@@H]1CNCC[C@H]1c1ccc(O)cc1,1,COCCCc1cc(CN(C(=O)[C@H]2CN(C(=O)OC(C)(C)C)CC[C@@H]2c2ccc(OCCOc3c(Cl)cc(C)cc3Cl)cc2)C2CC2)cc(OCCOC)c1,patent,45,
O=C(O)[C@@H]1CNCC[C@H]1c1ccc(O)cc1,N[C@H](Cc1ccc(O)cc1)C(=O)O.O=CCCCC=O,1,COCCCc1cc(CN(C(=O)[C@H]2CN(C(=O)OC(C)(C)C)CC[C@@H]2c2ccc(OCCOc3c(Cl)cc(C)cc3Cl)cc2)C2CC2)cc(OCCOC)c1,patent,40,
N[C@H](Cc1ccc(O)cc1)C(=O)O,COc1ccc(C[C@@H](N)C(=O)O)cc1,0,COCCCc1cc(CN(C(=O)[C@H]2CN(C(=O)OC(C)(C)C)CC[C@@H]2c2ccc(OCCOc3c(Cl)cc(C)cc3Cl)cc2)C2CC2)cc(OCCOC)c1,patent,95,
O=CCCCC=O,CCOC(CCCC=O)OCC,0,COCCCc1cc(CN(C(=O)[C@H]2CN(C(=O)OC(C)(C)C)CC[C@@H]2c2ccc(OCCOc3c(Cl)cc(C)cc3Cl)cc2)C2CC2)cc(OCCOC)c1,patent,80,
COCCCc1cc(CNC2CC2)cc(OCCOC)c1,COCCCc1cc(C=O)cc(OCCOC)c1.NC1CC1,0,COCCCc1cc(CN(C(=O)[C@H]2CN(C(=O)OC(C)(C)C)CC[C@@H]2c2ccc(OCCOc3c(Cl)cc(C)cc3Cl)cc2)C2CC2)cc(OCCOC)c1,patent,95,
COCCCc1cc(C=O)cc(OCCOC)c1,COCCO.COCCCc1cc(F)cc(C=O)c1,0,COCCCc1cc(CN(C(=O)[C@H]2CN(C(=O)OC(C)(C)C)CC[C@@H]2c2ccc(OCCOc3c(Cl)cc(C)cc3Cl)cc2)C2CC2)cc(OCCOC)c1,patent,95,
COCCCc1cc(F)cc(C=O)c1,COCCCc1cc(F)cc(CO)c1,0,COCCCc1cc(CN(C(=O)[C@H]2CN(C(=O)OC(C)(C)C)CC[C@@H]2c2ccc(OCCOc3c(Cl)cc(C)cc3Cl)cc2)C2CC2)cc(OCCOC)c1,patent,100,
CC(C)N1CCC(Oc2ccc3c(c2)cc2n3[C@H](C)CN(CCO)C2=O)CC1,OCCBr.CC(C)N1CCC(Oc2ccc3c(c2)cc2n3[C@H](C)CNC2=O)CC1,0,CC(C)N1CCC(Oc2ccc3c(c2)cc2n3[C@H](C)CN(CCO)C2=O)CC1,patent,95,
CC(C)N1CCC(Oc2ccc3c(c2)cc2n3[C@H](C)CNC2=O)CC1,CC(C)N1CCC(O)CC1.C[C@@H]1CNC(=O)c2cc3cc(F)ccc3n21,0,CC(C)N1CCC(Oc2ccc3c(c2)cc2n3[C@H](C)CN(CCO)C2=O)CC1,patent,95,
C[C@@H]1CNC(=O)c2cc3cc(F)ccc3n21,CCOC(=O)c1cc2cc(F)ccc2n1[C@H](C)CNC(=O)OC(C)(C)C,1,CC(C)N1CCC(Oc2ccc3c(c2)cc2n3[C@H](C)CN(CCO)C2=O)CC1,patent,15,
CCOC(=O)c1cc2cc(F)ccc2n1[C@H](C)CNC(=O)OC(C)(C)C,CCOC(=O)c1cc2cc(F)ccc2[nH]1.C[C@H]1CN(C(=O)OC(C)(C)C)S(=O)(=O)O1,1,CC(C)N1CCC(Oc2ccc3c(c2)cc2n3[C@H](C)CN(CCO)C2=O)CC1,patent,35,
COCCCc1cc(CN(C(=O)[C@H]2CN(C(=O)OC(C)(C)C)CC[C@@H]2c2ccc(OCCOc3c(Cl)cc(C)cc3Cl)cc2)C2CC2)cc(OCC2(CC#N)CC2)c1,COCCCc1cc(CNC2CC2)cc(OCC2(CC#N)CC2)c1.Cc1cc(Cl)c(OCCOc2ccc([C@H]3CCN(C(=O)OC(C)(C)C)C[C@@H]3C(=O)Cl)cc2)c(Cl)c1,0,COCCCc1cc(CN(C(=O)[C@H]2CN(C(=O)OC(C)(C)C)CC[C@@H]2c2ccc(OCCOc3c(Cl)cc(C)cc3Cl)cc2)C2CC2)cc(OCC2(CC#N)CC2)c1,patent,95,
COCCCc1cc(CNC2CC2)cc(OCC2(CC#N)CC2)c1,N#CCC1(CO)CC1.COCCCc1cc(F)cc(CNC2CC2)c1,0,COCCCc1cc(CN(C(=O)[C@H]2CN(C(=O)OC(C)(C)C)CC[C@@H]2c2ccc(OCCOc3c(Cl)cc(C)cc3Cl)cc2)C2CC2)cc(OCC2(CC#N)CC2)c1,patent,95,
Cc1cc(Cl)c(OCCOc2ccc([C@H]3CCN(C(=O)OC(C)(C)C)C[C@@H]3C(=O)Cl)cc2)c(Cl)c1,Cc1cc(Cl)c(OCCO)c(Cl)c1.CC(C)(C)OC(=O)N1CC[C@H](c2ccc(F)cc2)[C@@H](C(=O)Cl)C1,0,COCCCc1cc(CN(C(=O)[C@H]2CN(C(=O)OC(C)(C)C)CC[C@@H]2c2ccc(OCCOc3c(Cl)cc(C)cc3Cl)cc2)C2CC2)cc(OCC2(CC#N)CC2)c1,patent,95,
Cc1cc(Cl)c(OCCO)c(Cl)c1,O=C1OCCO1.Cc1cc(Cl)c(O)c(Cl)c1,1,COCCCc1cc(CN(C(=O)[C@H]2CN(C(=O)OC(C)(C)C)CC[C@@H]2c2ccc(OCCOc3c(Cl)cc(C)cc3Cl)cc2)C2CC2)cc(OCC2(CC#N)CC2)c1,patent,65,
CC(C)(C)OC(=O)N1CC[C@H](c2ccc(F)cc2)[C@@H](C(=O)Cl)C1,O=S(Cl)Cl.CC(C)(C)OC(=O)N1CC[C@H](c2ccc(F)cc2)[C@@H](C(=O)O)C1,0,COCCCc1cc(CN(C(=O)[C@H]2CN(C(=O)OC(C)(C)C)CC[C@@H]2c2ccc(OCCOc3c(Cl)cc(C)cc3Cl)cc2)C2CC2)cc(OCC2(CC#N)CC2)c1,patent,90,
CC(C)(C)OC(=O)N1CC[C@H](c2ccc(F)cc2)[C@@H](C(=O)O)C1,COC(=O)[C@H]1CN(C(=O)OC(C)(C)C)CC[C@@H]1c1ccc(F)cc1,0,COCCCc1cc(CN(C(=O)[C@H]2CN(C(=O)OC(C)(C)C)CC[C@@H]2c2ccc(OCCOc3c(Cl)cc(C)cc3Cl)cc2)C2CC2)cc(OCC2(CC#N)CC2)c1,patent,95,
COC(=O)[C@H]1CN(C(=O)OC(C)(C)C)CC[C@@H]1c1ccc(F)cc1,CC(C)(C)OC(=O)OC(=O)OC(C)(C)C.COC(=O)[C@H]1CNCC[C@@H]1c1ccc(F)cc1,1,COCCCc1cc(CN(C(=O)[C@H]2CN(C(=O)OC(C)(C)C)CC[C@@H]2c2ccc(OCCOc3c(Cl)cc(C)cc3Cl)cc2)C2CC2)cc(OCC2(CC#N)CC2)c1,patent,75,
CC(C)(C)OC(=O)N[C@@H]1c2cccnc2[C@H](N)CC[C@H]1c1cccc(F)c1F,N[C@@H]1CC[C@@H](c2cccc(F)c2F)[C@H](N)c2cccnc21.CC(C)(C)OC(=O)OC(=O)OC(C)(C)C,1,CC(C)(C)OC(=O)N[C@@H]1c2cccnc2[C@H](N)CC[C@H]1c1cccc(F)c1F,patent,75,
N[C@@H]1CC[C@@H](c2cccc(F)c2F)[C@H](N)c2cccnc21,C=CCC(N)c1ncccc1[C@H](N)[C@H](CC=C)c1cccc(F)c1F,1,CC(C)(C)OC(=O)N[C@@H]1c2cccnc2[C@H](N)CC[C@H]1c1cccc(F)c1F,patent,55,
C=CCC(N)c1ncccc1[C@H](N)[C@H](CC=C)c1cccc(F)c1F,C=CCC(N)c1ncccc1[C@H](N)C=O.CC=C[C@@H](N)c1cccc(F)c1F,0,CC(C)(C)OC(=O)N[C@@H]1c2cccnc2[C@H](N)CC[C@H]1c1cccc(F)c1F,patent,95,
C=CCC(N)c1ncccc1[C@H](N)C=O,C=CCC(N)c1ncccc1[C@H](N)CO,0,CC(C)(C)OC(=O)N[C@@H]1c2cccnc2[C@H](N)CC[C@H]1c1cccc(F)c1F,patent,100,
C=CCC(N)c1ncccc1[C@H](N)CO,C=CCC(N)c1ncccc1C(=O)CO,0,CC(C)(C)OC(=O)N[C@@H]1c2cccnc2[C@H](N)CC[C@H]1c1cccc(F)c1F,patent,95,
C=CCC(N)c1ncccc1C(=O)CO,C=CCC(=O)c1ncccc1C(=O)CO.N,0,CC(C)(C)OC(=O)N[C@@H]1c2cccnc2[C@H](N)CC[C@H]1c1cccc(F)c1F,patent,95,
C=CCC(=O)c1ncccc1C(=O)CO,CON(C)C(=O)CO.C=CCC(=O)c1ncccc1Br,0,CC(C)(C)OC(=O)N[C@@H]1c2cccnc2[C@H](N)CC[C@H]1c1cccc(F)c1F,patent,90,
CON(C)C(=O)CO,CNOC.O=C(O)CO,0,CC(C)(C)OC(=O)N[C@@H]1c2cccnc2[C@H](N)CC[C@H]1c1cccc(F)c1F,patent,95,
C=CCC(=O)c1ncccc1Br,C=CCC(=O)N(C)OC.Brc1cccnc1Br,1,CC(C)(C)OC(=O)N[C@@H]1c2cccnc2[C@H](N)CC[C@H]1c1cccc(F)c1F,patent,30,
C=CCC(=O)N(C)OC,CNOC.C=CCC(=O)O,0,CC(C)(C)OC(=O)N[C@@H]1c2cccnc2[C@H](N)CC[C@H]1c1cccc(F)c1F,patent,95,
CC=C[C@@H](N)c1cccc(F)c1F,CC=CC(=O)c1cccc(F)c1F,0,CC(C)(C)OC(=O)N[C@@H]1c2cccnc2[C@H](N)CC[C@H]1c1cccc(F)c1F,patent,95,
CC=CC(=O)c1cccc(F)c1F,CC=CC(=O)Cl.Fc1cccc(Br)c1F,0,CC(C)(C)OC(=O)N[C@@H]1c2cccnc2[C@H](N)CC[C@H]1c1cccc(F)c1F,patent,95,
COCCCc1cc(CN(C(=O)[C@H]2CN(C(=O)OC(C)(C)C)CC[C@@H]2c2ccc(OCCOc3c(Cl)cc(C)cc3Cl)cc2)C2CC2)cc(OCC2(CC(=O)OC)CC2)c1,COCCCc1cc(CNC2CC2)cc(OCC2(CC(=O)OC)CC2)c1.Cc1cc(Cl)c(OCCOc2ccc([C@H]3CCN(C(=O)OC(C)(C)C)C[C@@H]3C(=O)O)cc2)c(Cl)c1,0,COCCCc1cc(CN(C(=O)[C@H]2CN(C(=O)OC(C)(C)C)CC[C@@H]2c2ccc(OCCOc3c(Cl)cc(C)cc3Cl)cc2)C2CC2)cc(OCC2(CC(=O)OC)CC2)c1,patent,95,
COCCCc1cc(CNC2CC2)cc(OCC2(CC(=O)OC)CC2)c1,COC(=O)CC1(CO)CC1.COCCCc1cc(F)cc(CNC2CC2)c1,0,COCCCc1cc(CN(C(=O)[C@H]2CN(C(=O)OC(C)(C)C)CC[C@@H]2c2ccc(OCCOc3c(Cl)cc(C)cc3Cl)cc2)C2CC2)cc(OCC2(CC(=O)OC)CC2)c1,patent,95,
CCCCCN1C(=O)C2(CNC(=O)c3cc4c(cc32)OCO4)c2ccccc21,O=C1NCC2(C(=O)Nc3ccccc32)c2cc3c(cc21)OCO3.CCCCCBr,0,CCCCCN1C(=O)C2(CNC(=O)c3cc4c(cc32)OCO4)c2ccccc21,patent,95,
O=C1NCC2(C(=O)Nc3ccccc32)c2cc3c(cc21)OCO3,O=C1Nc2ccccc2C12CN2.O=C(Cl)c1ccc2c(c1)OCO2,1,CCCCCN1C(=O)C2(CNC(=O)c3cc4c(cc32)OCO4)c2ccccc21,patent,45,
O=C1Nc2ccccc2C12CN2,NCC1(CBr)C(=O)Nc2ccccc21,1,CCCCCN1C(=O)C2(CNC(=O)c3cc4c(cc32)OCO4)c2ccccc21,patent,70,
NCC1(CBr)C(=O)Nc2ccccc21,CC1(CN)C(=O)Nc2ccccc21,0,CCCCCN1C(=O)C2(CNC(=O)c3cc4c(cc32)OCO4)c2ccccc21,patent,90,
CC1(CN)C(=O)Nc2ccccc21,CC1C(=O)Nc2ccccc21.C=O.N,0,CCCCCN1C(=O)C2(CNC(=O)c3cc4c(cc32)OCO4)c2ccccc21,patent,90,
CC1C(=O)Nc2ccccc21,CC(C(=O)O)c1ccccc1N,1,CCCCCN1C(=O)C2(CNC(=O)c3cc4c(cc32)OCO4)c2ccccc21,patent,70,
CC(C(=O)O)c1ccccc1N,CC(C(=O)O)c1ccccc1[N+](=O)[O-],0,CCCCCN1C(=O)C2(CNC(=O)c3cc4c(cc32)OCO4)c2ccccc21,patent,90,
CC(C(=O)O)c1ccccc1[N+](=O)[O-],CCOC(=O)C(C)(C(=O)OCC)c1ccccc1[N+](=O)[O-],1,CCCCCN1C(=O)C2(CNC(=O)c3cc4c(cc32)OCO4)c2ccccc21,patent,75,
CCOC(=O)C(C)(C(=O)OCC)c1ccccc1[N+](=O)[O-],O=[N+]([O-])c1ccccc1F.CCOC(=O)C(C)C(=O)OCC,0,CCCCCN1C(=O)C2(CNC(=O)c3cc4c(cc32)OCO4)c2ccccc21,patent,95,
O=C(Cl)c1ccc2c(c1)OCO2,O=S(Cl)Cl.O=C(O)c1ccc2c(c1)OCO2,1,CCCCCN1C(=O)C2(CNC(=O)c3cc4c(cc32)OCO4)c2ccccc21,patent,30,
CCCCCBr,CCCCCO.O=C1CCC(=O)N1Br,1,CCCCCN1C(=O)C2(CNC(=O)c3cc4c(cc32)OCO4)c2ccccc21,patent,55,
O=[N+]([O-])c1ccc(OC2(S(=O)(=O)c3ccccc3)CC2)nc1Cl,O=[N+]([O-])c1ccc(O)nc1Cl.O=S(=O)(c1ccccc1)C1(Br)CC1,0,O=[N+]([O-])c1ccc(OC2(S(=O)(=O)c3ccccc3)CC2)nc1Cl,patent,95,
O=[N+]([O-])c1ccc(O)nc1Cl,O=S(Cl)Cl.O=[N+]([O-])c1ccc(O)nc1O,1,O=[N+]([O-])c1ccc(OC2(S(=O)(=O)c3ccccc3)CC2)nc1Cl,patent,30,
O=S(=O)(c1ccccc1)C1(Br)CC1,BrCCBr.O=S(=O)(CBr)c1ccccc1,1,O=[N+]([O-])c1ccc(OC2(S(=O)(=O)c3ccccc3)CC2)nc1Cl,patent,65,
C[Si](C)(C)CCOCn1cc(C2CCc3c(C(=O)O)nn(COCC[Si](C)(C)C)c3C2)cn1,C[Si](C)(C)CCOCn1cc(Br)cn1.C[Si](C)(C)CCOCn1nc(C(=O)O)c2c1CC(B(O)O)CC2,0,C[Si](C)(C)CCOCn1cc(C2CCc3c(C(=O)O)nn(COCC[Si](C)(C)C)c3C2)cn1,patent,90,
C[Si](C)(C)CCOCn1cc(Br)cn1,Brc1cn[nH]c1.C[Si](C)(C)CCOCCl,0,C[Si](C)(C)CCOCn1cc(C2CCc3c(C(=O)O)nn(COCC[Si](C)(C)C)c3C2)cn1,patent,95,
C[Si](C)(C)CCOCn1nc(C(=O)O)c2c1CC(B(O)O)CC2,C[Si](C)(C)CCO.O=C(O)c1nn(CBr)c2c1CCC(B(O)O)C2,0,C[Si](C)(C)CCOCn1cc(C2CCc3c(C(=O)O)nn(COCC[Si](C)(C)C)c3C2)cn1,patent,95,
C[Si](C)(C)CCO,C[Si](C)(C)CC(=O)O,0,C[Si](C)(C)CCOCn1cc(C2CCc3c(C(=O)O)nn(COCC[Si](C)(C)C)c3C2)cn1,patent,95,
O=C(O)c1nn(CBr)c2c1CCC(B(O)O)C2,O=C(O)c1nn(CBr)c2c1CCC(Br)C2,0,C[Si](C)(C)CCOCn1cc(C2CCc3c(C(=O)O)nn(COCC[Si](C)(C)C)c3C2)cn1,patent,80,
O=C(O)c1nn(CBr)c2c1CCC(Br)C2,O=C(O)c1n[nH]c2c1CCC(Br)CC2,1,C[Si](C)(C)CCOCn1cc(C2CCc3c(C(=O)O)nn(COCC[Si](C)(C)C)c3C2)cn1,patent,40,
O=C(O)c1n[nH]c2c1CCC(Br)CC2,C=CCC(Br)CCc1c(C(=O)O)n[nH]c1C=C,1,C[Si](C)(C)CCOCn1cc(C2CCc3c(C(=O)O)nn(COCC[Si](C)(C)C)c3C2)cn1,patent,60,
C=CCC(Br)CCc1c(C(=O)O)n[nH]c1C=C,C=CCC=CCc1c(C(=O)O)n[nH]c1C=C,0,C[Si](C)(C)CCOCn1cc(C2CCc3c(C(=O)O)nn(COCC[Si](C)(C)C)c3C2)cn1,patent,90,
C=CCC=CCc1c(C(=O)O)n[nH]c1C=C,C=Cc1c[nH]nc1C(=O)O.C=CCC=CCBr,0,C[Si](C)(C)CCOCn1cc(C2CCc3c(C(=O)O)nn(COCC[Si](C)(C)C)c3C2)cn1,patent,95,
C=Cc1c[nH]nc1C(=O)O,C=CB1OB(C=C)OB(C=C)O1.O=C(O)c1n[nH]cc1Br,1,C[Si](C)(C)CCOCn1cc(C2CCc3c(C(=O)O)nn(COCC[Si](C)(C)C)c3C2)cn1,patent,55,
C=CCC=CCBr,C=CCC=CC.O=C1CCC(=O)N1Br,1,C[Si](C)(C)CCOCn1cc(C2CCc3c(C(=O)O)nn(COCC[Si](C)(C)C)c3C2)cn1,patent,55,
CC1=NC2(N=C1N)c1cc(-c3cc(F)cc(C#N)c3)ccc1CCC21CC1,CC1=NC2(N=C1N)c1cc(Br)ccc1CCC21CC1.N#Cc1cc(F)cc(B(O)O)c1,0,CC1=NC2(N=C1N)c1cc(-c3cc(F)cc(C#N)c3)ccc1CCC21CC1,patent,90,
N#Cc1cc(F)cc(B(O)O)c1,CC1(C)OB(c2cc(F)cc(C#N)c2)OC1(C)C,1,CC1=NC2(N=C1N)c1cc(-c3cc(F)cc(C#N)c3)ccc1CCC21CC1,patent,45,
O=C(O)[C@H]1CCOC[C@H]1c1ccc(I)cc1,OC[C@H]1CCOC[C@H]1c1ccc(I)cc1,0,O=C(O)[C@H]1CCOC[C@H]1c1ccc(I)cc1,patent,90,
OC[C@H]1CCOC[C@H]1c1ccc(I)cc1,O=C[C@@H]1COCC[C@@H]1CO.Brc1ccc(I)cc1,0,O=C(O)[C@H]1CCOC[C@H]1c1ccc(I)cc1,patent,95,
O=C[C@@H]1COCC[C@@H]1CO,OC[C@@H]1COCC[C@@H]1CO,0,O=C(O)[C@H]1CCOC[C@H]1c1ccc(I)cc1,patent,100,
OC[C@@H]1COCC[C@@H]1CO,C[C@@H]1COCC[C@@H]1C,0,O=C(O)[C@H]1CCOC[C@H]1c1ccc(I)cc1,patent,80,
C[C@@H]1COCC[C@@H]1C,C[C@H](O)CCC[C@H](C)O,1,O=C(O)[C@H]1CCOC[C@H]1c1ccc(I)cc1,patent,70,
C[C@H](O)CCC[C@H](C)O,C[C@H](O)C#CC[C@H](C)O,0,O=C(O)[C@H]1CCOC[C@H]1c1ccc(I)cc1,patent,100,
C[C@H](O)C#CC[C@H](C)O,C[C@H](O)CBr.C#C[C@H](C)O[Si](C)(C)C(C)(C)C,1,O=C(O)[C@H]1CCOC[C@H]1c1ccc(I)cc1,patent,70,
Brc1ccc(I)cc1,Brc1ccccc1.O=C1CCC(=O)N1I,1,O=C(O)[C@H]1CCOC[C@H]1c1ccc(I)cc1,patent,55,
COCCCc1cc(CN(C(=O)[C@H]2CN(C(=O)OC(C)(C)C)CC[C@@H]2c2ccc(OCCOc3c(Cl)cc(C)cc3Cl)cc2)C2CC2)cc(OC[C@@H]2C[C@H]2C(=O)OCC(=O)N(C)C)c1,COCCCc1cc(CN2CC2)cc(OC[C@@H]2C[C@H]2C(=O)OCC(=O)N(C)C)c1.Cc1cc(Cl)c(OCCOc2ccc([C@H]3CCN(C(=O)OC(C)(C)C)C[C@@H]3C(=O)O)cc2)c(Cl)c1,0,COCCCc1cc(CN(C(=O)[C@H]2CN(C(=O)OC(C)(C)C)CC[C@@H]2c2ccc(OCCOc3c(Cl)cc(C)cc3Cl)cc2)C2CC2)cc(OC[C@@H]2C[C@H]2C(=O)OCC(=O)N(C)C)c1,patent,90,
COCCCc1cc(CN2CC2)cc(OC[C@@H]2C[C@H]2C(=O)OCC(=O)N(C)C)c1,COCCCc1cc(O)cc(CN2CC2)c1.CN(C)C(=O)COC(=O)[C@@H]1C[C@H]1CBr,0,COCCCc1cc(CN(C(=O)[C@H]2CN(C(=O)OC(C)(C)C)CC[C@@H]2c2ccc(OCCOc3c(Cl)cc(C)cc3Cl)cc2)C2CC2)cc(OC[C@@H]2C[C@H]2C(=O)OCC(=O)N(C)C)c1,patent,95,
COCCCc1cc(O)cc(CN2CC2)c1,COCCCc1cc(O)cc(C(=O)N2CC2)c1,0,COCCCc1cc(CN(C(=O)[C@H]2CN(C(=O)OC(C)(C)C)CC[C@@H]2c2ccc(OCCOc3c(Cl)cc(C)cc3Cl)cc2)C2CC2)cc(OC[C@@H]2C[C@H]2C(=O)OCC(=O)N(C)C)c1,patent,95,
COCCCc1cc(O)cc(C(=O)N2CC2)c1,COCCCc1cc(OC)cc(C(=O)N2CC2)c1,0,COCCCc1cc(CN(C(=O)[C@H]2CN(C(=O)OC(C)(C)C)CC[C@@H]2c2ccc(OCCOc3c(Cl)cc(C)cc3Cl)cc2)C2CC2)cc(OC[C@@H]2C[C@H]2C(=O)OCC(=O)N(C)C)c1,patent,95,
COCCCc1cc(OC)cc(C(=O)N2CC2)c1,C1CN1.COCCCc1cc(OC)cc(C(=O)O)c1,0,COCCCc1cc(CN(C(=O)[C@H]2CN(C(=O)OC(C)(C)C)CC[C@@H]2c2ccc(OCCOc3c(Cl)cc(C)cc3Cl)cc2)C2CC2)cc(OC[C@@H]2C[C@H]2C(=O)OCC(=O)N(C)C)c1,patent,95,
C1CN1,c1ccc(CN2CC2)cc1,1,COCCCc1cc(CN(C(=O)[C@H]2CN(C(=O)OC(C)(C)C)CC[C@@H]2c2ccc(OCCOc3c(Cl)cc(C)cc3Cl)cc2)C2CC2)cc(OC[C@@H]2C[C@H]2C(=O)OCC(=O)N(C)C)c1,patent,0,
CN(C)C(=O)COC(=O)[C@@H]1C[C@H]1CBr,CN(C)C(=O)CCl.O=C(O)[C@@H]1C[C@H]1CBr,0,COCCCc1cc(CN(C(=O)[C@H]2CN(C(=O)OC(C)(C)C)CC[C@@H]2c2ccc(OCCOc3c(Cl)cc(C)cc3Cl)cc2)C2CC2)cc(OC[C@@H]2C[C@H]2C(=O)OCC(=O)N(C)C)c1,patent,95,
O=C(O)[C@@H]1C[C@H]1CBr,CCOC(=O)[C@@H]1C[C@H]1CBr,0,COCCCc1cc(CN(C(=O)[C@H]2CN(C(=O)OC(C)(C)C)CC[C@@H]2c2ccc(OCCOc3c(Cl)cc(C)cc3Cl)cc2)C2CC2)cc(OC[C@@H]2C[C@H]2C(=O)OCC(=O)N(C)C)c1,patent,90,
C[C@H](C(=O)NCCF)N(C)C(=O)c1ccc2c(c1)c1c(n2C)CCC(C2CCOCC2)C1,C[C@H](C(=O)O)N(C)C(=O)c1ccc2c(c1)c1c(n2C)CCC(C2CCOCC2)C1.NCCF,0,C[C@H](C(=O)NCCF)N(C)C(=O)c1ccc2c(c1)c1c(n2C)CCC(C2CCOCC2)C1,patent,95,
C[C@H](C(=O)O)N(C)C(=O)c1ccc2c(c1)c1c(n2C)CCC(C2CCOCC2)C1,Cn1c2c(c3cc(C(=O)O)ccc31)CC(C1CCOCC1)CC2.CN[C@@H](C)C(=O)O,0,C[C@H](C(=O)NCCF)N(C)C(=O)c1ccc2c(c1)c1c(n2C)CCC(C2CCOCC2)C1,patent,95,
Cn1c2c(c3cc(C(=O)O)ccc31)CC(C1CCOCC1)CC2,Cn1c2c(c3cc(C=O)ccc31)CC(C1CCOCC1)CC2,0,C[C@H](C(=O)NCCF)N(C)C(=O)c1ccc2c(c1)c1c(n2C)CCC(C2CCOCC2)C1,patent,90,
Cn1c2c(c3cc(C=O)ccc31)CC(C1CCOCC1)CC2,CN(N)c1ccc(C=O)cc1.O=C1CCC(C2CCOCC2)CC1,1,C[C@H](C(=O)NCCF)N(C)C(=O)c1ccc2c(c1)c1c(n2C)CCC(C2CCOCC2)C1,patent,30,
CN(N)c1ccc(C=O)cc1,CN(C)C=O.CN(N)c1ccccc1,1,C[C@H](C(=O)NCCF)N(C)C(=O)c1ccc2c(c1)c1c(n2C)CCC(C2CCOCC2)C1,patent,30,
O=C1CCC(C2CCOCC2)CC1,OC1CCC(C2CCOCC2)CC1,0,C[C@H](C(=O)NCCF)N(C)C(=O)c1ccc2c(c1)c1c(n2C)CCC(C2CCOCC2)C1,patent,100,
OC1CCC(C2CCOCC2)CC1,Oc1ccc(C2CCOCC2)cc1,1,C[C@H](C(=O)NCCF)N(C)C(=O)c1ccc2c(c1)c1c(n2C)CCC(C2CCOCC2)C1,patent,60,
Oc1ccc(C2CCOCC2)cc1,Oc1ccc(C2=CCOCC2)cc1,0,C[C@H](C(=O)NCCF)N(C)C(=O)c1ccc2c(c1)c1c(n2C)CCC(C2CCOCC2)C1,patent,100,
Oc1ccc(C2=CCOCC2)cc1,Oc1ccc(Br)cc1.CC1(C)OB(C2=CCOCC2)OC1(C)C,1,C[C@H](C(=O)NCCF)N(C)C(=O)c1ccc2c(c1)c1c(n2C)CCC(C2CCOCC2)C1,patent,45,
C[C@H](O[Si](C)(C)C(C)(C)C)[C@@H]1CC(O)CC(C)(C)N1,C[C@H](O)[C@@H]1CC(O)CC(C)(C)N1.CC(C)(C)[Si](C)(C)Cl,0,C[C@H](O[Si](C)(C)C(C)(C)C)[C@@H]1CC(O)CC(C)(C)N1,patent,95,
C[C@H](O)[C@@H]1CC(O)CC(C)(C)N1,CC1(C)CC(O)C[C@@H](C=O)N1.C[Mg]Br,0,C[C@H](O[Si](C)(C)C(C)(C)C)[C@@H]1CC(O)CC(C)(C)N1,patent,95,
CC1(C)CC(O)C[C@@H](C=O)N1,CC1(C)CC(O)C[C@@H](CO)N1,0,C[C@H](O[Si](C)(C)C(C)(C)C)[C@@H]1CC(O)CC(C)(C)N1,patent,100,
CC(C)(C)[Si](C)(C)Cl,C[Si](C)C(C)(C)C,0,C[C@H](O[Si](C)(C)C(C)(C)C)[C@@H]1CC(O)CC(C)(C)N1,patent,90,
CCc1[nH]c(C(=O)N[C@H]2CCN(c3cccc(C(=O)OC(C)(C)C)c3)C[C@H]2OC)nc1C(F)(F)F,CCc1[nH]c(C(=O)N[C@H]2CCNC[C@H]2OC)nc1C(F)(F)F.CC(C)(C)OC(=O)c1cccc(I)c1,0,CCc1[nH]c(C(=O)N[C@H]2CCN(c3cccc(C(=O)OC(C)(C)C)c3)C[C@H]2OC)nc1C(F)(F)F,patent,95,
CCc1[nH]c(C(=O)N[C@H]2CCNC[C@H]2OC)nc1C(F)(F)F,CCc1[nH]c(C(=O)O)nc1C(F)(F)F.CO[C@@H]1CNC[C@@H]1N,1,CCc1[nH]c(C(=O)N[C@H]2CCN(c3cccc(C(=O)OC(C)(C)C)c3)C[C@H]2OC)nc1C(F)(F)F,patent,40,
CO[C@@H]1CNC[C@@H]1N,CO[C@@H]1CNCC1=O.N,0,CCc1[nH]c(C(=O)N[C@H]2CCN(c3cccc(C(=O)OC(C)(C)C)c3)C[C@H]2OC)nc1C(F)(F)F,patent,95,
CO[C@@H]1CNCC1=O,CO[C@@H]1CN(Cc2ccccc2)CC1=O,1,CCc1[nH]c(C(=O)N[C@H]2CCN(c3cccc(C(=O)OC(C)(C)C)c3)C[C@H]2OC)nc1C(F)(F)F,patent,0,
CO[C@@H]1CN(Cc2ccccc2)CC1=O,CCOC(=O)CN(CCOC)Cc1ccccc1,1,CCc1[nH]c(C(=O)N[C@H]2CCN(c3cccc(C(=O)OC(C)(C)C)c3)C[C@H]2OC)nc1C(F)(F)F,patent,65,
CCOC(=O)CN(CCOC)Cc1ccccc1,COCCNCc1ccccc1.CCOC(=O)CBr,0,CCc1[nH]c(C(=O)N[C@H]2CCN(c3cccc(C(=O)OC(C)(C)C)c3)C[C@H]2OC)nc1C(F)(F)F,patent,95,
CC(C)(C)OC(=O)c1cccc(I)c1,CC(C)(C)O.O=C(O)c1cccc(I)c1,0,CCc1[nH]c(C(=O)N[C@H]2CCN(c3cccc(C(=O)OC(C)(C)C)c3)C[C@H]2OC)nc1C(F)(F)F,patent,95,
CC[C@@H](OC(=O)c1ccccc1)[C@H]1CCCN(C(=O)OC(C)(C)C)C1,O=C(O)c1ccccc1.CC[C@@H](O)[C@H]1CCCN(C(=O)OC(C)(C)C)C1,0,CC[C@@H](OC(=O)c1ccccc1)[C@H]1CCCN(C(=O)OC(C)(C)C)C1,patent,95,
CC(=O)OCc1nc2cnc(Br)cc2n1C(C)(C)COC(C)=O,CC(C)(CO)n1c(CO)nc2cnc(Br)cc21.CC(=O)OC(C)=O,0,CC(=O)OCc1nc2cnc(Br)cc2n1C(C)(C)COC(C)=O,patent,95,
CC(=O)NC[C@H]1CC[C@@H](C(=O)Nc2cccc(OC(F)(F)F)c2)N1C(=O)OCc1ccccc1,CC(=O)NC[C@H]1CC[C@@H](C(=O)O)N1C(=O)OCc1ccccc1.Nc1cccc(OC(F)(F)F)c1,0,CC(=O)NC[C@H]1CC[C@@H](C(=O)Nc2cccc(OC(F)(F)F)c2)N1C(=O)OCc1ccccc1,patent,95,
CC(=O)NC[C@H]1CC[C@@H](C(=O)O)N1C(=O)OCc1ccccc1,CCO.O=C(O)[C@@H]1CC[C@H](CN2C(=O)c3ccccc3C2=O)N1C(=O)OCc1ccccc1,1,CC(=O)NC[C@H]1CC[C@@H](C(=O)Nc2cccc(OC(F)(F)F)c2)N1C(=O)OCc1ccccc1,patent,0,
CCO,CC(=O)O,0,CC(=O)NC[C@H]1CC[C@@H](C(=O)Nc2cccc(OC(F)(F)F)c2)N1C(=O)OCc1ccccc1,patent,95,
O=C(O)[C@@H]1CC[C@H](CN2C(=O)c3ccccc3C2=O)N1C(=O)OCc1ccccc1,O=C1NC(=O)c2ccccc21.O=C(O)[C@@H]1CC[C@H](CO)N1C(=O)OCc1ccccc1,0,CC(=O)NC[C@H]1CC[C@@H](C(=O)Nc2cccc(OC(F)(F)F)c2)N1C(=O)OCc1ccccc1,patent,95,
O=C(O)[C@@H]1CC[C@H](CO)N1C(=O)OCc1ccccc1,O=C(O)[C@H]1CC[C@@H](C(=O)O)N1C(=O)OCc1ccccc1,0,CC(=O)NC[C@H]1CC[C@@H](C(=O)Nc2cccc(OC(F)(F)F)c2)N1C(=O)OCc1ccccc1,patent,95,
O=C(O)[C@H]1CC[C@@H](C(=O)O)N1C(=O)OCc1ccccc1,CCOC(=O)[C@H]1CC[C@@H](C(=O)O)N1C(=O)OCc1ccccc1,0,CC(=O)NC[C@H]1CC[C@@H](C(=O)Nc2cccc(OC(F)(F)F)c2)N1C(=O)OCc1ccccc1,patent,90,
CCOC(=O)[C@H]1CC[C@@H](C(=O)O)N1C(=O)OCc1ccccc1,CCOC(=O)[C@H]1CC[C@@H](C(=O)OCC)N1C(=O)OCc1ccccc1,0,CC(=O)NC[C@H]1CC[C@@H](C(=O)Nc2cccc(OC(F)(F)F)c2)N1C(=O)OCc1ccccc1,patent,90,
CCOC(=O)[C@H]1CC[C@@H](C(=O)OCC)N1C(=O)OCc1ccccc1,O=C(Cl)OCc1ccccc1.CCOC(=O)[C@@H]1CC[C@H](C(=O)OCC)N1,0,CC(=O)NC[C@H]1CC[C@@H](C(=O)Nc2cccc(OC(F)(F)F)c2)N1C(=O)OCc1ccccc1,patent,95,
O=C1C=C(N2CCNCC2)C(C2CCCCC2)CC1,O=C1C=C(Br)C(C2CCCCC2)CC1.C1CNCCN1,0,O=C1C=C(N2CCNCC2)C(C2CCCCC2)CC1,patent,95,
O=C1C=C(Br)C(C2CCCCC2)CC1,O=C1C=CC(C2CCCCC2)CC1,0,O=C1C=C(N2CCNCC2)C(C2CCCCC2)CC1,patent,90,
O=C1C=CC(C2CCCCC2)CC1,O=C1CCC(C2CCCCC2)CC1,0,O=C1C=C(N2CCNCC2)C(C2CCCCC2)CC1,patent,100,
FC(F)(F)Cn1ncnc1-c1cc2n(n1)-c1cc(C3CCNCC3)ccc1OCC2,FC(F)(F)Cn1ncnc1Br.OB(O)c1cc2n(n1)-c1cc(C3CCNCC3)ccc1OCC2,0,FC(F)(F)Cn1ncnc1-c1cc2n(n1)-c1cc(C3CCNCC3)ccc1OCC2,patent,90,
OB(O)c1cc2n(n1)-c1cc(C3CCNCC3)ccc1OCC2,OB(O)c1cc(CCBr)n[nH]1.Nc1cc(C2CCNCC2)ccc1O,1,FC(F)(F)Cn1ncnc1-c1cc2n(n1)-c1cc(C3CCNCC3)ccc1OCC2,patent,70,
OB(O)c1cc(CCBr)n[nH]1,BrCCc1cc(Br)[nH]n1,0,FC(F)(F)Cn1ncnc1-c1cc2n(n1)-c1cc(C3CCNCC3)ccc1OCC2,patent,80,
BrCCc1cc(Br)[nH]n1,BrCCc1cc[nH]n1.O=C1CCC(=O)N1Br,1,FC(F)(F)Cn1ncnc1-c1cc2n(n1)-c1cc(C3CCNCC3)ccc1OCC2,patent,30,
BrCCc1cc[nH]n1,OCCc1cc[nH]n1.O=C1CCC(=O)N1Br,1,FC(F)(F)Cn1ncnc1-c1cc2n(n1)-c1cc(C3CCNCC3)ccc1OCC2,patent,30,
Nc1cc(C2CCNCC2)ccc1O,Nc1cc(-c2ccncc2)ccc1O,1,FC(F)(F)Cn1ncnc1-c1cc2n(n1)-c1cc(C3CCNCC3)ccc1OCC2,patent,60,
Nc1cc(-c2ccncc2)ccc1O,COc1ccc(-c2ccncc2)cc1N,0,FC(F)(F)Cn1ncnc1-c1cc2n(n1)-c1cc(C3CCNCC3)ccc1OCC2,patent,95,
COC(=O)[C@H]1CN(C(=O)OC(C)(C)C)CC[C@@H]1c1ccc(OCCOc2c(Cl)cc(C)cc2Cl)cc1,Cc1cc(Cl)c(OCCO)c(Cl)c1.COC(=O)[C@H]1CN(C(=O)OC(C)(C)C)CC[C@@H]1c1ccc(F)cc1,0,COC(=O)[C@H]1CN(C(=O)OC(C)(C)C)CC[C@@H]1c1ccc(OCCOc2c(Cl)cc(C)cc2Cl)cc1,patent,95,
CCOC(=O)/C(N)=N/Nc1cc(Cl)ccc1[N+](=O)[O-],CCOC(=O)/C(N)=N/N.O=[N+]([O-])c1ccc(Cl)cc1Cl,1,CCOC(=O)/C(N)=N/Nc1cc(Cl)ccc1[N+](=O)[O-],patent,35,
COCCCc1cc(CN(C(=O)[C@H]2CN(C(=O)OC(C)(C)C)CC[C@@H]2c2ccc(OCCOc3c(Cl)cc(C)cc3Cl)cc2)C2CC2)cc(OC[C@@H]2C[C@H]2C(=O)Oc2ccc3c(c2)CCC3)c1,COCCCc1cc(CN(C(=O)[C@H]2CN(C(=O)OC(C)(C)C)CC[C@@H]2c2ccc(OCCOc3c(Cl)cc(C)cc3Cl)cc2)C2CC2)cc(OC[C@@H]2C[C@H]2C(=O)O)c1.Oc1ccc2c(c1)CCC2,0,COCCCc1cc(CN(C(=O)[C@H]2CN(C(=O)OC(C)(C)C)CC[C@@H]2c2ccc(OCCOc3c(Cl)cc(C)cc3Cl)cc2)C2CC2)cc(OC[C@@H]2C[C@H]2C(=O)Oc2ccc3c(c2)CCC3)c1,patent,95,
COCCCc1cc(CN(C(=O)[C@H]2CN(C(=O)OC(C)(C)C)CC[C@@H]2c2ccc(OCCOc3c(Cl)cc(C)cc3Cl)cc2)C2CC2)cc(OC[C@@H]2C[C@H]2C(=O)O)c1,COCCCc1cc(CN(C(=O)[C@H]2CN(C(=O)OC(C)(C)C)CC[C@@H]2c2ccc(O)cc2)C2CC2)cc(OC[C@@H]2C[C@H]2C(=O)O)c1.Cc1cc(Cl)c(OCCCl)c(Cl)c1,0,COCCCc1cc(CN(C(=O)[C@H]2CN(C(=O)OC(C)(C)C)CC[C@@H]2c2ccc(OCCOc3c(Cl)cc(C)cc3Cl)cc2)C2CC2)cc(OC[C@@H]2C[C@H]2C(=O)Oc2ccc3c(c2)CCC3)c1,patent,95,
COCCCc1cc(CN(C(=O)[C@H]2CN(C(=O)OC(C)(C)C)CC[C@@H]2c2ccc(O)cc2)C2CC2)cc(OC[C@@H]2C[C@H]2C(=O)O)c1,COCCCc1cc(CNC2CC2)cc(OC[C@@H]2C[C@H]2C(=O)O)c1.CC(C)(C)OC(=O)N1CC[C@H](c2ccc(O)cc2)[C@@H](C(=O)O)C1,0,COCCCc1cc(CN(C(=O)[C@H]2CN(C(=O)OC(C)(C)C)CC[C@@H]2c2ccc(OCCOc3c(Cl)cc(C)cc3Cl)cc2)C2CC2)cc(OC[C@@H]2C[C@H]2C(=O)Oc2ccc3c(c2)CCC3)c1,patent,95,
COCCCc1cc(CNC2CC2)cc(OC[C@@H]2C[C@H]2C(=O)O)c1,O=C(O)[C@@H]1C[C@H]1CO.COCCCc1cc(F)cc(CNC2CC2)c1,0,COCCCc1cc(CN(C(=O)[C@H]2CN(C(=O)OC(C)(C)C)CC[C@@H]2c2ccc(OCCOc3c(Cl)cc(C)cc3Cl)cc2)C2CC2)cc(OC[C@@H]2C[C@H]2C(=O)Oc2ccc3c(c2)CCC3)c1,patent,95,
O=C(O)[C@@H]1C[C@H]1CO,O=C[C@@H]1C[C@H]1C(=O)O,0,COCCCc1cc(CN(C(=O)[C@H]2CN(C(=O)OC(C)(C)C)CC[C@@H]2c2ccc(OCCOc3c(Cl)cc(C)cc3Cl)cc2)C2CC2)cc(OC[C@@H]2C[C@H]2C(=O)Oc2ccc3c(c2)CCC3)c1,patent,100,
O=C[C@@H]1C[C@H]1C(=O)O,CON(C)C(=O)[C@@H]1C[C@H]1C(=O)O,0,COCCCc1cc(CN(C(=O)[C@H]2CN(C(=O)OC(C)(C)C)CC[C@@H]2c2ccc(OCCOc3c(Cl)cc(C)cc3Cl)cc2)C2CC2)cc(OC[C@@H]2C[C@H]2C(=O)Oc2ccc3c(c2)CCC3)c1,patent,90,
COCCCc1cc(F)cc(CNC2CC2)c1,O=C1CC1.COCCCc1cc(F)cc(CN)c1,0,COCCCc1cc(CN(C(=O)[C@H]2CN(C(=O)OC(C)(C)C)CC[C@@H]2c2ccc(OCCOc3c(Cl)cc(C)cc3Cl)cc2)C2CC2)cc(OC[C@@H]2C[C@H]2C(=O)Oc2ccc3c(c2)CCC3)c1,patent,95,
O=C1CC1,OC1CC1,0,COCCCc1cc(CN(C(=O)[C@H]2CN(C(=O)OC(C)(C)C)CC[C@@H]2c2ccc(OCCOc3c(Cl)cc(C)cc3Cl)cc2)C2CC2)cc(OC[C@@H]2C[C@H]2C(=O)Oc2ccc3c(c2)CCC3)c1,patent,100,
COCCCc1cc(F)cc(CN)c1,COCCCc1cc(F)cc(CNC(=O)OC(C)(C)C)c1,1,COCCCc1cc(CN(C(=O)[C@H]2CN(C(=O)OC(C)(C)C)CC[C@@H]2c2ccc(OCCOc3c(Cl)cc(C)cc3Cl)cc2)C2CC2)cc(OC[C@@H]2C[C@H]2C(=O)Oc2ccc3c(c2)CCC3)c1,patent,75,
COCCCc1cc(F)cc(CNC(=O)OC(C)(C)C)c1,COCCCc1cc(F)cc(C#N)c1.CC(C)(C)OC(=O)OC(=O)OC(C)(C)C,1,COCCCc1cc(CN(C(=O)[C@H]2CN(C(=O)OC(C)(C)C)CC[C@@H]2c2ccc(OCCOc3c(Cl)cc(C)cc3Cl)cc2)C2CC2)cc(OC[C@@H]2C[C@H]2C(=O)Oc2ccc3c(c2)CCC3)c1,patent,75,
CC(C)(C)OC(=O)N1CC[C@H](c2ccc(O)cc2)[C@@H](C(=O)O)C1,O=C(O)[C@H]1CNCC[C@@H]1c1ccc(O)cc1.CC(C)(C)OC(=O)OC(=O)OC(C)(C)C,1,COCCCc1cc(CN(C(=O)[C@H]2CN(C(=O)OC(C)(C)C)CC[C@@H]2c2ccc(OCCOc3c(Cl)cc(C)cc3Cl)cc2)C2CC2)cc(OC[C@@H]2C[C@H]2C(=O)Oc2ccc3c(c2)CCC3)c1,patent,75,
Oc1ccc2c(c1)CCC2,COc1ccc2c(c1)CCC2,0,COCCCc1cc(CN(C(=O)[C@H]2CN(C(=O)OC(C)(C)C)CC[C@@H]2c2ccc(OCCOc3c(Cl)cc(C)cc3Cl)cc2)C2CC2)cc(OC[C@@H]2C[C@H]2C(=O)Oc2ccc3c(c2)CCC3)c1,patent,95,
ClCc1ccc2c(c1)Nc1nccnc1S2,O=S(Cl)Cl.OCc1ccc2c(c1)Nc1nccnc1S2,0,ClCc1ccc2c(c1)Nc1nccnc1S2,patent,90,
CCOC(=O)c1cc2c(F)cccc2nc1[C@H](C)NC(=O)OC(C)(C)C,Nc1cccc(F)c1C=O.CCOC(=O)CC(=O)[C@H](C)NC(=O)OC(C)(C)C,1,CCOC(=O)c1cc2c(F)cccc2nc1[C@H](C)NC(=O)OC(C)(C)C,patent,0,
CCOC(=O)CC(=O)[C@H](C)NC(=O)OC(C)(C)C,CCOC(=O)CC(=O)O.C[C@H](NC(=O)OC(C)(C)C)C(=O)O,0,CCOC(=O)c1cc2c(F)cccc2nc1[C@H](C)NC(=O)OC(C)(C)C,patent,85,
O=S(=O)(C#Cc1ccc(Cl)cc1)N1CCNCC1,O=S(=O)(Cl)C#Cc1ccc(Cl)cc1.C1CNCCN1,0,O=S(=O)(C#Cc1ccc(Cl)cc1)N1CCNCC1,patent,95,
O=S(=O)(Cl)C#Cc1ccc(Cl)cc1,O=S(=O)(O)C#Cc1ccc(Cl)cc1,0,O=S(=O)(C#Cc1ccc(Cl)cc1)N1CCNCC1,patent,95,
O=S(=O)(O)C#Cc1ccc(Cl)cc1,C#Cc1ccc(Cl)cc1,1,O=S(=O)(C#Cc1ccc(Cl)cc1)N1CCNCC1,patent,65,
C#Cc1ccc(Cl)cc1,CC(C)(O)C#Cc1ccc(Cl)cc1,0,O=S(=O)(C#Cc1ccc(Cl)cc1)N1CCNCC1,patent,85,
COc1ccc2c(Nc3c(Cl)cncc3Cl)cc(=O)[nH]c2c1OCCCCCCN1CCCN(C)CC1,COc1ccc2c(N)cc(=O)[nH]c2c1OCCCCCCN1CCCN(C)CC1.Clc1cncc(Cl)c1Cl,0,COc1ccc2c(Nc3c(Cl)cncc3Cl)cc(=O)[nH]c2c1OCCCCCCN1CCCN(C)CC1,patent,95,
COc1ccc2c(N)cc(=O)[nH]c2c1OCCCCCCN1CCCN(C)CC1,COc1ccc2c(N)cc(=O)[nH]c2c1O.CN1CCCN(CCCCCCBr)CC1,0,COc1ccc2c(Nc3c(Cl)cncc3Cl)cc(=O)[nH]c2c1OCCCCCCN1CCCN(C)CC1,patent,95,
CN1CCCN(CCCCCCBr)CC1,O=C1CCC(=O)N1Br.CN1CCCN(CCCCCCO)CC1,1,COc1ccc2c(Nc3c(Cl)cncc3Cl)cc(=O)[nH]c2c1OCCCCCCN1CCCN(C)CC1,patent,55,
Oc1ccc2c(c1)[C@H](c1ccc(OCCN3CCCC3)cc1)[C@H](c1ccccc1)CO2,Oc1ccc([C@H]2c3cc(O)ccc3OC[C@H]2c2ccccc2)cc1.BrCCN1CCCC1,0,Oc1ccc2c(c1)[C@H](c1ccc(OCCN3CCCC3)cc1)[C@H](c1ccccc1)CO2,patent,95,
Oc1ccc([C@H]2c3cc(O)ccc3OC[C@H]2c2ccccc2)cc1,OCC(c1ccccc1)C(c1ccc(O)cc1)c1ccc(O)cc1,1,Oc1ccc2c(c1)[C@H](c1ccc(OCCN3CCCC3)cc1)[C@H](c1ccccc1)CO2,patent,45,
OCC(c1ccccc1)C(c1ccc(O)cc1)c1ccc(O)cc1,O=C(c1ccc(O)cc1)c1ccc(O)cc1.O=CCc1ccccc1,0,Oc1ccc2c(c1)[C@H](c1ccc(OCCN3CCCC3)cc1)[C@H](c1ccccc1)CO2,patent,95,
O=C(c1ccc(O)cc1)c1ccc(O)cc1,COc1ccc(C(=O)c2ccc(O)cc2)cc1,0,Oc1ccc2c(c1)[C@H](c1ccc(OCCN3CCCC3)cc1)[C@H](c1ccccc1)CO2,patent,95,
O=CCc1ccccc1,OCCc1ccccc1,0,Oc1ccc2c(c1)[C@H](c1ccc(OCCN3CCCC3)cc1)[C@H](c1ccccc1)CO2,patent,100,
BrCCN1CCCC1,C1CCNC1.BrCCBr,0,Oc1ccc2c(c1)[C@H](c1ccc(OCCN3CCCC3)cc1)[C@H](c1ccccc1)CO2,patent,95,
CCOC(=O)/C=C1\CC[C@@H](c2cccc(F)c2F)[C@H](NC(=O)OC(C)(C)C)c2cccnc21,C=Cc1ncccc1[C@@H](NC(=O)OC(C)(C)C)[C@@H](CC=CC(=O)OCC)c1cccc(F)c1F,1,CCOC(=O)/C=C1\CC[C@@H](c2cccc(F)c2F)[C@H](NC(=O)OC(C)(C)C)c2cccnc21,patent,70,
C=Cc1ncccc1[C@@H](NC(=O)OC(C)(C)C)[C@@H](CC=CC(=O)OCC)c1cccc(F)c1F,CCOC(=O)C=CC=O.C=Cc1ncccc1[C@H]([CH]c1cccc(F)c1F)NC(=O)OC(C)(C)C,0,CCOC(=O)/C=C1\CC[C@@H](c2cccc(F)c2F)[C@H](NC(=O)OC(C)(C)C)c2cccnc21,patent,95,
CCOC(=O)C=CC=O,CCOC(=O)C=CCO,0,CCOC(=O)/C=C1\CC[C@@H](c2cccc(F)c2F)[C@H](NC(=O)OC(C)(C)C)c2cccnc21,patent,100,
C=Cc1ncccc1[C@H]([CH]c1cccc(F)c1F)NC(=O)OC(C)(C)C,O=Cc1cccc(F)c1F.C=Cc1ncccc1[C@H](N)C(=O)OC(C)(C)C,0,CCOC(=O)/C=C1\CC[C@@H](c2cccc(F)c2F)[C@H](NC(=O)OC(C)(C)C)c2cccnc21,patent,95,
O=Cc1cccc(F)c1F,CN(C)C=O.Fc1ccccc1F,0,CCOC(=O)/C=C1\CC[C@@H](c2cccc(F)c2F)[C@H](NC(=O)OC(C)(C)C)c2cccnc21,patent,90,
C=Cc1ncccc1[C@H](N)C(=O)OC(C)(C)C,C=Cc1ncccc1Br.CC(C)(C)OC(=O)CN,0,CCOC(=O)/C=C1\CC[C@@H](c2cccc(F)c2F)[C@H](NC(=O)OC(C)(C)C)c2cccnc21,patent,95,
C=Cc1ncccc1Br,C=CB1OC(C)(C)C(C)(C)O1.Brc1cccnc1Br,1,CCOC(=O)/C=C1\CC[C@@H](c2cccc(F)c2F)[C@H](NC(=O)OC(C)(C)C)c2cccnc21,patent,45,
CC(C)(C)OC(=O)CN,C=C(C)C.NCC(=O)O,0,CCOC(=O)/C=C1\CC[C@@H](c2cccc(F)c2F)[C@H](NC(=O)OC(C)(C)C)c2cccnc21,patent,95,
OC[C@H]1C[C@@H](c2cnn3c(N[C@H]4CCc5ccccc54)ncnc23)C[C@@H]1O,OC[C@H]1C[C@@H](c2cnn3c(Cl)ncnc23)C[C@@H]1O.N[C@H]1CCc2ccccc21,0,OC[C@H]1C[C@@H](c2cnn3c(N[C@H]4CCc5ccccc54)ncnc23)C[C@@H]1O,patent,95,
OC[C@H]1C[C@@H](c2cnn3c(Cl)ncnc23)C[C@@H]1O,OC[C@H]1C[C@@H](Br)C[C@@H]1O.[Li]c1cnn2c(Cl)ncnc12,0,OC[C@H]1C[C@@H](c2cnn3c(N[C@H]4CCc5ccccc54)ncnc23)C[C@@H]1O,patent,95,
OC[C@H]1C[C@@H](Br)C[C@@H]1O,OC[C@H]1C[C@@H](O)C[C@@H]1O,0,OC[C@H]1C[C@@H](c2cnn3c(N[C@H]4CCc5ccccc54)ncnc23)C[C@@H]1O,patent,95,
OC[C@H]1C[C@@H](O)C[C@@H]1O,O=C[C@H]1C[C@@H](O)C[C@@H]1O,0,OC[C@H]1C[C@@H](c2cnn3c(N[C@H]4CCc5ccccc54)ncnc23)C[C@@H]1O,patent,100,
[Li]c1cnn2c(Cl)ncnc12,Clc1ncnc2ccnn12,0,OC[C@H]1C[C@@H](c2cnn3c(N[C@H]4CCc5ccccc54)ncnc23)C[C@@H]1O,patent,90,
Clc1ncnc2ccnn12,Oc1ncnc2ccnn12.O=P(Cl)(Cl)Cl,0,OC[C@H]1C[C@@H](c2cnn3c(N[C@H]4CCc5ccccc54)ncnc23)C[C@@H]1O,patent,90,
N[C@H]1CCc2ccccc21,CC(C)(C)OC(=O)N[C@H]1CCc2ccccc21,1,OC[C@H]1C[C@@H](c2cnn3c(N[C@H]4CCc5ccccc54)ncnc23)C[C@@H]1O,patent,75,
CC(=O)OCC1=CS[C@@H]2C(NC(=O)Cc3cccs3)C(=O)N2C1C(=O)O,O=C(Cc1cccs1)NC1C(=O)N2C(C(=O)O)C(CO)=CS[C@H]12.CC(=O)Cl,0,CC(=O)OCC1=CS[C@@H]2C(NC(=O)Cc3cccs3)C(=O)N2C1C(=O)O,patent,95,
O=C(Cc1cccs1)NC1C(=O)N2C(C(=O)O)C(CO)=CS[C@H]12,NC1C(=O)N2C(C(=O)O)C(CO)=CS[C@H]12.O=C(O)Cc1cccs1,0,CC(=O)OCC1=CS[C@@H]2C(NC(=O)Cc3cccs3)C(=O)N2C1C(=O)O,patent,95,
NC1C(=O)N2C(C(=O)O)C(CO)=CS[C@H]12,CC1=CS[C@@H]2C(N)C(=O)N2C1C(=O)O,0,CC(=O)OCC1=CS[C@@H]2C(NC(=O)Cc3cccs3)C(=O)N2C1C(=O)O,patent,90,
CC1=CS[C@@H]2C(N)C(=O)N2C1C(=O)O,CC1=CS[C@@H]2CC(=O)N2C1C(=O)O.N,0,CC(=O)OCC1=CS[C@@H]2C(NC(=O)Cc3cccs3)C(=O)N2C1C(=O)O,patent,95,
CC1=CS[C@@H]2CC(=O)N2C1C(=O)O,CC1=CSC(CC(=O)O)NC1C(=O)O,1,CC(=O)OCC1=CS[C@@H]2C(NC(=O)Cc3cccs3)C(=O)N2C1C(=O)O,patent,70,
CC1=CSC(CC(=O)O)NC1C(=O)O,CC(=O)C(=O)O.NC(CS)C(=O)O,1,CC(=O)OCC1=CS[C@@H]2C(NC(=O)Cc3cccs3)C(=O)N2C1C(=O)O,patent,50,
O=C(O)Cc1cccs1,CCOC(=O)Cc1cccs1,0,CC(=O)OCC1=CS[C@@H]2C(NC(=O)Cc3cccs3)C(=O)N2C1C(=O)O,patent,90,
O=C(OCc1ccccc1)N1CC[C@H]2CCCNC[C@H]21,C1CNC[C@H]2NCC[C@H]2C1.O=C(Cl)OCc1ccccc1,0,O=C(OCc1ccccc1)N1CC[C@H]2CCCNC[C@H]21,patent,95,
C1CNC[C@H]2NCC[C@H]2C1,C1CN[C@H]2NCC[C@H]2C1.C=O,1,O=C(OCc1ccccc1)N1CC[C@H]2CCCNC[C@H]21,patent,45,
C1CN[C@H]2NCC[C@H]2C1,BrCCN1CCCCC1,1,O=C(OCc1ccccc1)N1CC[C@H]2CCCNC[C@H]21,patent,65,
BrCCN1CCCCC1,OCCN1CCCCC1.O=C1CCC(=O)N1Br,1,O=C(OCc1ccccc1)N1CC[C@H]2CCCNC[C@H]21,patent,55,
O=C(Cl)OCc1ccccc1,O=C(Cl)Cl.OCc1ccccc1,0,O=C(OCc1ccccc1)N1CC[C@H]2CCCNC[C@H]21,patent,95,
C/N=C(\C)C1=C(O)C=C2Oc3c(C(=O)NCc4c(C)ccc5ccccc45)c(OC)cc(O)c3[C@]2(C)C1=O,COc1cc(O)c2c(c1C(=O)O)OC1=C(C(O)=CC(=O)C1(C)C)C2=C(C)C=N.Cc1ccc2ccccc2c1CN,1,C/N=C(\C)C1=C(O)C=C2Oc3c(C(=O)NCc4c(C)ccc5ccccc45)c(OC)cc(O)c3[C@]2(C)C1=O,patent,40,
COc1cc(O)c2c(c1C(=O)O)OC1=C(C(O)=CC(=O)C1(C)C)C2=C(C)C=N,COc1cc(O)c2c(c1C(=O)O)C(=C(C)C=N)C1=C2OC1(C)C(C)=O.C=C(O)C=O,1,C/N=C(\C)C1=C(O)C=C2Oc3c(C(=O)NCc4c(C)ccc5ccccc45)c(OC)cc(O)c3[C@]2(C)C1=O,patent,45,
COc1cc(O)c2c(c1C(=O)O)C(=C(C)C=N)C1=C2OC1(C)C(C)=O,COc1cc(O)c2c(c1C(=O)O)C(=C(C)C=O)C1=C2OC1(C)C(C)=O.N,0,C/N=C(\C)C1=C(O)C=C2Oc3c(C(=O)NCc4c(C)ccc5ccccc45)c(OC)cc(O)c3[C@]2(C)C1=O,patent,95,
COc1cc(O)c2c(c1C(=O)O)C(=C(C)C=O)C1=C2OC1(C)C(C)=O,COc1cc(O)c2c(c1C(=O)O)C(=C(C)C)C1=C2OC1(C)C(C)=O,0,C/N=C(\C)C1=C(O)C=C2Oc3c(C(=O)NCc4c(C)ccc5ccccc45)c(OC)cc(O)c3[C@]2(C)C1=O,patent,90,
COc1cc(O)c2c(c1C(=O)O)C(=C(C)C)C1=C2OC1(C)C(C)=O,COc1cc(O)c2c(c1C(=O)O)C(=C(C)C)C1=C2OC1(C)O.CC(=O)Cl,0,C/N=C(\C)C1=C(O)C=C2Oc3c(C(=O)NCc4c(C)ccc5ccccc45)c(OC)cc(O)c3[C@]2(C)C1=O,patent,95,
COc1cc(O)c2c(c1C(=O)O)C(=C(C)C)C1=C2OC1(C)O,CC1(O)C=CO1.COc1cc(O)c(C(=O)O)c(C=C(C)C(=O)O)c1O,1,C/N=C(\C)C1=C(O)C=C2Oc3c(C(=O)NCc4c(C)ccc5ccccc45)c(OC)cc(O)c3[C@]2(C)C1=O,patent,60,
COc1cc(O)c(C(=O)O)c(C=C(C)C(=O)O)c1O,COc1cc(O)c(C(=O)O)c(Br)c1O.C=C(C)C(=O)O,0,C/N=C(\C)C1=C(O)C=C2Oc3c(C(=O)NCc4c(C)ccc5ccccc45)c(OC)cc(O)c3[C@]2(C)C1=O,patent,95,
COc1cc(O)c(C(=O)O)c(Br)c1O,O=C1CCC(=O)N1Br.COc1cc(O)c(C(=O)O)cc1O,1,C/N=C(\C)C1=C(O)C=C2Oc3c(C(=O)NCc4c(C)ccc5ccccc45)c(OC)cc(O)c3[C@]2(C)C1=O,patent,55,
COc1cc(O)c(C(=O)O)cc1O,COC(=O)c1cc(O)c(OC)cc1O,0,C/N=C(\C)C1=C(O)C=C2Oc3c(C(=O)NCc4c(C)ccc5ccccc45)c(OC)cc(O)c3[C@]2(C)C1=O,patent,95,
Cc1ccc2ccccc2c1CN,Cc1ccc2ccccc2c1C#N,0,C/N=C(\C)C1=C(O)C=C2Oc3c(C(=O)NCc4c(C)ccc5ccccc45)c(OC)cc(O)c3[C@]2(C)C1=O,patent,100,
C[C@@]1(O)[C@H](O)[C@@H](CO)O[C@H]1n1cc(-c2ccccc2)c2c(N)ncnc21,C[C@@]1(O)[C@H](O)[C@@H](CO)O[C@H]1n1cnc2c(N)ncnc21.Ic1ccccc1,0,C[C@@]1(O)[C@H](O)[C@@H](CO)O[C@H]1n1cc(-c2ccccc2)c2c(N)ncnc21,patent,95,
C[C@@]1(O)[C@H](O)[C@@H](CO)O[C@H]1n1cnc2c(N)ncnc21,CC(=O)OC[C@@H]1[C@@H](OC(C)=O)O[C@H](OC(C)=O)[C@@]1(C)OC(C)=O.Nc1ncnc2[nH]cnc12,1,C[C@@]1(O)[C@H](O)[C@@H](CO)O[C@H]1n1cc(-c2ccccc2)c2c(N)ncnc21,patent,60,
CC(=O)OC[C@@H]1[C@@H](OC(C)=O)O[C@H](OC(C)=O)[C@@]1(C)OC(C)=O,C[C@]1(O)[C@H](O)O[C@H](O)[C@H]1CO.CC(=O)OC(C)=O,1,C[C@@]1(O)[C@H](O)[C@@H](CO)O[C@H]1n1cc(-c2ccccc2)c2c(N)ncnc21,patent,50,
C[C@]1(O)[C@H](O)O[C@H](O)[C@H]1CO,CC(O)(CO)C(O)C(O)C=O,1,C[C@@]1(O)[C@H](O)[C@@H](CO)O[C@H]1n1cc(-c2ccccc2)c2c(N)ncnc21,patent,70,
CC(O)(CO)C(O)C(O)C=O,CC(O)(CO)C(O)C(O)CO,0,C[C@@]1(O)[C@H](O)[C@@H](CO)O[C@H]1n1cc(-c2ccccc2)c2c(N)ncnc21,patent,100,
CC(O)(CO)C(O)C(O)CO,CC(O)(C=CCO)CO,0,C[C@@]1(O)[C@H](O)[C@@H](CO)O[C@H]1n1cc(-c2ccccc2)c2c(N)ncnc21,patent,80,
CC(O)(C=CCO)CO,CC=CC(C)(O)CO,0,C[C@@]1(O)[C@H](O)[C@@H](CO)O[C@H]1n1cc(-c2ccccc2)c2c(N)ncnc21,patent,90,
CC=CC(C)(O)CO,CC(=O)CO.C=CCBr,0,C[C@@]1(O)[C@H](O)[C@@H](CO)O[C@H]1n1cc(-c2ccccc2)c2c(N)ncnc21,patent,95,
Nc1ncnc2[nH]cnc12,Nc1nc(S)nc2[nH]cnc12,0,C[C@@]1(O)[C@H](O)[C@@H](CO)O[C@H]1n1cc(-c2ccccc2)c2c(N)ncnc21,patent,95,
Ic1ccccc1,Nc1ccccc1I,1,C[C@@]1(O)[C@H](O)[C@@H](CO)O[C@H]1n1cc(-c2ccccc2)c2c(N)ncnc21,patent,35,
CC(=O)Nc1nc2c(s1)-c1c(c(C3CC3)nn1C1CCNCC1)CC2,NNC1CCNCC1.CC(=O)Nc1nc2c(s1)C(=O)C(C(=O)C1CC1)CC2,1,CC(=O)Nc1nc2c(s1)-c1c(c(C3CC3)nn1C1CCNCC1)CC2,patent,0,
CC(=O)Nc1nc2c(s1)C(=O)C(C(=O)C1CC1)CC2,O=C(C1CC1)n1ccnc1.CC(=O)Nc1nc2c(s1)C(=O)CCC2,1,CC(=O)Nc1nc2c(s1)-c1c(c(C3CC3)nn1C1CCNCC1)CC2,patent,0,
O=C(C1CC1)n1ccnc1,O=C(O)C1CC1.O=C(n1ccnc1)n1ccnc1,1,CC(=O)Nc1nc2c(s1)-c1c(c(C3CC3)nn1C1CCNCC1)CC2,patent,0,
CC(C)c1ccc2c(c1)OC1(O)c3ccccc3C(=O)C21NC(=O)C(=O)c1cccs1,CC(C)c1ccc(O)cc1.O=C(NC1C(=O)c2ccccc2C1(O)Cl)C(=O)c1cccs1,1,CC(C)c1ccc2c(c1)OC1(O)c3ccccc3C(=O)C21NC(=O)C(=O)c1cccs1,patent,40,
O=C(NC1C(=O)c2ccccc2C1(O)Cl)C(=O)c1cccs1,NC1C(=O)c2ccccc2C1(O)Cl.O=C(Cl)C(=O)c1cccs1,0,CC(C)c1ccc2c(c1)OC1(O)c3ccccc3C(=O)C21NC(=O)C(=O)c1cccs1,patent,95,
NC1C(=O)c2ccccc2C1(O)Cl,NC1CC(=O)c2ccccc21,0,CC(C)c1ccc2c(c1)OC1(O)c3ccccc3C(=O)C21NC(=O)C(=O)c1cccs1,patent,85,
NC1CC(=O)c2ccccc21,O=C1CC(=NO)c2ccccc21,0,CC(C)c1ccc2c(c1)OC1(O)c3ccccc3C(=O)C21NC(=O)C(=O)c1cccs1,patent,95,
O=C(Cl)C(=O)c1cccs1,O=S(Cl)Cl.O=C(O)C(=O)c1cccs1,0,CC(C)c1ccc2c(c1)OC1(O)c3ccccc3C(=O)C21NC(=O)C(=O)c1cccs1,patent,90,
Cc1cc(C#N)cnc1C(=O)Nc1ccc(F)c([C@@]2(C)N=C(N)[C@@](C)(F)CC2(F)F)c1,Cc1cc(C#N)cnc1C(=O)Cl.C[C@]1(F)CC(F)(F)[C@@](C)(c2cc(N)ccc2F)N=C1N,0,Cc1cc(C#N)cnc1C(=O)Nc1ccc(F)c([C@@]2(C)N=C(N)[C@@](C)(F)CC2(F)F)c1,patent,95,
Cc1cc(C#N)cnc1C(=O)Cl,O=C(Cl)C(=O)Cl.Cc1cc(C#N)cnc1C(=O)O,0,Cc1cc(C#N)cnc1C(=O)Nc1ccc(F)c([C@@]2(C)N=C(N)[C@@](C)(F)CC2(F)F)c1,patent,85,
C[C@]1(F)CC(F)(F)[C@@](C)(c2cc(N)ccc2F)N=C1N,Nc1ccc(F)c(Br)c1.CC1(F)CC(F)(F)C(C)(B(O)O)N=C1N,0,Cc1cc(C#N)cnc1C(=O)Nc1ccc(F)c([C@@]2(C)N=C(N)[C@@](C)(F)CC2(F)F)c1,patent,90,
Nc1ccc(F)c(Br)c1,O=[N+]([O-])c1ccc(F)c(Br)c1,0,Cc1cc(C#N)cnc1C(=O)Nc1ccc(F)c([C@@]2(C)N=C(N)[C@@](C)(F)CC2(F)F)c1,patent,90,
CC1(F)CC(F)(F)C(C)(B(O)O)N=C1N,CC1(F)CC(F)(F)C(C)(Br)N=C1N.CC1(C)OBOC1(C)C,1,Cc1cc(C#N)cnc1C(=O)Nc1ccc(F)c([C@@]2(C)N=C(N)[C@@](C)(F)CC2(F)F)c1,patent,45,
CC1(F)CC(F)(F)C(C)(Br)N=C1N,CC1(F)CC(F)(F)C(C)(Br)C1=O.N,1,Cc1cc(C#N)cnc1C(=O)Nc1ccc(F)c([C@@]2(C)N=C(N)[C@@](C)(F)CC2(F)F)c1,patent,40,
CC1(F)CC(F)(F)C(C)(Br)C1=O,CC1C(=O)C(C)(F)CC1(F)F,0,Cc1cc(C#N)cnc1C(=O)Nc1ccc(F)c([C@@]2(C)N=C(N)[C@@](C)(F)CC2(F)F)c1,patent,90,
CC1C(=O)C(C)(F)CC1(F)F,CC1CCC(C)C1=O,1,Cc1cc(C#N)cnc1C(=O)Nc1ccc(F)c([C@@]2(C)N=C(N)[C@@](C)(F)CC2(F)F)c1,patent,70,
CC1CCC(C)C1=O,CC1CCC(C)C1O,0,Cc1cc(C#N)cnc1C(=O)Nc1ccc(F)c([C@@]2(C)N=C(N)[C@@](C)(F)CC2(F)F)c1,patent,100,
CC1(C)OBOC1(C)C,ClB(Cl)B(Cl)Cl.CC(C)(O)C(C)(C)O,1,Cc1cc(C#N)cnc1C(=O)Nc1ccc(F)c([C@@]2(C)N=C(N)[C@@](C)(F)CC2(F)F)c1,patent,55,
CC(C)(O)C(C)(C)O,CCOCC.CC(=O)C(C)(C)O,0,Cc1cc(C#N)cnc1C(=O)Nc1ccc(F)c([C@@]2(C)N=C(N)[C@@](C)(F)CC2(F)F)c1,patent,85,
C[C@@]1(O)[C@H](O)[C@@H](CO)O[C@H]1n1ccc2c(N)nc(N)nc21,CC(=O)OC[C@H]1O[C@H](OC(C)=O)[C@](C)(OC(C)=O)[C@@H]1OC(C)=O.Nc1nc(N)c2nc[nH]c2n1,1,C[C@@]1(O)[C@H](O)[C@@H](CO)O[C@H]1n1ccc2c(N)nc(N)nc21,patent,65,
CC(=O)OC[C@H]1O[C@H](OC(C)=O)[C@](C)(OC(C)=O)[C@@H]1OC(C)=O,C[C@]1(O)[C@H](O)O[C@@H](CO)[C@H]1O.CC(=O)OC(C)=O,1,C[C@@]1(O)[C@H](O)[C@@H](CO)O[C@H]1n1ccc2c(N)nc(N)nc21,patent,50,
C[C@]1(O)[C@H](O)O[C@@H](CO)[C@H]1O,C[C@@](O)(C=O)[C@H](O)[C@H](O)CO,1,C[C@@]1(O)[C@H](O)[C@@H](CO)O[C@H]1n1ccc2c(N)nc(N)nc21,patent,70,
C[C@@](O)(C=O)[C@H](O)[C@H](O)CO,C[C@@](O)(CO)[C@H](O)[C@H](O)CO,0,C[C@@]1(O)[C@H](O)[C@@H](CO)O[C@H]1n1ccc2c(N)nc(N)nc21,patent,100,
C[C@@](O)(CO)[C@H](O)[C@H](O)CO,C[C@@](O)(CO)[C@H]1O[C@H]1CO,1,C[C@@]1(O)[C@H](O)[C@@H](CO)O[C@H]1n1ccc2c(N)nc(N)nc21,patent,70,
C[C@@](O)(CO)[C@H]1O[C@H]1CO,C[C@](O)(C=CCO)CO,1,C[C@@]1(O)[C@H](O)[C@@H](CO)O[C@H]1n1ccc2c(N)nc(N)nc21,patent,60,
C[C@](O)(C=CCO)CO,CC(=O)CO.C=CCBr,0,C[C@@]1(O)[C@H](O)[C@@H](CO)O[C@H]1n1ccc2c(N)nc(N)nc21,patent,90,
Nc1nc(N)c2nc[nH]c2n1,Nc1nc(N)c(N)c(N)n1.CCOC(OCC)OCC,1,C[C@@]1(O)[C@H](O)[C@@H](CO)O[C@H]1n1ccc2c(N)nc(N)nc21,patent,5,
CC(C)(C)OC(=O)[C@@]12C=CC[C@@H]1CN(C(=O)OCc1ccccc1)C2,O=C(OCc1ccccc1)N1C[C@H]2CC=C[C@@]2(C(=O)O)C1.CC(C)(C)OC(=O)OC(=O)OC(C)(C)C,1,CC(C)(C)OC(=O)[C@@]12C=CC[C@@H]1CN(C(=O)OCc1ccccc1)C2,patent,70,
O=C(OCc1ccccc1)N1C[C@H]2CC=C[C@@]2(C(=O)O)C1,O=C(OCc1ccccc1)N1C[C@H]2CC=C[C@@]2(O)C1,0,CC(C)(C)OC(=O)[C@@]12C=CC[C@@H]1CN(C(=O)OCc1ccccc1)C2,patent,85,
O=C(OCc1ccccc1)N1C[C@H]2CC=C[C@@]2(O)C1,O[C@@]12C=CC[C@@H]1CNC2.O=C(Cl)OCc1ccccc1,0,CC(C)(C)OC(=O)[C@@]12C=CC[C@@H]1CN(C(=O)OCc1ccccc1)C2,patent,95,
O[C@@]12C=CC[C@@H]1CNC2,NCC[C@]1(O)C=CCC1Br,1,CC(C)(C)OC(=O)[C@@]12C=CC[C@@H]1CN(C(=O)OCc1ccccc1)C2,patent,45,
NCC[C@]1(O)C=CCC1Br,O=C1C=CCC(Br)C1.NCCB(O)O,1,CC(C)(C)OC(=O)[C@@]12C=CC[C@@H]1CN(C(=O)OCc1ccccc1)C2,patent,40,
O=C1C=CCC(Br)C1,OC1C=CCC(Br)C1,0,CC(C)(C)OC(=O)[C@@]12C=CC[C@@H]1CN(C(=O)OCc1ccccc1)C2,patent,100,
OC1C=CCC(Br)C1,CC(=O)OC1C=CCC(Br)C1,0,CC(C)(C)OC(=O)[C@@]12C=CC[C@@H]1CN(C(=O)OCc1ccccc1)C2,patent,90,
CC(=O)OC1C=CCC(Br)C1,CC(=O)O.BrC1CC=CCC1,0,CC(C)(C)OC(=O)[C@@]12C=CC[C@@H]1CN(C(=O)OCc1ccccc1)C2,patent,95,
BrC1CC=CCC1,BrC1CCCCC1,0,CC(C)(C)OC(=O)[C@@]12C=CC[C@@H]1CN(C(=O)OCc1ccccc1)C2,patent,100,
NC1=N[C@@]2(c3ccc(F)cc3F)CO[C@@H](c3nnco3)C[C@H]2CS1,NC(=S)N[C@]1(c2ccc(F)cc2F)CO[C@H](c2nnco2)C[C@@H]1CBr,1,NC1=N[C@@]2(c3ccc(F)cc3F)CO[C@@H](c3nnco3)C[C@H]2CS1,patent,45,
NC(=S)N[C@]1(c2ccc(F)cc2F)CO[C@H](c2nnco2)C[C@@H]1CBr,NC(=S)N[C@]1(c2ccc(F)cc2F)CO[C@H](c2nnco2)C[C@@H]1CO,0,NC1=N[C@@]2(c3ccc(F)cc3F)CO[C@@H](c3nnco3)C[C@H]2CS1,patent,95,
NC(=S)N[C@]1(c2ccc(F)cc2F)CO[C@H](c2nnco2)C[C@@H]1CO,N[C@]1(c2ccc(F)cc2F)CO[C@H](c2nnco2)C[C@@H]1CO.N=C=S,0,NC1=N[C@@]2(c3ccc(F)cc3F)CO[C@@H](c3nnco3)C[C@H]2CS1,patent,95,
N[C@]1(c2ccc(F)cc2F)CO[C@H](c2nnco2)C[C@@H]1CO,N[C](C[C@H](CO)C[C@H](O)c1nnco1)c1ccc(F)cc1F,1,NC1=N[C@@]2(c3ccc(F)cc3F)CO[C@@H](c3nnco3)C[C@H]2CS1,patent,45,
N[C](C[C@H](CO)C[C@H](O)c1nnco1)c1ccc(F)cc1F,N[C](C[C@H](CO)C[C@@H]1CO1)c1ccc(F)cc1F.c1nnco1,1,NC1=N[C@@]2(c3ccc(F)cc3F)CO[C@@H](c3nnco3)C[C@H]2CS1,patent,70,
N[C](C[C@H](CO)C[C@@H]1CO1)c1ccc(F)cc1F,Nc1ccc(F)cc1F.OC[C@H](CI)[C@@H]1CO1,0,NC1=N[C@@]2(c3ccc(F)cc3F)CO[C@@H](c3nnco3)C[C@H]2CS1,patent,80,
Nc1ccc(F)cc1F,CC(=O)Nc1ccc(F)cc1F,0,NC1=N[C@@]2(c3ccc(F)cc3F)CO[C@@H](c3nnco3)C[C@H]2CS1,patent,90,
OC[C@H](CI)[C@@H]1CO1,OCC(CO)[C@@H]1CO1,0,NC1=N[C@@]2(c3ccc(F)cc3F)CO[C@@H](c3nnco3)C[C@H]2CS1,patent,95,
OCC(CO)[C@@H]1CO1,CS(C)=O.O=CC(CO)CO,1,NC1=N[C@@]2(c3ccc(F)cc3F)CO[C@@H](c3nnco3)C[C@H]2CS1,patent,70,
O=CC(CO)CO,CCOC(=O)C(CO)CO,0,NC1=N[C@@]2(c3ccc(F)cc3F)CO[C@@H](c3nnco3)C[C@H]2CS1,patent,90,
CNC(=O)c1ccc2ncc(C(=O)OCn3ccnc3)c(Nc3ccc(OC)cc3)c2c1,CN.CC(=O)O.COc1ccc(Nc2c(C(=O)OCn3ccnc3)cnc3ccc(Br)cc23)cc1,0,CNC(=O)c1ccc2ncc(C(=O)OCn3ccnc3)c(Nc3ccc(OC)cc3)c2c1,patent,95,
CN,CN=C=O,0,CNC(=O)c1ccc2ncc(C(=O)OCn3ccnc3)c(Nc3ccc(OC)cc3)c2c1,patent,95,
COc1ccc(Nc2c(C(=O)OCn3ccnc3)cnc3ccc(Br)cc23)cc1,COc1ccc(N)cc1.O=C(OCn1ccnc1)c1cnc2ccc(Br)cc2c1F,0,CNC(=O)c1ccc2ncc(C(=O)OCn3ccnc3)c(Nc3ccc(OC)cc3)c2c1,patent,95,
O=C(OCn1ccnc1)c1cnc2ccc(Br)cc2c1F,OCn1ccnc1.O=C(O)c1cnc2ccc(Br)cc2c1F,0,CNC(=O)c1ccc2ncc(C(=O)OCn3ccnc3)c(Nc3ccc(OC)cc3)c2c1,patent,95,
O=C(O)c1cnc2ccc(Br)cc2c1F,CCOC(=O)c1cnc2ccc(Br)cc2c1F,0,CNC(=O)c1ccc2ncc(C(=O)OCn3ccnc3)c(Nc3ccc(OC)cc3)c2c1,patent,90,
CCOC(=O)c1cnc2ccc(Br)cc2c1F,CCOC(=O)Cl.Fc1ccnc2ccc(Br)cc12,0,CNC(=O)c1ccc2ncc(C(=O)OCn3ccnc3)c(Nc3ccc(OC)cc3)c2c1,patent,95,
COc1ccc2nccc(C(N)CC[C@@H]3CCN(CCSc4cccs4)C[C@@H]3C(=O)O)c2c1,COc1ccc2nccc(C(=O)CC[C@@H]3CCN(CCSc4cccs4)C[C@@H]3C(=O)O)c2c1.N,0,COc1ccc2nccc(C(N)CC[C@@H]3CCN(CCSc4cccs4)C[C@@H]3C(=O)O)c2c1,patent,95,
COc1ccc2nccc(C(=O)CC[C@@H]3CCN(CCSc4cccs4)C[C@@H]3C(=O)O)c2c1,COc1ccc2nccc(C(=O)Cl)c2c1.CC[C@@H]1CCN(CCSc2cccs2)C[C@@H]1C(=O)O,0,COc1ccc2nccc(C(N)CC[C@@H]3CCN(CCSc4cccs4)C[C@@H]3C(=O)O)c2c1,patent,95,
COc1ccc2nccc(C(=O)Cl)c2c1,O=S(Cl)Cl.COc1ccc2nccc(C(=O)O)c2c1,0,COc1ccc2nccc(C(N)CC[C@@H]3CCN(CCSc4cccs4)C[C@@H]3C(=O)O)c2c1,patent,90,
CC[C@@H]1CCN(CCSc2cccs2)C[C@@H]1C(=O)O,CC[C@@H]1CCNC[C@@H]1C(=O)O.BrCCSc1cccs1,0,COc1ccc2nccc(C(N)CC[C@@H]3CCN(CCSc4cccs4)C[C@@H]3C(=O)O)c2c1,patent,95,
CC[C@@H]1CCNC[C@@H]1C(=O)O,CC[C@@H]1CCNC[C@@H]1C#N,0,COc1ccc2nccc(C(N)CC[C@@H]3CCN(CCSc4cccs4)C[C@@H]3C(=O)O)c2c1,patent,85,
CC[C@@H]1CCNC[C@@H]1C#N,CC[C@@H]1CCNC[C@@H]1Br,0,COc1ccc2nccc(C(N)CC[C@@H]3CCN(CCSc4cccs4)C[C@@H]3C(=O)O)c2c1,patent,90,
CC[C@@H]1CCNC[C@@H]1Br,CCC1CCNCC1,0,COc1ccc2nccc(C(N)CC[C@@H]3CCN(CCSc4cccs4)C[C@@H]3C(=O)O)c2c1,patent,90,
CCC1CCNCC1,CCC1CCN(Cc2ccccc2)CC1,1,COc1ccc2nccc(C(N)CC[C@@H]3CCN(CCSc4cccs4)C[C@@H]3C(=O)O)c2c1,patent,0,
BrCCSc1cccs1,Sc1cccs1.BrCCBr,0,COc1ccc2nccc(C(N)CC[C@@H]3CCN(CCSc4cccs4)C[C@@H]3C(=O)O)c2c1,patent,95,
O=C(Nc1ccc(-c2cnc(C34CC5CC(CC(C(=O)O)(C5)C3)C4)s2)cc1)Nc1ccccc1F,O=C=Nc1ccc(-c2cnc(C34CC5CC(CC(C(=O)O)(C5)C3)C4)s2)cc1.Nc1ccccc1F,0,O=C(Nc1ccc(-c2cnc(C34CC5CC(CC(C(=O)O)(C5)C3)C4)s2)cc1)Nc1ccccc1F,patent,95,
O=C=Nc1ccc(-c2cnc(C34CC5CC(CC(C(=O)O)(C5)C3)C4)s2)cc1,Nc1ccc(-c2cnc(C34CC5CC(CC(C(=O)O)(C5)C3)C4)s2)cc1.O=C=O,0,O=C(Nc1ccc(-c2cnc(C34CC5CC(CC(C(=O)O)(C5)C3)C4)s2)cc1)Nc1ccccc1F,patent,95,
Nc1ccc(-c2cnc(C34CC5CC(CC(C(=O)O)(C5)C3)C4)s2)cc1,O=C(O)C12CC3CC(C1)CC(c1ncc(Br)s1)(C3)C2.Nc1ccc(B(O)O)cc1,0,O=C(Nc1ccc(-c2cnc(C34CC5CC(CC(C(=O)O)(C5)C3)C4)s2)cc1)Nc1ccccc1F,patent,90,
O=C(O)C12CC3CC(C1)CC(c1ncc(Br)s1)(C3)C2,Clc1ncc(Br)s1.O=C(O)C12CC3CC(CC(C3)C1)C2,0,O=C(Nc1ccc(-c2cnc(C34CC5CC(CC(C(=O)O)(C5)C3)C4)s2)cc1)Nc1ccccc1F,patent,95,
O=C(O)C12CC3CC(CC(C3)C1)C2,CCOC(=O)C12CC3CC(CC(C3)C1)C2,0,O=C(Nc1ccc(-c2cnc(C34CC5CC(CC(C(=O)O)(C5)C3)C4)s2)cc1)Nc1ccccc1F,patent,90,
Nc1ccc(B(O)O)cc1,O=[N+]([O-])c1ccc(B(O)O)cc1,0,O=C(Nc1ccc(-c2cnc(C34CC5CC(CC(C(=O)O)(C5)C3)C4)s2)cc1)Nc1ccccc1F,patent,90,
Nc1ccccc1F,O=C(Nc1ccccc1F)C(F)(F)F,0,O=C(Nc1ccc(-c2cnc(C34CC5CC(CC(C(=O)O)(C5)C3)C4)s2)cc1)Nc1ccccc1F,patent,85,
OC[C@H]1O[C@](O)(c2ccc(Cl)c(Cc3ccc(C#Cc4cnccn4)cc3)c2)[C@H](O)[C@@H](O)[C@@H]1O,OC[C@H]1O[C@](O)(c2ccc(Cl)c(Br)c2)[C@H](O)[C@@H](O)[C@@H]1O.Bc1ccc(C#Cc2cnccn2)cc1,0,OC[C@H]1O[C@](O)(c2ccc(Cl)c(Cc3ccc(C#Cc4cnccn4)cc3)c2)[C@H](O)[C@@H](O)[C@@H]1O,patent,95,
OC[C@H]1O[C@](O)(c2ccc(Cl)c(Br)c2)[C@H](O)[C@@H](O)[C@@H]1O,CC(=O)OC[C@H]1O[C@H](OC(C)=O)[C@H](OC(C)=O)[C@@H](OC(C)=O)[C@@H]1OC(C)=O.Clc1ccccc1Br,1,OC[C@H]1O[C@](O)(c2ccc(Cl)c(Cc3ccc(C#Cc4cnccn4)cc3)c2)[C@H](O)[C@@H](O)[C@@H]1O,patent,50,
CC(=O)OC[C@H]1O[C@H](OC(C)=O)[C@H](OC(C)=O)[C@@H](OC(C)=O)[C@@H]1OC(C)=O,CCOC(C)=O.CC(=O)OC[C@H]1O[C@H](OC(C)=O)[C@H](O)[C@@H](OC(C)=O)[C@@H]1OC(C)=O,0,OC[C@H]1O[C@](O)(c2ccc(Cl)c(Cc3ccc(C#Cc4cnccn4)cc3)c2)[C@H](O)[C@@H](O)[C@@H]1O,patent,90,
CC(=O)OC[C@H]1O[C@H](OC(C)=O)[C@H](O)[C@@H](OC(C)=O)[C@@H]1OC(C)=O,CC(=O)OC(C)=O.CC(=O)OC[C@H]1O[C@H](OC(C)=O)[C@H](O)[C@@H](O)[C@@H]1OC(C)=O,0,OC[C@H]1O[C@](O)(c2ccc(Cl)c(Cc3ccc(C#Cc4cnccn4)cc3)c2)[C@H](O)[C@@H](O)[C@@H]1O,patent,90,
CC(=O)OC[C@H]1O[C@H](OC(C)=O)[C@H](O)[C@@H](O)[C@@H]1OC(C)=O,CC(=O)OC(C)=O.CC(=O)OC[C@H]1O[C@H](O)[C@H](O)[C@@H](O)[C@@H]1OC(C)=O,0,OC[C@H]1O[C@](O)(c2ccc(Cl)c(Cc3ccc(C#Cc4cnccn4)cc3)c2)[C@H](O)[C@@H](O)[C@@H]1O,patent,90,
CC(=O)OC[C@H]1O[C@H](O)[C@H](O)[C@@H](O)[C@@H]1OC(C)=O,CC(=O)OC(C)=O.CC(=O)OC[C@H]1O[C@H](O)[C@H](O)[C@@H](O)[C@@H]1O,0,OC[C@H]1O[C@](O)(c2ccc(Cl)c(Cc3ccc(C#Cc4cnccn4)cc3)c2)[C@H](O)[C@@H](O)[C@@H]1O,patent,90,
CC(=O)OC[C@H]1O[C@H](O)[C@H](O)[C@@H](O)[C@@H]1O,C=COC(C)=O.OC[C@H]1O[C@H](O)[C@H](O)[C@@H](O)[C@@H]1O,0,OC[C@H]1O[C@](O)(c2ccc(Cl)c(Cc3ccc(C#Cc4cnccn4)cc3)c2)[C@H](O)[C@@H](O)[C@@H]1O,patent,90,
Clc1ccccc1Br,Nc1ccccc1Cl,0,OC[C@H]1O[C@](O)(c2ccc(Cl)c(Cc3ccc(C#Cc4cnccn4)cc3)c2)[C@H](O)[C@@H](O)[C@@H]1O,patent,95,
Nc1ccccc1Cl,Nc1c(Cl)cccc1Cl,1,OC[C@H]1O[C@](O)(c2ccc(Cl)c(Cc3ccc(C#Cc4cnccn4)cc3)c2)[C@H](O)[C@@H](O)[C@@H]1O,patent,35,
Bc1ccc(C#Cc2cnccn2)cc1,Bc1ccc(Br)cc1.C#Cc1cnccn1,0,OC[C@H]1O[C@](O)(c2ccc(Cl)c(Cc3ccc(C#Cc4cnccn4)cc3)c2)[C@H](O)[C@@H](O)[C@@H]1O,patent,95,
Bc1ccc(Br)cc1,Nc1ccc(Br)cc1,0,OC[C@H]1O[C@](O)(c2ccc(Cl)c(Cc3ccc(C#Cc4cnccn4)cc3)c2)[C@H](O)[C@@H](O)[C@@H]1O,patent,95,
C#Cc1cnccn1,C[Si](C)(C)C#Cc1cnccn1,0,OC[C@H]1O[C@](O)(c2ccc(Cl)c(Cc3ccc(C#Cc4cnccn4)cc3)c2)[C@H](O)[C@@H](O)[C@@H]1O,patent,85,
Nc1ncnc2c1c(-c1ccc3ccc(-c4ccccc4)nc3c1)cn2C1CCC1,Nc1ncnc2c1c(Br)cn2C1CCC1.OB(O)c1ccc2ccc(-c3ccccc3)nc2c1,0,Nc1ncnc2c1c(-c1ccc3ccc(-c4ccccc4)nc3c1)cn2C1CCC1,patent,90,
Nc1ncnc2c1c(Br)cn2C1CCC1,BrC1CCC1.Nc1ncnc2[nH]cc(Br)c12,0,Nc1ncnc2c1c(-c1ccc3ccc(-c4ccccc4)nc3c1)cn2C1CCC1,patent,95,
OB(O)c1ccc2ccc(-c3ccccc3)nc2c1,OB(O)c1ccc2cc(Br)c(-c3ccccc3)nc2c1,1,Nc1ncnc2c1c(-c1ccc3ccc(-c4ccccc4)nc3c1)cn2C1CCC1,patent,35,
OB(O)c1ccc2cc(Br)c(-c3ccccc3)nc2c1,Nc1cc(B(O)O)ccc1C=O.O=C(CBr)c1ccccc1,1,Nc1ncnc2c1c(-c1ccc3ccc(-c4ccccc4)nc3c1)cn2C1CCC1,patent,0,
Nc1cc(B(O)O)ccc1C=O,O=Cc1ccc(B(O)O)cc1[N+](=O)[O-],0,Nc1ncnc2c1c(-c1ccc3ccc(-c4ccccc4)nc3c1)cn2C1CCC1,patent,90,
O=Cc1ccc(B(O)O)cc1[N+](=O)[O-],O=[N+]([O-])c1cc(B(O)O)ccc1CO,0,Nc1ncnc2c1c(-c1ccc3ccc(-c4ccccc4)nc3c1)cn2C1CCC1,patent,100,
O=[N+]([O-])c1cc(B(O)O)ccc1CO,O=C(O)c1ccc(B(O)O)cc1[N+](=O)[O-],0,Nc1ncnc2c1c(-c1ccc3ccc(-c4ccccc4)nc3c1)cn2C1CCC1,patent,95,
CCCC[C@@H](C(=O)N1CCC[C@H]1C(=O)O)[C@@H](F)C(=O)OC,CCCC[C@@H](N)[C@@H](F)C(=O)OC.O=C(O)[C@@H]1CCCN1,0,CCCC[C@@H](C(=O)N1CCC[C@H]1C(=O)O)[C@@H](F)C(=O)OC,patent,85,
CCCC[C@@H](N)[C@@H](F)C(=O)OC,CCCC[C@@H](N)[C@@H](F)C(=O)O,0,CCCC[C@@H](C(=O)N1CCC[C@H]1C(=O)O)[C@@H](F)C(=O)OC,patent,90,
CCCC[C@@H](N)[C@@H](F)C(=O)O,CCCC[C@@H](N)CC(=O)O,0,CCCC[C@@H](C(=O)N1CCC[C@H]1C(=O)O)[C@@H](F)C(=O)OC,patent,90,
CCCC[C@@H](N)CC(=O)O,CCCC[C@@H](N)CC(=O)OCC,0,CCCC[C@@H](C(=O)N1CCC[C@H]1C(=O)O)[C@@H](F)C(=O)OC,patent,90,
O=C(O)[C@@H]1CCCN1,O=C(OCc1ccccc1)[C@@H]1CCCN1,1,CCCC[C@@H](C(=O)N1CCC[C@H]1C(=O)O)[C@@H](F)C(=O)OC,patent,0,
NC1=Nc2ccc(F)cc2C2CCCC12,O=C1c2ccc(F)cc2C2CCCC12.N,1,NC1=Nc2ccc(F)cc2C2CCCC12,patent,40,
O=C1c2ccc(F)cc2C2CCCC12,O=C(C1=CCCC1)c1ccc(F)cc1,1,NC1=Nc2ccc(F)cc2C2CCCC12,patent,45,
O=C(C1=CCCC1)c1ccc(F)cc1,CCOCC.N#CC1=CCCC1.Fc1ccc(Br)cc1,0,NC1=Nc2ccc(F)cc2C2CCCC12,patent,80,
CC1(C)OCC(C)(CO[Si](C)(C)C(C)(C)C)N(Cc2ccccc2)C1=O,CC1(CO[Si](C)(C)C(C)(C)C)COC(C)(C)C(=O)N1.BrCc1ccccc1,0,CC1(C)OCC(C)(CO[Si](C)(C)C(C)(C)C)N(Cc2ccccc2)C1=O,patent,95,
CC1(CO[Si](C)(C)C(C)(C)C)COC(C)(C)C(=O)N1,CC1(CO)COC(C)(C)C(=O)N1.CC(C)(C)[Si](C)(C)Cl,0,CC1(C)OCC(C)(CO[Si](C)(C)C(C)(C)C)N(Cc2ccccc2)C1=O,patent,95,
CC(C)(C)[Si](C)(C)Cl,C[SiH](C)C(C)(C)C,0,CC1(C)OCC(C)(CO[Si](C)(C)C(C)(C)C)N(Cc2ccccc2)C1=O,patent,90,
CCc1[nH]c(C(=O)N[C@H]2CCN(c3nc(C(=O)O)c(C)s3)C[C@H]2OC)nc1C(F)(F)F,CCc1[nH]c(C(=O)O)nc1C(F)(F)F.CO[C@@H]1CN(c2nc(C(=O)O)c(C)s2)CC[C@@H]1N,0,CCc1[nH]c(C(=O)N[C@H]2CCN(c3nc(C(=O)O)c(C)s3)C[C@H]2OC)nc1C(F)(F)F,patent,95,
CO[C@@H]1CN(c2nc(C(=O)O)c(C)s2)CC[C@@H]1N,CO[C@@H]1CNCC[C@@H]1N.Cc1sc(Cl)nc1C(=O)O,0,CCc1[nH]c(C(=O)N[C@H]2CCN(c3nc(C(=O)O)c(C)s3)C[C@H]2OC)nc1C(F)(F)F,patent,95,
Cn1oc(=O)nc1/C(=N\OCc1cccc(NC(=O)OCCc2ccccc2)n1)c1ccccc1,Cn1oc(=O)nc1/C(=N\OCc1cccc(N)n1)c1ccccc1.O=C(Cl)OCCc1ccccc1,0,Cn1oc(=O)nc1/C(=N\OCc1cccc(NC(=O)OCCc2ccccc2)n1)c1ccccc1,patent,95,
O=C(Cl)OCCc1ccccc1,O=C(Cl)Cl.OCCc1ccccc1,0,Cn1oc(=O)nc1/C(=N\OCc1cccc(NC(=O)OCCc2ccccc2)n1)c1ccccc1,patent,95,
CCCC[Sn](/C=C/C1(O)C(C)=CC2(CC1(C)C(F)(F)F)OC(C)C(C)O2)(CCCC)CCCC,C#CC1(O)C(C)=CC2(CC1(C)C(F)(F)F)OC(C)C(C)O2.CCCC[Sn](CCCC)CCCC,0,CCCC[Sn](/C=C/C1(O)C(C)=CC2(CC1(C)C(F)(F)F)OC(C)C(C)O2)(CCCC)CCCC,patent,95,
CCCC[Sn](CCCC)CCCC,Cl[Sn](Cl)(Cl)Cl.CCCC[Mg]Br,1,CCCC[Sn](/C=C/C1(O)C(C)=CC2(CC1(C)C(F)(F)F)OC(C)C(C)O2)(CCCC)CCCC,patent,45,
COCCCc1cc(CN(C(=O)[C@H]2CN(C(=O)OC(C)(C)C)CC[C@@H]2c2ccc(OCCOc3c(Cl)cc(C)cc3Cl)cc2)C2CC2)cc(OCc2ccc(-c3nnn[nH]3)cc2)c1,Cc1cc(Cl)c(OCCOc2ccc([C@H](C(=O)O)[C@H]3CCN(C(=O)OC(C)(C)C)C3)cc2)c(Cl)c1.COCCCc1cc(CN)c(C2CC2)c(OCc2ccc(-c3nnn[nH]3)cc2)c1,1,COCCCc1cc(CN(C(=O)[C@H]2CN(C(=O)OC(C)(C)C)CC[C@@H]2c2ccc(OCCOc3c(Cl)cc(C)cc3Cl)cc2)C2CC2)cc(OCc2ccc(-c3nnn[nH]3)cc2)c1,patent,45,
Cc1cc(Cl)c(OCCOc2ccc([C@H](C(=O)O)[C@H]3CCN(C(=O)OC(C)(C)C)C3)cc2)c(Cl)c1,Cc1cc(Cl)c(OCCOc2ccc([C@H](C(=O)O)[C@H]3CCNC3)cc2)c(Cl)c1.CC(C)(C)OC(=O)OC(=O)OC(C)(C)C,1,COCCCc1cc(CN(C(=O)[C@H]2CN(C(=O)OC(C)(C)C)CC[C@@H]2c2ccc(OCCOc3c(Cl)cc(C)cc3Cl)cc2)C2CC2)cc(OCc2ccc(-c3nnn[nH]3)cc2)c1,patent,75,
Cc1cc(Cl)c(OCCOc2ccc([C@H](C(=O)O)[C@H]3CCNC3)cc2)c(Cl)c1,O=C(O)[C@@H](c1ccc(O)cc1)[C@H]1CCNC1.ClCCCl.Cc1cc(Cl)c(O)c(Cl)c1,0,COCCCc1cc(CN(C(=O)[C@H]2CN(C(=O)OC(C)(C)C)CC[C@@H]2c2ccc(OCCOc3c(Cl)cc(C)cc3Cl)cc2)C2CC2)cc(OCc2ccc(-c3nnn[nH]3)cc2)c1,patent,90,
O=C(O)[C@@H](c1ccc(O)cc1)[C@H]1CCNC1,C1CCNC1.O=C(O)C(Br)c1ccc(O)cc1,0,COCCCc1cc(CN(C(=O)[C@H]2CN(C(=O)OC(C)(C)C)CC[C@@H]2c2ccc(OCCOc3c(Cl)cc(C)cc3Cl)cc2)C2CC2)cc(OCc2ccc(-c3nnn[nH]3)cc2)c1,patent,95,
O=C(O)C(Br)c1ccc(O)cc1,O=C(O)Cc1ccc(O)cc1.O=C1CCC(=O)N1Br,1,COCCCc1cc(CN(C(=O)[C@H]2CN(C(=O)OC(C)(C)C)CC[C@@H]2c2ccc(OCCOc3c(Cl)cc(C)cc3Cl)cc2)C2CC2)cc(OCc2ccc(-c3nnn[nH]3)cc2)c1,patent,55,
Cc1cc(Cl)c(O)c(Cl)c1,O=C1CCC(=O)N1Cl.Cc1ccc(O)c(Cl)c1,1,COCCCc1cc(CN(C(=O)[C@H]2CN(C(=O)OC(C)(C)C)CC[C@@H]2c2ccc(OCCOc3c(Cl)cc(C)cc3Cl)cc2)C2CC2)cc(OCc2ccc(-c3nnn[nH]3)cc2)c1,patent,55,
COCCCc1cc(CN)c(C2CC2)c(OCc2ccc(-c3nnn[nH]3)cc2)c1,COCCCc1cc(O)c(C2CC2)c(CN)c1.BrCc1ccc(-c2nnn[nH]2)cc1,0,COCCCc1cc(CN(C(=O)[C@H]2CN(C(=O)OC(C)(C)C)CC[C@@H]2c2ccc(OCCOc3c(Cl)cc(C)cc3Cl)cc2)C2CC2)cc(OCc2ccc(-c3nnn[nH]3)cc2)c1,patent,95,
COCCCc1cc(O)c(C2CC2)c(CN)c1,COCCCc1cc(O)c(C2CC2)c(C=O)c1,0,COCCCc1cc(CN(C(=O)[C@H]2CN(C(=O)OC(C)(C)C)CC[C@@H]2c2ccc(OCCOc3c(Cl)cc(C)cc3Cl)cc2)C2CC2)cc(OCc2ccc(-c3nnn[nH]3)cc2)c1,patent,95,
COCCCc1cc(O)c(C2CC2)c(C=O)c1,COCCCc1cc(O)c(C2CC2)c(CO)c1,0,COCCCc1cc(CN(C(=O)[C@H]2CN(C(=O)OC(C)(C)C)CC[C@@H]2c2ccc(OCCOc3c(Cl)cc(C)cc3Cl)cc2)C2CC2)cc(OCc2ccc(-c3nnn[nH]3)cc2)c1,patent,100,
BrCc1ccc(-c2nnn[nH]2)cc1,Cc1ccc(-c2nnn[nH]2)cc1.O=C1CCC(=O)N1Br,1,COCCCc1cc(CN(C(=O)[C@H]2CN(C(=O)OC(C)(C)C)CC[C@@H]2c2ccc(OCCOc3c(Cl)cc(C)cc3Cl)cc2)C2CC2)cc(OCc2ccc(-c3nnn[nH]3)cc2)c1,patent,30,
C[C@H](O[Si](C)(C)C(C)(C)C)[C@@H]1CC(=O)CC(C)(C)N1,C[C@H](O[Si](C)(C)C(C)(C)C)[C@@H]1CC(O)CC(C)(C)N1,0,C[C@H](O[Si](C)(C)C(C)(C)C)[C@@H]1CC(=O)CC(C)(C)N1,patent,100,
COC(=O)C(C)(C)CC(CCCCO)CCCc1cccnc1,C=CCCC(CCCc1cccnc1)CC(C)(C)C(=O)OC,0,COC(=O)C(C)(C)CC(CCCCO)CCCc1cccnc1,patent,90,
C=CCCC(CCCc1cccnc1)CC(C)(C)C(=O)OC,COC(=O)C(C)(C)Br.C=CCCC(C)CCCc1cccnc1,0,COC(=O)C(C)(C)CC(CCCCO)CCCc1cccnc1,patent,95,
COC(=O)C(C)(C)Br,COS(=O)(=O)OC.CC(C)(Br)C(=O)O,0,COC(=O)C(C)(C)CC(CCCCO)CCCc1cccnc1,patent,80,
C=CCCC(C)CCCc1cccnc1,Cc1cccnc1.C=CCCC(C)CCBr,0,COC(=O)C(C)(C)CC(CCCCO)CCCc1cccnc1,patent,95,
Cc1cccnc1,OCc1cccnc1,0,COC(=O)C(C)(C)CC(CCCCO)CCCc1cccnc1,patent,95,
C=CCCC(C)CCBr,C=CCCC(C)CCO,0,COC(=O)C(C)(C)CC(CCCCO)CCCc1cccnc1,patent,95,
C=CCCC(C)CCO,C=CCCC(C)C=O.CCBr,0,COC(=O)C(C)(C)CC(CCCCO)CCCc1cccnc1,patent,95,
C=CCCC(C)C=O,CCC=O.C=CCC=O,0,COC(=O)C(C)(C)CC(CCCCO)CCCc1cccnc1,patent,95,
Oc1ccc2c3c(ccc2c1)Cc1ccccc1OC3c1ccc(OCCN2CCCCC2)cc1,O=Cc1c(Cc2ccccc2O)ccc2cc(O)ccc12.c1ccc(OCCN2CCCCC2)cc1,1,Oc1ccc2c3c(ccc2c1)Cc1ccccc1OC3c1ccc(OCCN2CCCCC2)cc1,patent,65,
O=Cc1c(Cc2ccccc2O)ccc2cc(O)ccc12,Oc1ccccc1CBr.O=Cc1c(B(O)O)ccc2cc(O)ccc12,0,Oc1ccc2c3c(ccc2c1)Cc1ccccc1OC3c1ccc(OCCN2CCCCC2)cc1,patent,90,
O=Cc1c(B(O)O)ccc2cc(O)ccc12,COC(Cl)Cl.OB(O)c1ccc2cc(O)ccc2c1,1,Oc1ccc2c3c(ccc2c1)Cc1ccccc1OC3c1ccc(OCCN2CCCCC2)cc1,patent,30,
c1ccc(OCCN2CCCCC2)cc1,Oc1ccccc1.ClCCN1CCCCC1,0,Oc1ccc2c3c(ccc2c1)Cc1ccccc1OC3c1ccc(OCCN2CCCCC2)cc1,patent,95,
CC(C)(C)OC(=O)N1CC=C(c2ccc3c(c2)-n2nc(-c4ncnn4CC(F)(F)F)cc2CCO3)CC1,CC(C)(C)OC(=O)N1CC=C(B(O)O)CC1.FC(F)(F)Cn1ncnc1-c1cc2n(n1)-c1cc(Br)ccc1OCC2,0,CC(C)(C)OC(=O)N1CC=C(c2ccc3c(c2)-n2nc(-c4ncnn4CC(F)(F)F)cc2CCO3)CC1,patent,90,
CC(C)(C)OC(=O)N1CC=C(B(O)O)CC1,OB(O)C1=CCNCC1.CC(C)(C)OC(=O)OC(=O)OC(C)(C)C,1,CC(C)(C)OC(=O)N1CC=C(c2ccc3c(c2)-n2nc(-c4ncnn4CC(F)(F)F)cc2CCO3)CC1,patent,75,
FC(F)(F)Cn1ncnc1-c1cc2n(n1)-c1cc(Br)ccc1OCC2,Brc1ccc2c(c1)-n1nc(I)cc1CCO2.OB(O)c1ncnn1CC(F)(F)F,0,CC(C)(C)OC(=O)N1CC=C(c2ccc3c(c2)-n2nc(-c4ncnn4CC(F)(F)F)cc2CCO3)CC1,patent,90,
Brc1ccc2c(c1)-n1nc(I)cc1CCO2,Oc1ccc(Br)cc1-n1nc(I)cc1CCBr,1,CC(C)(C)OC(=O)N1CC=C(c2ccc3c(c2)-n2nc(-c4ncnn4CC(F)(F)F)cc2CCO3)CC1,patent,70,
Oc1ccc(Br)cc1-n1nc(I)cc1CCBr,OCCc1cc(I)nn1-c1cc(Br)ccc1O,0,CC(C)(C)OC(=O)N1CC=C(c2ccc3c(c2)-n2nc(-c4ncnn4CC(F)(F)F)cc2CCO3)CC1,patent,95,
OCCc1cc(I)nn1-c1cc(Br)ccc1O,O=Cc1cc(I)nn1-c1cc(Br)ccc1O,0,CC(C)(C)OC(=O)N1CC=C(c2ccc3c(c2)-n2nc(-c4ncnn4CC(F)(F)F)cc2CCO3)CC1,patent,90,
O=Cc1cc(I)nn1-c1cc(Br)ccc1O,NNc1cc(Br)ccc1O.O=CC(=O)CC(=O)I,1,CC(C)(C)OC(=O)N1CC=C(c2ccc3c(c2)-n2nc(-c4ncnn4CC(F)(F)F)cc2CCO3)CC1,patent,25,
NNc1cc(Br)ccc1O,NNc1ccccc1O.O=C1CCC(=O)N1Br,1,CC(C)(C)OC(=O)N1CC=C(c2ccc3c(c2)-n2nc(-c4ncnn4CC(F)(F)F)cc2CCO3)CC1,patent,55,
NNc1ccccc1O,COc1ccccc1NN,0,CC(C)(C)OC(=O)N1CC=C(c2ccc3c(c2)-n2nc(-c4ncnn4CC(F)(F)F)cc2CCO3)CC1,patent,95,
O=CC(=O)CC(=O)I,CON(C)C(=O)C(=O)CC(=O)I,0,CC(C)(C)OC(=O)N1CC=C(c2ccc3c(c2)-n2nc(-c4ncnn4CC(F)(F)F)cc2CCO3)CC1,patent,90,
CON(C)C(=O)C(=O)CC(=O)I,CNOC.O=C(I)CC(=O)C(=O)O,0,CC(C)(C)OC(=O)N1CC=C(c2ccc3c(c2)-n2nc(-c4ncnn4CC(F)(F)F)cc2CCO3)CC1,patent,95,
O=C(I)CC(=O)C(=O)O,CCOC(=O)C(=O)CC(=O)I,0,CC(C)(C)OC(=O)N1CC=C(c2ccc3c(c2)-n2nc(-c4ncnn4CC(F)(F)F)cc2CCO3)CC1,patent,90,
CCOC(=O)C(=O)CC(=O)I,CCOC(=O)C(=O)OCC.CC(=O)I,0,CC(C)(C)OC(=O)N1CC=C(c2ccc3c(c2)-n2nc(-c4ncnn4CC(F)(F)F)cc2CCO3)CC1,patent,90,
COCCCc1cc(O)cc(CN(C(=O)[C@H]2CN(C(=O)OC(C)(C)C)CC[C@@H]2c2ccc(OCCOc3c(Cl)cc(C)cc3Cl)cc2)C2CC2)c1,Cc1cc(Cl)c(OCCOc2ccc([C@H]3CCN(C(=O)OC(C)(C)C)C[C@@H]3C(=O)O)cc2)c(Cl)c1.COCCCc1cc(O)cc(CNC2CC2)c1,0,COCCCc1cc(O)cc(CN(C(=O)[C@H]2CN(C(=O)OC(C)(C)C)CC[C@@H]2c2ccc(OCCOc3c(Cl)cc(C)cc3Cl)cc2)C2CC2)c1,patent,95,
COCCCc1cc(O)cc(CNC2CC2)c1,COC/C=C/c1cc(O)cc(CNC2CC2)c1,0,COCCCc1cc(O)cc(CN(C(=O)[C@H]2CN(C(=O)OC(C)(C)C)CC[C@@H]2c2ccc(OCCOc3c(Cl)cc(C)cc3Cl)cc2)C2CC2)c1,patent,100,
COC/C=C/c1cc(O)cc(CNC2CC2)c1,NC1CC1.COC/C=C/c1cc(O)cc(C=O)c1,0,COCCCc1cc(O)cc(CN(C(=O)[C@H]2CN(C(=O)OC(C)(C)C)CC[C@@H]2c2ccc(OCCOc3c(Cl)cc(C)cc3Cl)cc2)C2CC2)c1,patent,95,
COC/C=C/c1cc(O)cc(C=O)c1,COC/C=C/B1OC(C)(C)C(C)(C)O1.O=Cc1cc(O)cc(Br)c1,1,COCCCc1cc(O)cc(CN(C(=O)[C@H]2CN(C(=O)OC(C)(C)C)CC[C@@H]2c2ccc(OCCOc3c(Cl)cc(C)cc3Cl)cc2)C2CC2)c1,patent,45,
COCCCc1cc(CN(C(=O)[C@H]2CN(C(=O)OC(C)(C)C)CC[C@@H]2c2ccc(OCCOc3c(Cl)cc(C)cc3Cl)cc2)C2CC2)cc(OCCC(C)(C)C(=O)O)c1,CC(C)(C)OC(=O)N1CC[C@@H](c2ccc(O)cc2)[C@@H](C(=O)N(Cc2cc(CCCO)cc(OCCC(C)(C)C(=O)O)c2)C2CC2)C1.Cc1cc(Cl)c(OCCCl)c(Cl)c1,0,COCCCc1cc(CN(C(=O)[C@H]2CN(C(=O)OC(C)(C)C)CC[C@@H]2c2ccc(OCCOc3c(Cl)cc(C)cc3Cl)cc2)C2CC2)cc(OCCC(C)(C)C(=O)O)c1,patent,90,
CC(C)(C)OC(=O)N1CC[C@@H](c2ccc(O)cc2)[C@@H](C(=O)N(Cc2cc(CCCO)cc(OCCC(C)(C)C(=O)O)c2)C2CC2)C1,CC(C)(C)OC(=O)N1CC[C@@H](c2ccc(O)cc2)[C@@H](C(=O)O)C1.CC(C)(CCOc1cc(CCCO)cc(CNC2CC2)c1)C(=O)O,0,COCCCc1cc(CN(C(=O)[C@H]2CN(C(=O)OC(C)(C)C)CC[C@@H]2c2ccc(OCCOc3c(Cl)cc(C)cc3Cl)cc2)C2CC2)cc(OCCC(C)(C)C(=O)O)c1,patent,95,
CC(C)(C)OC(=O)N1CC[C@@H](c2ccc(O)cc2)[C@@H](C(=O)O)C1,O=C(O)[C@H]1CNCC[C@H]1c1ccc(O)cc1.CC(C)(C)OC(=O)OC(=O)C(C)(C)C,1,COCCCc1cc(CN(C(=O)[C@H]2CN(C(=O)OC(C)(C)C)CC[C@@H]2c2ccc(OCCOc3c(Cl)cc(C)cc3Cl)cc2)C2CC2)cc(OCCC(C)(C)C(=O)O)c1,patent,75,
O=C(O)[C@H]1CNCC[C@H]1c1ccc(O)cc1,O=CC(CCC(=O)C(=O)O)c1ccc(O)cc1.N,1,COCCCc1cc(CN(C(=O)[C@H]2CN(C(=O)OC(C)(C)C)CC[C@@H]2c2ccc(OCCOc3c(Cl)cc(C)cc3Cl)cc2)C2CC2)cc(OCCC(C)(C)C(=O)O)c1,patent,40,
O=CC(CCC(=O)C(=O)O)c1ccc(O)cc1,O=C(O)C(=O)CCC(CO)c1ccc(O)cc1,0,COCCCc1cc(CN(C(=O)[C@H]2CN(C(=O)OC(C)(C)C)CC[C@@H]2c2ccc(OCCOc3c(Cl)cc(C)cc3Cl)cc2)C2CC2)cc(OCCC(C)(C)C(=O)O)c1,patent,100,
O=C(O)C(=O)CCC(CO)c1ccc(O)cc1,CC(=O)C(=O)O.OCC(CBr)c1ccc(O)cc1,0,COCCCc1cc(CN(C(=O)[C@H]2CN(C(=O)OC(C)(C)C)CC[C@@H]2c2ccc(OCCOc3c(Cl)cc(C)cc3Cl)cc2)C2CC2)cc(OCCC(C)(C)C(=O)O)c1,patent,95,
OCC(CBr)c1ccc(O)cc1,OCC(CO)c1ccc(O)cc1.O=C1CCC(=O)N1Br,1,COCCCc1cc(CN(C(=O)[C@H]2CN(C(=O)OC(C)(C)C)CC[C@@H]2c2ccc(OCCOc3c(Cl)cc(C)cc3Cl)cc2)C2CC2)cc(OCCC(C)(C)C(=O)O)c1,patent,55,
CC(C)(C)OC(=O)OC(=O)C(C)(C)C,C=C(C)C.CC(C)(C)C(=O)OC(=O)O,0,COCCCc1cc(CN(C(=O)[C@H]2CN(C(=O)OC(C)(C)C)CC[C@@H]2c2ccc(OCCOc3c(Cl)cc(C)cc3Cl)cc2)C2CC2)cc(OCCC(C)(C)C(=O)O)c1,patent,95,
CC(C)(C)C(=O)OC(=O)O,O=C(O)O.CC(C)(C)C(=O)Cl,0,COCCCc1cc(CN(C(=O)[C@H]2CN(C(=O)OC(C)(C)C)CC[C@@H]2c2ccc(OCCOc3c(Cl)cc(C)cc3Cl)cc2)C2CC2)cc(OCCC(C)(C)C(=O)O)c1,patent,95,
CC(C)(CCOc1cc(CCCO)cc(CNC2CC2)c1)C(=O)O,NC1CC1.CC(C)(CCOc1cc(C=O)cc(CCCO)c1)C(=O)O,0,COCCCc1cc(CN(C(=O)[C@H]2CN(C(=O)OC(C)(C)C)CC[C@@H]2c2ccc(OCCOc3c(Cl)cc(C)cc3Cl)cc2)C2CC2)cc(OCCC(C)(C)C(=O)O)c1,patent,95,
CC(C)(CCOc1cc(C=O)cc(CCCO)c1)C(=O)O,CC(C)(CCOc1cc(C=O)cc(/C=C/CO)c1)C(=O)O,0,COCCCc1cc(CN(C(=O)[C@H]2CN(C(=O)OC(C)(C)C)CC[C@@H]2c2ccc(OCCOc3c(Cl)cc(C)cc3Cl)cc2)C2CC2)cc(OCCC(C)(C)C(=O)O)c1,patent,100,
CC(C)(CCOc1cc(C=O)cc(/C=C/CO)c1)C(=O)O,CCOC(=O)/C=C/c1cc(C=O)cc(OCCC(C)(C)C(=O)O)c1,0,COCCCc1cc(CN(C(=O)[C@H]2CN(C(=O)OC(C)(C)C)CC[C@@H]2c2ccc(OCCOc3c(Cl)cc(C)cc3Cl)cc2)C2CC2)cc(OCCC(C)(C)C(=O)O)c1,patent,90,
CCOC(=O)/C=C/c1cc(C=O)cc(OCCC(C)(C)C(=O)O)c1,CC(C)(CCBr)C(=O)O.CCOC(=O)/C=C/c1cc(O)cc(C=O)c1,0,COCCCc1cc(CN(C(=O)[C@H]2CN(C(=O)OC(C)(C)C)CC[C@@H]2c2ccc(OCCOc3c(Cl)cc(C)cc3Cl)cc2)C2CC2)cc(OCCC(C)(C)C(=O)O)c1,patent,95,
CC(C)(CCBr)C(=O)O,CC(C)C(=O)O.BrCCBr,0,COCCCc1cc(CN(C(=O)[C@H]2CN(C(=O)OC(C)(C)C)CC[C@@H]2c2ccc(OCCOc3c(Cl)cc(C)cc3Cl)cc2)C2CC2)cc(OCCC(C)(C)C(=O)O)c1,patent,95,
CCOC(=O)/C=C/c1cc(O)cc(C=O)c1,C=CC(=O)OCC.O=Cc1cc(O)cc(Br)c1,0,COCCCc1cc(CN(C(=O)[C@H]2CN(C(=O)OC(C)(C)C)CC[C@@H]2c2ccc(OCCOc3c(Cl)cc(C)cc3Cl)cc2)C2CC2)cc(OCCC(C)(C)C(=O)O)c1,patent,95,
CC(=O)Nc1cccc(N2CCN(CCc3nn(C)c(=O)n3CC3CCCCC3)CC2)c1,BrCC1CCCCC1.CC(=O)Nc1cccc(N2CCN(CCc3nn(C)c(=O)[nH]3)CC2)c1,0,CC(=O)Nc1cccc(N2CCN(CCc3nn(C)c(=O)n3CC3CCCCC3)CC2)c1,patent,95,
CC(=O)Nc1cccc(N2CCN(CCc3nn(C)c(=O)[nH]3)CC2)c1,Cn1nc(CCCl)[nH]c1=O.CC(=O)Nc1cccc(N2CCNCC2)c1,0,CC(=O)Nc1cccc(N2CCN(CCc3nn(C)c(=O)n3CC3CCCCC3)CC2)c1,patent,95,
Cn1nc(CCCl)[nH]c1=O,O=S(Cl)Cl.Cn1nc(CCO)[nH]c1=O,0,CC(=O)Nc1cccc(N2CCN(CCc3nn(C)c(=O)n3CC3CCCCC3)CC2)c1,patent,90,
Cn1nc(CCO)[nH]c1=O,Cn1nc(CCOCc2ccccc2)[nH]c1=O,1,CC(=O)Nc1cccc(N2CCN(CCc3nn(C)c(=O)n3CC3CCCCC3)CC2)c1,patent,0,
Cn1nc(CCOCc2ccccc2)[nH]c1=O,CN(NC(=O)CCOCc1ccccc1)C(N)=O,1,CC(=O)Nc1cccc(N2CCN(CCc3nn(C)c(=O)n3CC3CCCCC3)CC2)c1,patent,30,
CN(NC(=O)CCOCc1ccccc1)C(N)=O,CN(N)C(N)=O.O=C(O)CCOCc1ccccc1,0,CC(=O)Nc1cccc(N2CCN(CCc3nn(C)c(=O)n3CC3CCCCC3)CC2)c1,patent,95,
CC(=O)Nc1cccc(N2CCNCC2)c1,ClCCNCCCl.CC(=O)Nc1cccc(N)c1,1,CC(=O)Nc1cccc(N2CCN(CCc3nn(C)c(=O)n3CC3CCCCC3)CC2)c1,patent,40,
COC(=O)c1ccc(-c2ccc(O[C@H]3O[C@H](CO)[C@@H](O)[C@H](O)[C@@H]3O)c(Cl)c2)cc1,COC(=O)c1ccc(-c2ccc(O)c(Cl)c2)cc1.CC(=O)OC[C@H]1O[C@H](OC(C)=O)[C@@H](Br)[C@@H](OC(C)=O)[C@@H]1OC(C)=O,1,COC(=O)c1ccc(-c2ccc(O[C@H]3O[C@H](CO)[C@@H](O)[C@H](O)[C@@H]3O)c(Cl)c2)cc1,patent,60,
COC(=O)c1ccc(-c2ccc(O)c(Cl)c2)cc1,OB(O)c1ccc(O)c(Cl)c1.COC(=O)c1ccc(Br)cc1,0,COC(=O)c1ccc(-c2ccc(O[C@H]3O[C@H](CO)[C@@H](O)[C@H](O)[C@@H]3O)c(Cl)c2)cc1,patent,90,
CC(=O)OC[C@H]1O[C@H](OC(C)=O)[C@@H](Br)[C@@H](OC(C)=O)[C@@H]1OC(C)=O,CC(=O)OC[C@H]1O[C@H](OC(C)=O)[C@@H](OC(C)=O)[C@@H](OC(C)=O)[C@@H]1OC(C)=O.Br,0,COC(=O)c1ccc(-c2ccc(O[C@H]3O[C@H](CO)[C@@H](O)[C@H](O)[C@@H]3O)c(Cl)c2)cc1,patent,90,
CC(=O)OC[C@H]1O[C@H](OC(C)=O)[C@@H](OC(C)=O)[C@@H](OC(C)=O)[C@@H]1OC(C)=O,CC(=O)OC(C)=O.CC(=O)OC[C@H]1O[C@H](O)[C@@H](OC(C)=O)[C@@H](OC(C)=O)[C@@H]1OC(C)=O,0,COC(=O)c1ccc(-c2ccc(O[C@H]3O[C@H](CO)[C@@H](O)[C@H](O)[C@@H]3O)c(Cl)c2)cc1,patent,90,
CC(=O)OC[C@H]1O[C@H](O)[C@@H](OC(C)=O)[C@@H](OC(C)=O)[C@@H]1OC(C)=O,CC(=O)OC(C)=O.CC(=O)OC[C@H]1O[C@H](O)[C@@H](O)[C@@H](OC(C)=O)[C@@H]1OC(C)=O,0,COC(=O)c1ccc(-c2ccc(O[C@H]3O[C@H](CO)[C@@H](O)[C@H](O)[C@@H]3O)c(Cl)c2)cc1,patent,90,
CC(=O)OC[C@H]1O[C@H](O)[C@@H](O)[C@@H](OC(C)=O)[C@@H]1OC(C)=O,C=COC(C)=O.CC(=O)OC[C@H]1O[C@H](O)[C@@H](O)[C@@H](OC(C)=O)[C@@H]1O,0,COC(=O)c1ccc(-c2ccc(O[C@H]3O[C@H](CO)[C@@H](O)[C@H](O)[C@@H]3O)c(Cl)c2)cc1,patent,90,
CC(=O)OC[C@H]1O[C@H](O)[C@@H](O)[C@@H](OC(C)=O)[C@@H]1O,C=COC(C)=O.CC(=O)OC[C@H]1O[C@H](O)[C@@H](O)[C@@H](O)[C@@H]1O,0,COC(=O)c1ccc(-c2ccc(O[C@H]3O[C@H](CO)[C@@H](O)[C@H](O)[C@@H]3O)c(Cl)c2)cc1,patent,90,
CC(=O)OC[C@H]1O[C@H](O)[C@@H](O)[C@@H](O)[C@@H]1O,C=COC(C)=O.OC[C@H]1O[C@H](O)[C@@H](O)[C@@H](O)[C@@H]1O,0,COC(=O)c1ccc(-c2ccc(O[C@H]3O[C@H](CO)[C@@H](O)[C@H](O)[C@@H]3O)c(Cl)c2)cc1,patent,90,
CCC(C)(C)OC(=O)Nc1nc(C(O)C(=O)NC2C(=O)N3C(C(=O)O)=C(CSc4nnc(C)s4)CS[C@H]23)cs1,CCC(C)(C)OC(=O)Nc1nc(C(O)C(=O)O)cs1.Cc1nnc(SCC2=C(C(=O)O)N3C(=O)C(N)[C@H]3SC2)s1,0,CCC(C)(C)OC(=O)Nc1nc(C(O)C(=O)NC2C(=O)N3C(C(=O)O)=C(CSc4nnc(C)s4)CS[C@H]23)cs1,patent,95,
CCC(C)(C)OC(=O)Nc1nc(C(O)C(=O)O)cs1,CCC(C)(C)OC(=O)Cl.Nc1nc(C(O)C(=O)O)cs1,0,CCC(C)(C)OC(=O)Nc1nc(C(O)C(=O)NC2C(=O)N3C(C(=O)O)=C(CSc4nnc(C)s4)CS[C@H]23)cs1,patent,95,
Nc1nc(C(O)C(=O)O)cs1,Nc1nc(C(=O)C(=O)O)cs1,0,CCC(C)(C)OC(=O)Nc1nc(C(O)C(=O)NC2C(=O)N3C(C(=O)O)=C(CSc4nnc(C)s4)CS[C@H]23)cs1,patent,100,
Cc1nnc(SCC2=C(C(=O)O)N3C(=O)C(N)[C@H]3SC2)s1,NC1C(=O)N2C(C(=O)O)=C(CCl)CS[C@H]12.Cc1nnc(S)s1,0,CCC(C)(C)OC(=O)Nc1nc(C(O)C(=O)NC2C(=O)N3C(C(=O)O)=C(CSc4nnc(C)s4)CS[C@H]23)cs1,patent,95,
NC1C(=O)N2C(C(=O)O)=C(CCl)CS[C@H]12,CC1=C(C(=O)O)N2C(=O)C(N)[C@H]2SC1,0,CCC(C)(C)OC(=O)Nc1nc(C(O)C(=O)NC2C(=O)N3C(C(=O)O)=C(CSc4nnc(C)s4)CS[C@H]23)cs1,patent,90,
CC1=C(C(=O)O)N2C(=O)C(N)[C@H]2SC1,CC1=C(C(=O)O)N2C(=O)C(NC(=O)C(F)(F)F)[C@H]2SC1,0,CCC(C)(C)OC(=O)Nc1nc(C(O)C(=O)NC2C(=O)N3C(C(=O)O)=C(CSc4nnc(C)s4)CS[C@H]23)cs1,patent,85,
CC1=C(C(=O)O)N2C(=O)C(NC(=O)C(F)(F)F)[C@H]2SC1,O=C(O)C(F)(F)F.CC1=C(C(=O)O)N2C(=O)[C@@H](N)[C@H]2SC1,0,CCC(C)(C)OC(=O)Nc1nc(C(O)C(=O)NC2C(=O)N3C(C(=O)O)=C(CSc4nnc(C)s4)CS[C@H]23)cs1,patent,95,
C[C@@H](n1ccn(-c2ccc(Cl)cc2)c1=O)[C@@]1(c2ccc(F)cc2F)CO1,C[S+](C)(C)=O.C[C@H](C(=O)c1ccc(F)cc1F)n1ccn(-c2ccc(Cl)cc2)c1=O,1,C[C@@H](n1ccn(-c2ccc(Cl)cc2)c1=O)[C@@]1(c2ccc(F)cc2F)CO1,patent,65,
C[C@H](C(=O)c1ccc(F)cc1F)n1ccn(-c2ccc(Cl)cc2)c1=O,Fc1ccc(Br)c(F)c1.CCOC(=O)[C@@H](C)n1ccn(-c2ccc(Cl)cc2)c1=O,0,C[C@@H](n1ccn(-c2ccc(Cl)cc2)c1=O)[C@@]1(c2ccc(F)cc2F)CO1,patent,90,
CCOC(=O)[C@@H](C)n1ccn(-c2ccc(Cl)cc2)c1=O,CCOC(=O)[C@@H](C)N(CC(OC)OC)C(=O)Nc1ccc(Cl)cc1,1,C[C@@H](n1ccn(-c2ccc(Cl)cc2)c1=O)[C@@]1(c2ccc(F)cc2F)CO1,patent,25,
CCOC(=O)[C@@H](C)N(CC(OC)OC)C(=O)Nc1ccc(Cl)cc1,Nc1ccc(Cl)cc1.CCOC(=O)[C@@H](C)N(CC(OC)OC)C(=O)Cl,0,C[C@@H](n1ccn(-c2ccc(Cl)cc2)c1=O)[C@@]1(c2ccc(F)cc2F)CO1,patent,95,
CCOC(=O)[C@@H](C)N(CC(OC)OC)C(=O)Cl,O=C(Cl)Cl.CCOC(=O)[C@@H](C)NCC(OC)OC,0,C[C@@H](n1ccn(-c2ccc(Cl)cc2)c1=O)[C@@]1(c2ccc(F)cc2F)CO1,patent,95,
CCOC(=O)[C@@H](C)NCC(OC)OC,COC(C=O)OC.CCOC(=O)[C@@H](C)N,0,C[C@@H](n1ccn(-c2ccc(Cl)cc2)c1=O)[C@@]1(c2ccc(F)cc2F)CO1,patent,95,
COC(=O)CC12CCC(c3ccc(Br)cc3)(CC1)CO2,COC(=O)CC12C=CC(c3ccc(Br)cc3)(CC1)CC2,0,COC(=O)CC12CCC(c3ccc(Br)cc3)(CC1)CO2,patent,95,
COC(=O)CC12C=CC(c3ccc(Br)cc3)(CC1)CC2,O=C(O)CC12C=CC(c3ccc(Br)cc3)(CC1)CC2.CO,0,COC(=O)CC12CCC(c3ccc(Br)cc3)(CC1)CO2,patent,95,
O=C(O)CC12C=CC(c3ccc(Br)cc3)(CC1)CC2,BrCC12C=CC(c3ccc(Br)cc3)(CC1)CC2.O=C=O,0,COC(=O)CC12CCC(c3ccc(Br)cc3)(CC1)CO2,patent,95,
BrCC12C=CC(c3ccc(Br)cc3)(CC1)CC2,CC12C=CC(c3ccc(Br)cc3)(CC1)CC2,0,COC(=O)CC12CCC(c3ccc(Br)cc3)(CC1)CO2,patent,90,
CC12C=CC(c3ccc(Br)cc3)(CC1)CC2,C=CC(=C)C.O=C1C=CC(c2ccc(Br)cc2)CC1,1,COC(=O)CC12CCC(c3ccc(Br)cc3)(CC1)CO2,patent,40,
C=CC(=C)C,C#CC(=C)C,0,COC(=O)CC12CCC(c3ccc(Br)cc3)(CC1)CO2,patent,100,
O=C1C=CC(c2ccc(Br)cc2)CC1,O=C1C=CC(c2ccccc2)CC1.O=C1CCC(=O)N1Br,1,COC(=O)CC12CCC(c3ccc(Br)cc3)(CC1)CO2,patent,55,
O=C1C=CC(c2ccccc2)CC1,O=C1CCC(c2ccccc2)CC1,0,COC(=O)CC12CCC(c3ccc(Br)cc3)(CC1)CO2,patent,100,
CC(C)(C)OC(=O)NC1(c2nc(NCc3ccccn3)c3c(Cl)ccn3n2)CC1,NC1(c2nc(NCc3ccccn3)c3c(Cl)ccn3n2)CC1.CC(C)(C)OC(=O)OC(=O)OC(C)(C)C,1,CC(C)(C)OC(=O)NC1(c2nc(NCc3ccccn3)c3c(Cl)ccn3n2)CC1,patent,75,
NC1(c2nc(NCc3ccccn3)c3c(Cl)ccn3n2)CC1,NC1(c2nc(Cl)c3c(Cl)ccn3n2)CC1.NCc1ccccn1,0,CC(C)(C)OC(=O)NC1(c2nc(NCc3ccccn3)c3c(Cl)ccn3n2)CC1,patent,95,
NC1(c2nc(Cl)c3c(Cl)ccn3n2)CC1,C=C(N)c1nc(Cl)c2c(Cl)ccn2n1.CI,1,CC(C)(C)OC(=O)NC1(c2nc(NCc3ccccn3)c3c(Cl)ccn3n2)CC1,patent,65,
C=C(N)c1nc(Cl)c2c(Cl)ccn2n1,O=Cc1nc(Cl)c2c(Cl)ccn2n1.N,0,CC(C)(C)OC(=O)NC1(c2nc(NCc3ccccn3)c3c(Cl)ccn3n2)CC1,patent,90,
O=Cc1nc(Cl)c2c(Cl)ccn2n1,Cc1nc(Cl)c2c(Cl)ccn2n1,0,CC(C)(C)OC(=O)NC1(c2nc(NCc3ccccn3)c3c(Cl)ccn3n2)CC1,patent,90,
Cc1nc(Cl)c2c(Cl)ccn2n1,O=P(Cl)(Cl)Cl.Cc1nn2ccc(Cl)c2c(=O)[nH]1,0,CC(C)(C)OC(=O)NC1(c2nc(NCc3ccccn3)c3c(Cl)ccn3n2)CC1,patent,90,
Cc1nn2ccc(Cl)c2c(=O)[nH]1,O=C1CCC(=O)N1Cl.Cc1nn2cccc2c(=O)[nH]1,1,CC(C)(C)OC(=O)NC1(c2nc(NCc3ccccn3)c3c(Cl)ccn3n2)CC1,patent,30,
NCc1ccccn1,O=C1c2ccccc2C(=O)N1Cc1ccccn1,1,CC(C)(C)OC(=O)NC1(c2nc(NCc3ccccn3)c3c(Cl)ccn3n2)CC1,patent,0,
Cc1cc(Nc2nccc(C(F)(F)F)n2)cc(-c2cnc([C@@](C)(O)[C@H]3CC[C@H](C(=O)O)CC3)s2)c1,Cc1cc(N)cc(-c2cnc([C@@](C)(O)[C@H]3CC[C@H](C(=O)O)CC3)s2)c1.FC(F)(F)c1ccnc(Cl)n1,0,Cc1cc(Nc2nccc(C(F)(F)F)n2)cc(-c2cnc([C@@](C)(O)[C@H]3CC[C@H](C(=O)O)CC3)s2)c1,patent,95,
Cc1cc(N)cc(-c2cnc([C@@](C)(O)[C@H]3CC[C@H](C(=O)O)CC3)s2)c1,Cc1cc(N)cc(Br)c1.C[C@@](O)(c1ncc(Br)s1)[C@H]1CC[C@H](C(=O)O)CC1,0,Cc1cc(Nc2nccc(C(F)(F)F)n2)cc(-c2cnc([C@@](C)(O)[C@H]3CC[C@H](C(=O)O)CC3)s2)c1,patent,90,
Cc1cc(N)cc(Br)c1,Cc1cc(Br)cc([N+](=O)[O-])c1,0,Cc1cc(Nc2nccc(C(F)(F)F)n2)cc(-c2cnc([C@@](C)(O)[C@H]3CC[C@H](C(=O)O)CC3)s2)c1,patent,90,
C[C@@](O)(c1ncc(Br)s1)[C@H]1CC[C@H](C(=O)O)CC1,CC(=O)[C@H]1CC[C@H](C(=O)O)CC1.Brc1cncs1,0,Cc1cc(Nc2nccc(C(F)(F)F)n2)cc(-c2cnc([C@@](C)(O)[C@H]3CC[C@H](C(=O)O)CC3)s2)c1,patent,95,
CC(=O)[C@H]1CC[C@H](C(=O)O)CC1,COC(=O)[C@H]1CC[C@H](C(C)=O)CC1,0,Cc1cc(Nc2nccc(C(F)(F)F)n2)cc(-c2cnc([C@@](C)(O)[C@H]3CC[C@H](C(=O)O)CC3)s2)c1,patent,95,
FC(F)(F)c1ccnc(Cl)n1,O=P(Cl)(Cl)Cl.O=c1nc(C(F)(F)F)cc[nH]1,0,Cc1cc(Nc2nccc(C(F)(F)F)n2)cc(-c2cnc([C@@](C)(O)[C@H]3CC[C@H](C(=O)O)CC3)s2)c1,patent,90,
CC(C)c1ccc(-n2nc(O)c3c(=O)c4ccc(Cl)cc4[nH]c3c2=O)cc1,CC(C)c1ccc(NN)cc1.COC(=O)c1nc2cc(Cl)ccc2c(O)c1C(=O)OC,1,CC(C)c1ccc(-n2nc(O)c3c(=O)c4ccc(Cl)cc4[nH]c3c2=O)cc1,patent,0,
COC(=O)c1nc2cc(Cl)ccc2c(O)c1C(=O)OC,COC(=O)C#CC(=O)OC.COC(=O)c1ccc(Cl)cc1N,1,CC(C)c1ccc(-n2nc(O)c3c(=O)c4ccc(Cl)cc4[nH]c3c2=O)cc1,patent,5,
Cn1nccc1[C@]1(O)CCCC[C@H]1O,Cn1nccc1.O=C1CCC(O)CC1,0,unknown,patent,95,
Cn1nccc1[C@]1(O)CCCC[C@H]1O,Cn1nccc1Br.O=C1CCC(O)CC1,0,unknown,patent,95,
Cn1nccc1[C@]1(O)CCCC[C@H]1O,Cn1nccc1C1=CCCCC1,0,unknown,patent,80,
CC1=NC2(N=C1N)c1cc(-c3cc(Cl)cc(C#N)c3)ccc1CCC21CC1,CC1=NC2(N=C1N)c1cc(I)ccc1CCC21CC1.[Sn](C)(C)(C)c1cc(Cl)cc(C#N)c1,0,unknown,patent,85,
CC1=NC2(N=C1N)c1cc(Br)ccc1CCC21CC1,CC1=NC2(N=C1N)c1ccccc1CCC21CC1,0,unknown,patent,90,
CC1=NC2(N=C1N)c1cc(Br)ccc1CCC21CC1,CC1=NC2(N=C1N)c1cc(Br)ccc1CC=C2,1,unknown,patent,50,
CC1=NC2(N=C1N)c1cc(Br)ccc1CCC21CC1,CC1=NC(Cl)N=C1N.Brc1ccc(CCC2CC2)cc1,1,unknown,patent,40,
CC1=NC2(N=C1N)c1cc(Br)ccc1CCC21CC1,NC2(c1cc(Br)ccc1CCC21CC1)C(=N)N.CC(=O)N,1,unknown,patent,70,
CC1=NC2(N=C1N)c1ccccc1CCC21CC1,CC(=N)N.O=C1c2ccccc2CCC12CC2,1,unknown,patent,55,
CC1=NC2(N=C1N)c1ccccc1CCC21CC1,CC1=NC(N)=NC(=O)C1.BrC1c2ccccc2CCC12CC2,1,unknown,patent,40,
CCC/C=C/[C@H]1CC[C@H](C(CO)CO)CC1,CCCC(=O).[C@H]1CC[C@H](C(CO)CO)CC1,0,unknown,patent,90,
[C@H]1CC[C@H](C(CO)CO)CC1,[C@H]1CC[C@H](C(C=O)C=O)CC1,0,unknown,patent,100,
[C@H]1CC[C@H](C(CO)CO)CC1,[C@H]1CC[C@H](CBr)CC1.O=C=O,0,unknown,patent,90,
[C@H]1CC[C@H](C(CO)CO)CC1,[C@H]1CC[C@H](CC(=O)C)CC1.C=O,0,unknown,patent,95,
[C@H]1CC[C@H](C(C=O)C=O)CC1,[C@H]1CC[C@H](Br)CC1.CCOC(=O)CC(=O)OCC,0,unknown,patent,80,
[C@H]1CC[C@H](C(C=O)C=O)CC1,[C@H]1CC[C@H](C(CO)CO)CC1,0,unknown,patent,100,
[C@H]1CC[C@H](C(C=O)C=O)CC1,[C@H]1CC[C@H](Br)CC1.N#CCC#N,0,unknown,patent,90,
[C@H]1CC[C@H](C(C=O)C=O)CC1,[C@H]1CC[C@H](Br)CC1.O=C(O)CC(=O)O,0,unknown,patent,90,
[C@H]1CC[C@H](Br)CC1,C1CCCCC1,0,unknown,patent,90,
[C@H]1CC[C@H](Br)CC1,C1=CCCCC1,0,unknown,patent,90,
[C@H]1CC[C@H](Br)CC1,C1CCC(O)CC1,0,unknown,patent,95,
COCCCc1cc(CN(C(=O)[C@H]2CN(C(=O)OC(C)(C)C)CC[C@@H]2c2ccc(OCCOc3c(Cl)cc(C)cc3Cl)cc2)C2CC2)cc(OCC(C)(C)O)c1,COCCCc1cc(CO)cc(OCC(C)(C)O)c1.N(C2CC2)C2CC2.C(=O)[C@H]1CN(C(=O)OC(C)(C)C)CC[C@@H]1c1ccc(OCCOc2c(Cl)cc(C)cc2Cl)cc1,1,unknown,patent,35,
COCCCc1cc(CN(C(=O)[C@H]2CN(C(=O)OC(C)(C)C)CC[C@@H]2c2ccc(OCCOc3c(Cl)cc(C)cc3Cl)cc2)C2CC2)cc(OCC(C)(C)O)c1,COCCCc1cc(CN(C2CC2)C2CC2)cc(OCC(C)(C)O)c1.C(=O)O[C@H]1CN(C(=O)OC(C)(C)C)CC[C@@H]1c1ccc(OCCOc2c(Cl)cc(C)cc2Cl)cc1,1,unknown,patent,35,
COCCCc1cc(CN(C(=O)[C@H]2CN(C(=O)OC(C)(C)C)CC[C@@H]2c2ccc(OCCOc3c(Cl)cc(C)cc3Cl)cc2)C2CC2)cc(OCC(C)(C)O)c1,COCCCc1cc(CN(C(=O)[C@H]2CN(C(=O)OC(C)(C)C)CC[C@@H]2c2ccc(O)cc2)C2CC2)cc(OCC(C)(C)O)c1.ClCCOc1c(Cl)cc(C)cc1Cl,0,unknown,patent,95,
COCCCc1cc(CN(C(=O)[C@H]2CN(C(=O)OC(C)(C)C)CC[C@@H]2c2ccc(O)cc2)C2CC2)cc(OCC(C)(C)O)c1,COCCCc1cc(CNC2CC2)cc(OCC(C)(C)O)c1.O=C(O)[C@H]1CN(C(=O)OC(C)(C)C)CC[C@@H]1c1ccc(O)cc1,0,unknown,patent,95,
COCCCc1cc(CN(C(=O)[C@H]2CN(C(=O)OC(C)(C)C)CC[C@@H]2c2ccc(O)cc2)C2CC2)cc(OCC(C)(C)O)c1,COCCCc1cc(CN(C(=O)[C@H]2CNCC[C@@H]2c2ccc(O)cc2)C2CC2)cc(OCC(C)(C)O)c1.O=C(OC(C)(C)C)OC(C)(C)C,0,unknown,patent,80,
COCCCc1cc(CN(C(=O)[C@H]2CN(C(=O)OC(C)(C)C)CC[C@@H]2c2ccc(O)cc2)C2CC2)cc(OCC(C)(C)O)c1,COCCCc1cc(CN(C(=O)[C@H]2CN(C(=O)OC(C)(C)C)CC[C@@H]2c2ccc(O)cc2)C2CC2)cc(O)c1.BrCC(C)(C)O,0,unknown,patent,95,
COCCCc1cc(CN(C(=O)[C@H]2CN(C(=O)OC(C)(C)C)CC[C@@H]2c2ccc(O)cc2)C2CC2)cc(OCC(C)(C)O)c1,Cc1cc(CN(C(=O)[C@H]2CN(C(=O)OC(C)(C)C)CC[C@@H]2c2ccc(O)cc2)C2CC2)cc(OCC(C)(C)O)c1.BrCCCOC,0,unknown,patent,95,
O=C(O)[C@H]1CN(C(=O)OC(C)(C)C)CC[C@@H]1c1ccc(O)cc1,O[C@H]1CN(C(=O)OC(C)(C)C)CC[C@@H]1c1ccc(O)cc1,0,unknown,patent,85,
O=C(O)[C@H]1CN(C(=O)OC(C)(C)C)CC[C@@H]1c1ccc(O)cc1,O=C(O)[C@H]1CNCC[C@@H]1c1ccc(O)cc1.O=C(OC(C)(C)C)OC(C)(C)C,0,unknown,patent,80,
O=C(O)[C@H]1CN(C(=O)OC(C)(C)C)CC[C@@H]1c1ccc(O)cc1,O=C(O)[C@H]1CN(C(=O)OC(C)(C)C)CC[C@@H]1Br.c1ccc(O)cc1B(O)O,1,unknown,patent,30,
O=C(O)[C@H]1CN(C(=O)OC(C)(C)C)CC[C@@H]1c1ccc(O)cc1,O=C[C@H]1CN(C(=O)OC(C)(C)C)CC[C@@H]1c1ccc(O)cc1,0,unknown,patent,90,
O=C(O)[C@H]1CN(C(=O)OC(C)(C)C)CC[C@@H]1c1ccc(O)cc1,CC(C)(C)OC(=O)N1CC[C@@H](c2ccc(O)cc2)C[C@H]1C(=O)OC.O,0,unknown,patent,95,
C=CCC1C=C(C)CC(C)CC(OC)C2OC(O)(C(=O)C(=O)N3CCCCC3C(=O)OC(C(C)=CC3CCC(O)C(OC)C3)C(C)C=CC1O)C(C)CC2OC,C=CCC1C=C(C)CC(C)CC(OC)C2OC(O)(C(O)C(O)N3CCCCC3C(=O)OC(C(C)=CC3CCC(O)C(OC)C3)C(C)C=CC1O)C(C)CC2OC,0,unknown,patent,100,
C=CCC1C=C(C)CC(C)CC(OC)C2OC(O)(C(=O)C(=O)N3CCCCC3C(=O)OC(C(C)=CC3CCC(O)C(OC)C3)C(C)C=CC1O)C(C)CC2OC,C=CCC1C=C(C)CC(C)CC(OC)C2OC(O)(C(=O)C(=O)N3CCCCC3C(=O)OC(C(C)=CC3CCC(O)C(OC)C3)C(C)C=CC1O)C(C)CC2O.COC,0,unknown,patent,95,
C=CCC1C=C(C)CC(C)CC(OC)C2OC(O)(C(O)C(O)N3CCCCC3C(=O)OC(C(C)=CC3CCC(O)C(OC)C3)C(C)C=CC1O)C(C)CC2OC,C=CCC1C=C(C)CC(C)CC(O)C2OC(O)(C(O)C(O)N3CCCCC3C(=O)OC(C(C)=CC3CCC(O)C(OC)C3)C(C)C=CC1O)C(C)CC2OC.COI,0,unknown,patent,95,
C=CCC1C=C(C)CC(C)CC(OC)C2OC(O)(C(O)C(O)N3CCCCC3C(=O)OC(C(C)=CC3CCC(O)C(OC)C3)C(C)C=CC1O)C(C)CC2OC,C=CCC1C=C(C)CC(C)CC(OC)C2OC(O)(C(O)C(O)NCCCCC(C(=O)OC(C(C)=CC3CCC(O)C(OC)C3)C(C)C=CC1O))C(C)CC2OC.C1CCC(C(=O)Cl)CC1,1,unknown,patent,15,
C=CCC1C=C(C)CC(C)CC(O)C2OC(O)(C(O)C(O)N3CCCCC3C(=O)OC(C(C)=CC3CCC(O)C(OC)C3)C(C)C=CC1O)C(C)CC2OC,C=CCC1C=C(C)CC(C)CC(=O)C2OC(O)(C(O)C(O)N3CCCCC3C(=O)OC(C(C)=CC3CCC(O)C(OC)C3)C(C)C=CC1O)C(C)CC2OC.[H],0,unknown,patent,95,
C=CCC1C=C(C)CC(C)CC(=O)C2OC(O)(C(O)C(O)N3CCCCC3C(=O)OC(C(C)=CC3CCC(O)C(OC)C3)C(C)C=CC1O)C(C)CC2OC,CCC1C=C(C)CC(C)CC(=O)C2OC(O)(C(O)C(O)N3CCCCC3C(=O)OC(C(C)=CC3CCC(O)C(OC)C3)C(C)C=CC1O)C(C)CC2OC.C=C,0,unknown,patent,95,
C=CCC1C=C(C)CC(C)CC(=O)C2OC(O)(C(O)C(O)N3CCCCC3C(=O)OC(C(C)=CC3CCC(O)C(OC)C3)C(C)C=CC1O)C(C)CC2OC,C=CCC1C=C(C)CC(C)CC(O)C2OC(O)(C(O)C(O)N3CCCCC3C(=O)OC(C(C)=CC3CCC(O)C(OC)C3)C(C)C=CC1O)C(C)CC2OC.O,0,unknown,patent,95,
C=CCC1C=C(C)CC(C)CC(=O)C2OC(O)(C(O)C(O)N3CCCCC3C(=O)OC(C(C)=CC3CCC(O)C(OC)C3)C(C)C=CC1O)C(C)CC2OC,C=CCC1C=C(C)CC(C)CC2OC(O)(C(O)C(O)N3CCCCC3C(=O)OC(C(C)=CC3CCC(O)C(OC)C3)C(C)C=CC1O)C(C)CC2OC.C(=O),1,unknown,patent,45,
CCC1C=C(C)CC(C)CC(=O)C2OC(O)(C(O)C(O)N3CCCCC3C(=O)OC(C(C)=CC3CCC(O)C(OC)C3)C(C)C=CC1O)C(C)CC2OC,CCC1C=C(C)CC(C)CC(=O)C2OC(O)(C(O)C(O)N3CCCCC3C(=O)OC(C(C)=CC3CCC(O)C(OC)C3)C(C)C=CC1O)C(C)CC2O.COC,0,unknown,patent,95,
CCC1C=C(C)CC(C)CC(=O)C2OC(O)(C(O)C(O)N3CCCCC3C(=O)OC(C(C)=CC3CCC(O)C(OC)C3)C(C)C=CC1O)C(C)CC2O,CCC1C=C(C)CC(C)CC(O)C2OC(O)(C(O)C(O)N3CCCCC3C(=O)OC(C(C)=CC3CCC(O)C(OC)C3)C(C)C=CC1O)C(C)CC2O,0,unknown,patent,100,
CCC1C=C(C)CC(C)CC(=O)C2OC(O)(C(O)C(O)N3CCCCC3C(=O)OC(C(C)=CC3CCC(O)C(OC)C3)C(C)C=CC1O)C(C)CC2O,CCC1C=C(C)CC(C)CC(=O)C2OC(O)(C(O)C(O)N3CCCCC3C(=O)OC(C(C)=CC3CCC(O)C(O)C3)C(C)C=CC1O)C(C)CC2O,0,unknown,patent,90,
CCC1C=C(C)CC(C)CC(=O)C2OC(O)(C(O)C(O)N3CCCCC3C(=O)OC(C(C)=CC3CCC(O)C(OC)C3)C(C)C=CC1O)C(C)CC2O,CCC1C=C(C)CC(C)CC(=O)C2OC(O)(C(O)C(=O)N3CCCCC3C(=O)OC(C(C)=CC3CCC(O)C(OC)C3)C(C)C=CC1O)C(C)CC2O,0,unknown,patent,100,
CCC1C=C(C)CC(C)CC(O)C2OC(O)(C(O)C(O)N3CCCCC3C(=O)OC(C(C)=CC3CCC(O)C(OC)C3)C(C)C=CC1O)C(C)CC2O,CCC1C=C(C)CC(C)CC(O)C2OC(O)(C(O)C(O)N3CCCCC3C(=O)OC(C(C)=CC3CCC(O)C(OC)C3)C(C)C=CC1O)C(C)CC2=O.O,0,unknown,patent,95,
CCC1C=C(C)CC(C)CC(O)C2OC(O)(C(O)C(O)N3CCCCC3C(=O)OC(C(C)=CC3CCC(O)C(OC)C3)C(C)C=CC1O)C(C)CC2=O,CCC1C=C(C)CC(C)CC(O)C2OC(O)(C(O)C(O)N3CCCCC3C(=O)OC(C(C)=CC3CCC(O)C(OC)C3)C(C)C=CC1=O)C(C)CC2=O.O,0,unknown,patent,95,
CCC1C=C(C)CC(C)CC(O)C2OC(O)(C(O)C(O)N3CCCCC3C(=O)OC(C(C)=CC3CCC(O)C(OC)C3)C(C)C=CC1=O)C(C)CC2=O,CCC1C=C(C)CC(C)CC(=O)C2OC(O)(C(O)C(O)N3CCCCC3C(=O)OC(C(C)=CC3CCC(O)C(OC)C3)C(C)C=CC1=O)C(C)CC2=O,0,unknown,patent,100,
CCC1C=C(C)CC(C)CC(O)C2OC(O)(C(O)C(O)N3CCCCC3C(=O)OC(C(C)=CC3CCC(O)C(OC)C3)C(C)C=CC1=O)C(C)CC2=O,CCC1C=C(C)CC(C)CC(O)C2OC(O)(C(=O)C(O)N3CCCCC3C(=O)OC(C(C)=CC3CCC(O)C(OC)C3)C(C)C=CC1=O)C(C)CC2=O,0,unknown,patent,100,
CCC1C=C(C)CC(C)CC(O)C2OC(O)(C(O)C(O)N3CCCCC3C(=O)OC(C(C)=CC3CCC(O)C(OC)C3)C(C)C=CC1=O)C(C)CC2=O,CCC1C=C(C)CC(C)CC(O)C2OC(O)(C(O)C(O)N3CCCCC3C(=O)OC(C(C)=CC3CCC(=O)C(OC)C3)C(C)C=CC1=O)C(C)CC2=O,0,unknown,patent,100,
CCC1C=C(C)CC(C)CC(=O)C2OC(O)(C(O)C(O)N3CCCCC3C(=O)OC(C(C)=CC3CCC(O)C(OC)C3)C(C)C=CC1=O)C(C)CC2=O,CCC1C=C(C)CC(C)CC(O)C2OC(O)(C(O)C(O)N3CCCCC3C(=O)OC(C(C)=CC3CCC(O)C(OC)C3)C(C)C=CC1=O)C(C)CC2=O,0,unknown,patent,100,
CCC1C=C(C)CC(C)CC(=O)C2OC(O)(C(O)C(O)N3CCCCC3C(=O)OC(C(C)=CC3CCC(O)C(OC)C3)C(C)C=CC1=O)C(C)CC2=O,CCC1C=C(C)CC(C)CC(=O)C2OC(O)(C(O)C(O)N3CCCCC3C(=O)OC(C(C)=CC3CCC(O)C(OC)C3)C(C)C=CC1=O)C(C)CC2O,0,unknown,patent,100,
CC(=O)NC[C@H]1CC[C@@H](C(=O)Nc2cccc(OC(F)(F)F)c2)N1,NC[C@H]1CC[C@@H](C(=O)Nc2cccc(OC(F)(F)F)c2)N1.CC(=O)Cl,0,unknown,patent,95,
CC(=O)NC[C@H]1CC[C@@H](C(=O)Nc2cccc(OC(F)(F)F)c2)N1,CC(=O)NC[C@H]1CC[C@@H](C(=O)Cl)N1.Nc2cccc(OC(F)(F)F)c2,0,unknown,patent,95,
CC(C)CCN[C@@H]1CCc2cc(O)c(N3CC(=O)NS3(=O)=O)c(F)c2C1,CC(C)CCBr.N[C@@H]1CCc2cc(O)c(N3CC(=O)NS3(=O)=O)c(F)c2C1,0,unknown,patent,95,
CC(C)CCN[C@@H]1CCc2cc(O)c(N3CC(=O)NS3(=O)=O)c(F)c2C1,CC(C)CCN.O=C1CCc2cc(O)c(N3CC(=O)NS3(=O)=O)c(F)c2C1,0,unknown,patent,95,
N[C@@H]1CCc2cc(O)c(N3CC(=O)NS3(=O)=O)c(F)c2C1,N[C@@H]1CCc2cc(O)c(N)c(F)c2C1.O=S1(=O)NCC(=O)N1,0,unknown,patent,95,
N[C@@H]1CCc2cc(O)c(N3CC(=O)NS3(=O)=O)c(F)c2C1,O=C1CCc2cc(O)c(N3CC(=O)NS3(=O)=O)c(F)c2C1.N,0,unknown,patent,95,
N[C@@H]1CCc2cc(O)c(N3CC(=O)NS3(=O)=O)c(F)c2C1,Br[C@@H]1CCc2cc(O)c(N3CC(=O)NS3(=O)=O)c(F)c2C1.N,0,unknown,patent,95,
N[C@@H]1CCc2cc(O)c(N)c(F)c2C1,NCCc1cc(O)c(N)c(F)c1.C=O,1,unknown,patent,35,
N[C@@H]1CCc2cc(O)c(N)c(F)c2C1,O=C1CCc2cc(O)c(N)c(F)c2C1,0,unknown,patent,95,
N[C@@H]1CCc2cc(O)c(N)c(F)c2C1,O=CNCCc1cc(O)c(N)c(F)c1,1,unknown,patent,40,
N[C@@H]1CCc2cc(O)c(N)c(F)c2C1,N[C@@H]1CCc2ccc(F)cc2C1.O.[NH3],1,unknown,patent,30,
N[C@@H]1CCc2cc(O)c(N)c(F)c2C1,NCCc1cc(O)c(N)c(F)c1.C(=O)O,1,unknown,patent,35,
O=C1CCc2cc(O)c(N)c(F)c2C1,OC1CCc2cc(O)c(N)c(F)c2C1,0,unknown,patent,100,
O=C1CCc2cc(O)c(N)c(F)c2C1,O=C(Cl)CCCc1cc(O)c(N)c(F)c1,1,unknown,patent,45,
O=C1CCc2cc(O)c(N)c(F)c2C1,O=C(O)CCCc1cc(O)c(N)c(F)c1,1,unknown,patent,45,
OC1CCc2cc(O)c(N)c(F)c2C1,O=C1CCc2cc(O)c(N)c(F)c2C1,0,unknown,patent,100,
OC1CCc2cc(O)c(N)c(F)c2C1,OC1CCc2cc(O)c(N)c(Cl)c2C1,0,unknown,patent,95,
OC1CCc2cc(O)c(N)c(F)c2C1,OC1CCc2cc(O)c(N)cc2C1,0,unknown,patent,90,
Cc1ncsc1-c1ccc([C@@H](CO)NC(=O)[C@H]2C[C@H](O)CN2C(=O)[C@@H](C(C)C)n2cc(OCCCCN3CCCN(c4nccc(-c5noc([C@@]6(C)CCCc7sc(N)c(C#N)c76)n5)n4)[C@@H](C)C3)nn2)cc1,Cc1ncsc1-c1ccc([C@@H](CO)N)cc1.O=C([C@H]1C[C@H](O)CN1C(=O)[C@@H](C(C)C)n1cc(OCCCCN2CCCN(c3nccc(-c4noc([C@@]5(C)CCCc6sc(N)c(C#N)c65)n4)n3)[C@@H](C)C2)nn1)O,0,unknown,patent,95,
Cc1ncsc1-c1ccc([C@@H](CO)NC(=O)[C@H]2C[C@H](O)CN2C(=O)[C@@H](C(C)C)n2cc(OCCCCN3CCCN(c4nccc(-c5noc([C@@]6(C)CCCc7sc(N)c(C#N)c76)n5)n4)[C@@H](C)C3)nn2)cc1,Cc1ncsc1-c1ccc([C@@H](CO)NC(=O)[C@H]2C[C@H](O)CN2)cc1.O=C([C@@H](C(C)C)n1cc(OCCCCN2CCCN(c3nccc(-c4noc([C@@]5(C)CCCc6sc(N)c(C#N)c65)n4)n3)[C@@H](C)C2)nn1)O,0,unknown,patent,95,
Cc1ncsc1-c1ccc([C@@H](CO)NC(=O)[C@H]2C[C@H](O)CN2C(=O)[C@@H](C(C)C)n2cc(OCCCCN3CCCN(c4nccc(-c5noc([C@@]6(C)CCCc7sc(N)c(C#N)c76)n5)n4)[C@@H](C)C3)nn2)cc1,Cc1ncsc1-c1ccc([C@@H](CO)NC(=O)[C@H]2C[C@H](O)CN2C(=O)[C@@H](C(C)C)n2cc(O)nn2)cc1.BrCCCCN1CCCN(c2nccc(-c3noc([C@@]4(C)CCCc5sc(N)c(C#N)c54)n3)n2)[C@@H](C)C1,0,unknown,patent,95,
Cc1ncsc1-c1ccc([C@@H](CO)NC(=O)[C@H]2C[C@H](O)CN2C(=O)[C@@H](C(C)C)n2cc(OCCCCN3CCCN(c4nccc(-c5noc([C@@]6(C)CCCc7sc(N)c(C#N)c76)n5)n4)[C@@H](C)C3)nn2)cc1,Cc1ncsc1-c1ccc([C@@H](CO)NC(=O)[C@H]2C[C@H](O)CN2C(=O)[C@@H](C(C)C)n2cc(OCCCCN3CCCN(c4nccc(-c5noc(C(=O)O)n5)n4)[C@@H](C)C3)nn2)cc1.N=C(O)c1sc2c(c1C#N)CCCC2(C),0,unknown,patent,85,
Cc1ncsc1-c1ccc([C@@H](CO)NC(=O)[C@H]2C[C@H](O)CN2C(=O)[C@@H](C(C)C)n2cc(OCCCCN3CCCN(c4nccc(-c5noc([C@@]6(C)CCCc7sc(N)c(C#N)c76)n5)n4)[C@@H](C)C3)nn2)cc1,Cc1ncsc1-c1ccc([C@@H](CO)NC(=O)[C@H]2C[C@H](O)CN2C(=O)[C@@H](C(C)C)n2cc(OCCCCN3CCN([C@@H](C)C)CC3)nn2)cc1.Clc1nccc(-c2noc([C@@]3(C)CCCc4sc(N)c(C#N)c43)n2)n1,1,unknown,patent,45,
O=C([C@H]1C[C@H](O)CN1C(=O)[C@@H](C(C)C)n1cc(OCCCCN2CCCN(c3nccc(-c4noc([C@@]5(C)CCCc6sc(N)c(C#N)c65)n4)n3)[C@@H](C)C2)nn1)O,O=C(O)[C@@H](C(C)C)n1cc(OCCCCN2CCCN(c3nccc(-c4noc([C@@]5(C)CCCc6sc(N)c(C#N)c65)n4)n3)[C@@H](C)C2)nn1.N[C@H]1C[C@H](O)C(=O)N1,0,unknown,patent,90,
O=C([C@H]1C[C@H](O)CN1C(=O)[C@@H](C(C)C)n1cc(OCCCCN2CCCN(c3nccc(-c4noc([C@@]5(C)CCCc6sc(N)c(C#N)c65)n4)n3)[C@@H](C)C2)nn1)O,O=C([C@H]1C[C@H](O)CN1C(=O)[C@@H](C(C)C)n1cc(O)nn1)O.ClCCCCN1CCCN(c2nccc(-c3noc([C@@]4(C)CCCc5sc(N)c(C#N)c54)n3)n2)[C@@H](C)C1,0,unknown,patent,95,
O=C([C@H]1C[C@H](O)CN1C(=O)[C@@H](C(C)C)n1cc(OCCCCN2CCCN(c3nccc(-c4noc([C@@]5(C)CCCc6sc(N)c(C#N)c65)n4)n3)[C@@H](C)C2)nn1)O,O=C([C@H]1C[C@H](O)CN1C(=O)[C@@H](C(C)C)n1cc(OCCCCN2CCCNC2)nn1)O.Clc1nccc(-c2noc([C@@]3(C)CCCc4sc(N)c(C#N)c43)n2)n1.[C@@H](C)N,1,unknown,patent,45,
O=C(O)[C@@H](C(C)C)n1cc(OCCCCN2CCCN(c3nccc(-c4noc([C@@]5(C)CCCc6sc(N)c(C#N)c65)n4)n3)[C@@H](C)C2)nn1,O=C(O)[C@@H](C(C)C)n1cc(O)nn1.BrCCCCN1CCCN(c2nccc(-c3noc([C@@]4(C)CCCc5sc(N)c(C#N)c54)n3)n2)[C@@H](C)C1,0,unknown,patent,95,
O=C(O)[C@@H](C(C)C)n1cc(OCCCCN2CCCN(c3nccc(-c4noc([C@@]5(C)CCCc6sc(N)c(C#N)c65)n4)n3)[C@@H](C)C2)nn1,O=C(O)[C@@H](C(C)C)n1cc(OCCCCN2CCC[NH]C2)nn1.Clc1nccc(-c2noc([C@@]3(C)CCCc4sc(N)c(C#N)c43)n2)n1,1,unknown,patent,30,
O=C(O)[C@@H](C(C)C)n1cc(O)nn1,NNC(C(=O)O)C(C)C.O=Cn1cc(O)nn1,0,unknown,patent,90,
O=C(O)[C@@H](C(C)C)n1cc(O)nn1,O=Cc1nncn1O.NC(C(=O)O)C(C)C,0,unknown,patent,95,
BrCCCCN1CCCN(c2nccc(-c3noc([C@@]4(C)CCCc5sc(N)c(C#N)c54)n3)n2)[C@@H](C)C1,BrCCCCN1CCC[C@@H](C)CN1.Clc1nccc(-c2noc([C@@]3(C)CCCc4sc(N)c(C#N)c43)n2)n1,0,unknown,patent,95,
BrCCCCN1CCCN(c2nccc(-c3noc([C@@]4(C)CCCc5sc(N)c(C#N)c54)n3)n2)[C@@H](C)C1,c1nccc(-c2nnc([C@@]3(C)CCCc4sc(N)c(C#N)c43)o2)n1.BrCCCCN1CCC[C@@H](C)CN1,1,unknown,patent,35,
BrCCCCN1CCC[C@@H](C)CN1,BrCCCCN1CCC[C@@H](C)CO1,0,unknown,patent,95,
BrCCCCN1CCC[C@@H](C)CO1,[C@@H](C)1CCCNO1.BrCCCCBr,1,unknown,patent,40,
BrCCCCN1CCC[C@@H](C)CO1,ClCCCCN1CCC[C@@H](C)CO1,0,unknown,patent,95,
[C@@H](C)1CCCNO1,C[NH]CCCO.ClCCO,1,unknown,patent,70,
[C@@H](C)1CCCNO1,C[NH]CCCO.C1CO1,1,unknown,patent,45,
[C@@H](C)1CCCNO1,CNCCCO.O=CCO.[H],1,unknown,patent,65,
[C@@H](C)1CCCNO1,C[C@@H](N)CCCO.O=CCO,1,unknown,patent,65,
Clc1nccc(-c2noc([C@@]3(C)CCCc4sc(N)c(C#N)c43)n2)n1,Clc1nccc(C(=O)Cl)n1.NC(=NO)[C@@]3(C)CCCc4sc(N)c(C#N)c43,1,unknown,patent,5,
Clc1nccc(-c2noc([C@@]3(C)CCCc4sc(N)c(C#N)c43)n2)n1,Clc1ncccn1.Bc1noc([C@@]2(C)CCCc3sc(N)c(C#N)c32)n1,1,unknown,patent,35,
Clc1nccc(-c2noc([C@@]3(C)CCCc4sc(N)c(C#N)c43)n2)n1,Clc1ncccn1.Nc1noc([C@@]2(C)CCCc3sc(N)c(C#N)c32)n1,1,unknown,patent,35,
Clc1nccc(-c2noc([C@@]3(C)CCCc4sc(N)c(C#N)c43)n2)n1,Clc1nccc(B(O)O)n1.N#Cc1c(N)sc2c1[C@@](C)(c1noc(C(=O)O)n1)CCC2,0,unknown,patent,80,
N#Cc1c(N)sc2c1[C@@](C)(c1noc(C(=O)O)n1)CCC2,N#Cc1c(N)sc2c1C(C)CCC2.BrCc1noc(C(=O)O)n1,0,unknown,patent,95,
N#Cc1c(N)sc2c1[C@@](C)(c1noc(C(=O)O)n1)CCC2,NC(=O)c1c(N)sc2c1[C@@](C)(c1noc(C(=O)O)n1)CCC2,0,unknown,patent,95,
N#Cc1c(N)sc2c1[C@@](C)(c1noc(C(=O)O)n1)CCC2,N#Cc1c(N)sc2c1[C@@](C)(Br)CCC2.c1noc(C(=O)O)n1,0,unknown,patent,95,
N#Cc1c(N)sc2c1C(C)CCC2,Nc1c(N)sc2c1C(C)CCC2,1,unknown,patent,30,
N#Cc1c(N)sc2c1C(C)CCC2,Brc1c(N)sc2c1C(C)CCC2,0,unknown,patent,90,
N#Cc1c(N)sc2c1C(C)CCC2,NC(=O)c1c(N)sc2c1C(C)CCC2,0,unknown,patent,95,
N#Cc1c(N)sc2c1C(C)CCC2,Clc1c(N)sc2c1C(C)CCC2,0,unknown,patent,90,
Brc1c(N)sc2c1C(C)CCC2,Nc1sc2c(c1)C(C)CCC2,0,unknown,patent,90,
Brc1c(N)sc2c1C(C)CCC2,Brc1csc2c1C(C)CCC2,0,unknown,patent,90,
Nc1sc2c(c1)C(C)CCC2,Brc1sc2c(c1)C(C)CCC2.N,0,unknown,patent,95,
Nc1sc2c(c1)C(C)CCC2,Clc1sc2c(c1)C(C)CCC2.N,0,unknown,patent,95,
Nc1sc2c(c1)C(C)CCC2,CC1CCCc2c1sc(C#N)c2.S,0,unknown,patent,95,
Brc1sc2c(c1)C(C)CCC2,c1sc2c(c1)C(C)CCC2,0,unknown,patent,90,
Brc1sc2c(c1)C(C)CCC2,Brc1sc2ccccc2c1.CC(C)C(=O)Cl,1,unknown,patent,45,
Brc1sc2c(c1)C(C)CCC2,Brc1sc2ccccc2c1.CC(C)CCCl,1,unknown,patent,40,
Brc1sc2c(c1)C(C)CCC2,Brc1ccc2c(c1)C(C)CCC2.S,1,unknown,patent,40,
Cc1ncn(CC(=O)N2CCN(c3sc(C(F)(F)F)nc3-c3cnc(C(F)(F)F)nc3)C[C@H]2CCO)n1,Cc1ncn(CC(=O)Cl)n1.N1CCN(c2sc(C(F)(F)F)nc2-c2cnc(C(F)(F)F)nc2)C[C@H]1CCO,0,unknown,patent,95,
Cc1ncn(CC(=O)N2CCN(c3sc(C(F)(F)F)nc3-c3cnc(C(F)(F)F)nc3)C[C@H]2CCO)n1,Cc1ncn(CC(=O)N2CC[NH]C[C@H]2CCO)n1.Clc1sc(C(F)(F)F)nc1-c1cnc(C(F)(F)F)nc1,0,unknown,patent,95,
Cc1ncn(CC(=O)N2CCN(c3sc(C(F)(F)F)nc3-c3cnc(C(F)(F)F)nc3)C[C@H]2CCO)n1,Cc1ncn(CC(=O)N2CCN(c3sc(C(F)(F)F)nc3Br)C[C@H]2CCO)n1.B(O)(O)c1cnc(C(F)(F)F)nc1,0,unknown,patent,90,
Cc1ncn(CC(=O)N2CCN(c3sc(C(F)(F)F)nc3-c3cnc(C(F)(F)F)nc3)C[C@H]2CCO)n1,Cc1nc[nH]n1.ClCC(=O)N1CCN(c2sc(C(F)(F)F)nc2-c2cnc(C(F)(F)F)nc2)C[C@H]1CCO,0,unknown,patent,95,
N1CCN(c2sc(C(F)(F)F)nc2-c2cnc(C(F)(F)F)nc2)C[C@H]1CCO,Clc1sc(C(F)(F)F)nc1-c1cnc(C(F)(F)F)nc1.N1CCNC[C@H]1CCO,0,unknown,patent,95,
N1CCN(c2sc(C(F)(F)F)nc2-c2cnc(C(F)(F)F)nc2)C[C@H]1CCO,OB(O)c1cnc(C(F)(F)F)nc1.N1CCN(c2sc(C(F)(F)F)nc2Br)C[C@H]1CCO,0,unknown,patent,90,
N1CCN(c2sc(C(F)(F)F)nc2-c2cnc(C(F)(F)F)nc2)C[C@H]1CCO,[Sn](C)(C)(C)c1cnc(C(F)(F)F)nc1.N1CCN(c2sc(C(F)(F)F)nc2I)C[C@H]1CCO,0,unknown,patent,85,
N1CCN(c2sc(C(F)(F)F)nc2-c2cnc(C(F)(F)F)nc2)C[C@H]1CCO,Brc1sc(C(F)(F)F)nc1-c1cnc(C(F)(F)F)nc1.N1CCNC[C@H]1CCO,0,unknown,patent,95,
COc1ccc(CO[C@H]2CC[C@@]3(C)C(=CC[C@H]4[C@@H]5CC[C@H](C(C)=O)[C@@]5(C)CC[C@@H]43)C2)cc1,COc1ccc(CBr)cc1.O[C@H]1CC[C@@]2(C)C(=CC[C@H]3[C@@H]4CC[C@H](C(C)=O)[C@@]4(C)CC[C@@H]32)C1,0,unknown,patent,95,
COc1ccc(CO[C@H]2CC[C@@]3(C)C(=CC[C@H]4[C@@H]5CC[C@H](C(C)=O)[C@@]5(C)CC[C@@H]43)C2)cc1,COc1ccc(CO)cc1.O[C@H]1CC[C@@]2(C)C(=CC[C@H]3[C@@H]4CC[C@H](C(C)=O)[C@@]4(C)CC[C@@H]32)C1,1,unknown,patent,35,
COc1ccc(CO[C@H]2CC[C@@]3(C)C(=CC[C@H]4[C@@H]5CC[C@H](C(C)=O)[C@@]5(C)CC[C@@H]43)C2)cc1,COc1ccc(CO[C@H]1CC[C@@]2(C)C(=CC[C@H]3[C@@H]4CC[C@H](C(C)O)[C@@]4(C)CC[C@@H]32)C1)cc1,1,unknown,patent,10,
COc1ccc(CO[C@H]2CC[C@@]3(C)C(=CC[C@H]4[C@@H]5CC[C@H](C(C)=O)[C@@]5(C)CC[C@@H]43)C2)cc1,COc1ccc(CCl)cc1.O[C@H]1CC[C@@]2(C)C(=CC[C@H]3[C@@H]4CC[C@H](C(C)=O)[C@@]4(C)CC[C@@H]32)C1,0,unknown,patent,95,
O[C@H]1CC[C@@]2(C)C(=CC[C@H]3[C@@H]4CC[C@H](C(C)=O)[C@@]4(C)CC[C@@H]32)C1,O[C@H]1CC[C@@]2(C)C(=CC[C@H]3[C@@H]4CC[C@H](O)[C@@]4(C)CC[C@@H]32)C1.CC(=O)Cl,0,unknown,patent,95,
O[C@H]1CC[C@@]2(C)C(=CC[C@H]3[C@@H]4CC[C@H](C(C)=O)[C@@]4(C)CC[C@@H]32)C1,O=C1CC[C@@]2(C)C(=CC[C@H]3[C@@H]4CC[C@H](C(C)=O)[C@@]4(C)CC[C@@H]32)C1,0,unknown,patent,100,
O[C@H]1CC[C@@]2(C)C(=CC[C@H]3[C@@H]4CC[C@H](C(C)=O)[C@@]4(C)CC[C@@H]32)C1,C=C1CC[C@@]2(C)C(=CC[C@H]3[C@@H]4CC[C@H](C(C)=O)[C@@]4(C)CC[C@@H]32)C1,0,unknown,patent,95,
O[C@H]1CC[C@@]2(C)C(=CC[C@H]3[C@@H]4CC[C@H](O)[C@@]4(C)CC[C@@H]32)C1,O=C1CC[C@@]2(C)C(=CC[C@H]3[C@@H]4CC[C@H](O)[C@@]4(C)CC[C@@H]32)C1,0,unknown,patent,100,
O=C1CC[C@@]2(C)C(=CC[C@H]3[C@@H]4CC[C@H](O)[C@@]4(C)CC[C@@H]32)C1,O=C1CC[C@@]2(C)C(=CC[C@H]3[C@@H]4CCC(=O)[C@@]4(C)CC[C@@H]32)C1,0,unknown,patent,100,
O=C1CC[C@@]2(C)C(=CC[C@H]3[C@@H]4CC[C@H](O)[C@@]4(C)CC[C@@H]32)C1,O[C@H]1CC[C@@]2(C)C(=CC[C@H]3[C@@H]4CC[C@H](O)[C@@]4(C)CC[C@@H]32)C1,0,unknown,patent,100,
O=C1CC[C@@]2(C)C(=CC[C@H]3[C@@H]4CC[C@H](O)[C@@]4(C)CC[C@@H]32)C1,O=C1CC[C@@]2(C)C(=CC[C@H]3[C@@H]4CC=C[C@@]4(C)CC[C@@H]32)C1,0,unknown,patent,90,
O=C1CC[C@@]2(C)C(=CC[C@H]3[C@@H]4CC[C@H](O)[C@@]4(C)CC[C@@H]32)C1,O=C1CC[C@@]2(C)C(=CC[C@H]3[C@@H]4CC[C@@H]5O[C@]5([C@@]4(C)CC[C@@H]32)C)C1,1,unknown,patent,40,
O=C1CC[C@@]2(C)C(=CC[C@H]3[C@@H]4CCC(=O)[C@@]4(C)CC[C@@H]32)C1,O[C@H]1CC[C@@]2(C)C(=CC[C@H]3[C@@H]4CC[C@H](O)[C@@]4(C)CC[C@@H]32)C1,0,unknown,patent,100,
O=C1CC[C@@]2(C)C(=CC[C@H]3[C@@H]4CCC(=O)[C@@]4(C)CC[C@@H]32)C1,O=C1CC[C@@]2(C)C3CC[C@H]4[C@@H]5CCC(=O)[C@@]5(C)CC[C@@H]4[C@@H]3CC2C1,1,unknown,patent,35,
O=C1CC[C@@]2(C)C(=CC[C@H]3[C@@H]4CCC(=O)[C@@]4(C)CC[C@@H]32)C1,O=C1CC[C@@]2(C)C(=CC[C@H]3[C@@H]4CC=C[C@@]4(C)CC[C@@H]32)C1,0,unknown,patent,90,
O=C1CC[C@@]2(C)C(=CC[C@H]3[C@@H]4CCC(=O)[C@@]4(C)CC[C@@H]32)C1,O=C1CC[C@@]2(C)C(=CC[C@H]3[C@@H]4CCC(O)[C@@]4(C)CC[C@@H]32)C1,0,unknown,patent,100,
COc1cc(OC2C(C)(C)C(NC(=O)c3ccc(N4CCC(CN5CCN(c6ccc(C(=O)N[C@H]7CCC(=O)NC7=O)c(F)c6)CC5)CC4)cc3)C2(C)C)ccc1C#N,COc1cc(O)ccc1C#N.ClC(=O)c1ccc(N2CCC(CN3CCN(c4ccc(C(=O)N[C@H]5CCC(=O)NC5=O)c(F)c4)CC3)CC2)cc1.NC1C(C)(C)C(C)(C)C1,0,unknown,patent,90,
COc1cc(OC2C(C)(C)C(NC(=O)c3ccc(N4CCC(CN5CCN(c6ccc(C(=O)N[C@H]7CCC(=O)NC7=O)c(F)c6)CC5)CC4)cc3)C2(C)C)ccc1C#N,COc1cc(OC2C(C)(C)C(N)C2(C)C)ccc1C#N.O=C(O)c1ccc(N2CCC(CN3CCN(c4ccc(C(=O)N[C@H]5CCC(=O)NC5=O)c(F)c4)CC3)CC2)cc1,0,unknown,patent,95,
COc1cc(OC2C(C)(C)C(NC(=O)c3ccc(N4CCC(CN5CCN(c6ccc(C(=O)N[C@H]7CCC(=O)NC7=O)c(F)c6)CC5)CC4)cc3)C2(C)C)ccc1C#N,COc1cc(OC2C(C)(C)C(NC(=O)c3ccc(N4CCC(CN5CCN(c6ccc(C(=O)NCCCC(=O)O)c(F)c6)CC5)CC4)cc3)C2(C)C)ccc1C#N.N[C@H]1CCC(=O)NC1=O,0,unknown,patent,80,
COc1cc(OC2C(C)(C)C(NC(=O)c3ccc(N4CCC(CN5CCN(c6ccc(C(=O)N[C@H]7CCC(=O)NC7=O)c(F)c6)CC5)CC4)cc3)C2(C)C)ccc1C#N,COc1cc(OC2C(C)(C)C(NC(=O)c3ccc(N4CCC(CN5CCN(c6ccc(C(=O)Cl)c(F)c6)CC5)CC4)cc3)C2(C)C)ccc1C#N.N[C@H]1CCC(=O)NC1=O,0,unknown,patent,95,
COc1cc(OC2C(C)(C)C(NC(=O)c3ccc(N4CCC(CN5CCN(c6ccc(C(=O)N[C@H]7CCC(=O)NC7=O)c(F)c6)CC5)CC4)cc3)C2(C)C)ccc1C#N,COc1cc(OC2C(C)(C)C(NC(=O)c3ccc(N4CCC(Cl)CC4)cc3)C2(C)C)ccc1C#N.N1CCN(c2ccc(C(=O)N[C@H]3CCC(=O)NC3=O)c(F)c2)CC1,0,unknown,patent,90,
NC1C(C)(C)C(C)(C)C1,ClC1C(C)(C)C(C)(C)C1.N,0,unknown,patent,95,
NC1C(C)(C)C(C)(C)C1,NCC1C(C)(C)C(C)(C)C1,0,unknown,patent,95,
NC1C(C)(C)C(C)(C)C1,NC(=O)C1C(C)(C)C(C)(C)C1,0,unknown,patent,95,
NC1C(C)(C)C(C)(C)C1,BrC1C(C)(C)C(C)(C)C1.N,0,unknown,patent,95,
ClC1C(C)(C)C(C)(C)C1,CC1(C)C(C)(C)C1,1,unknown,patent,35,
ClC1C(C)(C)C(C)(C)C1,OC1C(C)(C)C(C)(C)C1,0,unknown,patent,95,
ClC1C(C)(C)C(C)(C)C1,ClCC(C)(C)C(C)(C)CCl,1,unknown,patent,70,
ClC1C(C)(C)C(C)(C)C1,CC(C)=CC(C)(C)Cl.C=C(C)C(C)=C,1,unknown,patent,50,
OC1C(C)(C)C(C)(C)C1,O=C1C(C)(C)C(C)(C)C1,0,unknown,patent,100,
OC1C(C)(C)C(C)(C)C1,C=C(C)C.C=C(C)C,1,unknown,patent,55,
OC1C(C)(C)C(C)(C)C1,BrC(O)C(C)(C)C(C)(C)CBr,1,unknown,patent,65,
OC1C(C)(C)C(C)(C)C1,IC(O)C(C)(C)C(C)(C)CI,1,unknown,patent,65,
O=C1C(C)(C)C(C)(C)C1,OC1C(C)(C)C(C)(C)C1,0,unknown,patent,100,
O=C1C(C)(C)C(C)(C)C1,CC(=O)C.C=C(C)C(C)=C,1,unknown,patent,65,
O=C1C(C)(C)C(C)(C)C1,ClC(=O)C(C)(C)C(C)(C)Cl,1,unknown,patent,65,
O=C1C(C)(C)C(C)(C)C1,BrC(C)(C)C(C)(C)C(=O)Br,1,unknown,patent,65,
COC[C@H](C(=O)Nc1cccc2c(-c3nc(Nc4cccc(S(C)(=O)=O)c4F)ncc3F)c[nH]c12)N1CCN(C)CC1,COC[C@H](C(=O)Nc1cccc2c(-c3nc(N)ncc3F)c[nH]c12)N1CCN(C)CC1.CS(=O)(=O)c1cccc(F)c1Cl,0,unknown,patent,95,
C=CC(=O)N1CCN2Cc3cc(C#CC)c(-c4c(O)cccc4Cl)c(F)c3OC[C@H]2C1,C=CC(=O)N1CCN2Cc3cc(I)c(-c4c(O)cccc4Cl)c(F)c3OC[C@H]2C1.C#CC,0,unknown,patent,95,
C=CC(=O)N1CCN2Cc3cc(C#CC)c(-c4c(O)cccc4Cl)c(F)c3OC[C@H]2C1,C=CC(=O)N1CCN(Cc2cc(C#CC)c(-c3c(O)cccc3Cl)c(F)c2O)CC1,1,unknown,patent,60,
C=CC(=O)N1CCN2Cc3cc(I)c(-c4c(O)cccc4Cl)c(F)c3OC[C@H]2C1,C=CC(=O)N1CCN2Cc3cc(I)c(B(O)O)c(F)c3OC[C@H]2C1.Brc1c(O)cccc1Cl,0,unknown,patent,90,
C=CC(=O)N1CCN2Cc3cc(I)c(-c4c(O)cccc4Cl)c(F)c3OC[C@H]2C1,C=CC(=O)N1CCN2Cc3cc(I)c([Sn](C)(C)C)c(F)c3OC[C@H]2C1.Brc1c(O)cccc1Cl,0,unknown,patent,85,
CCC(=O)N[C@@H]1CCCc2c(-c3ccc4c(c3)CCC(=O)N4C)cncc21,CCC(=O)Cl.N[C@@H]1CCCc2c(-c3ccc4c(c3)CCC(=O)N4C)cncc21,0,unknown,patent,95,
CCC(=O)N[C@@H]1CCCc2c(-c3ccc4c(c3)CCC(=O)N4C)cncc21,CCC(=O)N[C@@H]1CCCc2c(Br)cncc21.B(O)(O)c1ccc2c(c1)CCC(=O)N2C,0,unknown,patent,90,
CCC(=O)N[C@@H]1CCCc2c(-c3ccc4c(c3)CCC(=O)N4C)cncc21,CCC(=O)N[C@@H]1CCCc2c(I)cncc21.B(O)(O)c1ccc2c(c1)CCC(=O)N2C,0,unknown,patent,90,
CCC(=O)N[C@@H]1CCCc2c(-c3ccc4c(c3)CCC(=O)N4C)cncc21,CCC(=O)N[C@@H]1CCCc2c(-c3ccc4c(c3)CCCO4)cncc21.CN,0,unknown,patent,95,
N[C@@H]1CCCc2c(-c3ccc4c(c3)CCC(=O)N4C)cncc21,N[C@@H]1CCCc2c([Sn](C)(C)C)cncc21.Brc1ccc2c(c1)CCC(=O)N2C,0,unknown,patent,85,
N[C@@H]1CCCc2c(-c3ccc4c(c3)CCC(=O)N4C)cncc21,c1ccc2cncc(-c3ccc4c(c3)CCC(=O)N4C)c2c1,1,unknown,patent,50,
N[C@@H]1CCCc2c(-c3ccc4c(c3)CCC(=O)N4C)cncc21,[C@@H]1CCCc2c(-c3ccc4c(c3)CCC(=O)N4C)cncc21,0,unknown,patent,90,
CC[C@](C)(N)CNC(=O)c1c(C)nc2c(OCc3c(F)cccc3F)cc(C)cn12,CC[C@](C)(N)CN.O=C(O)c1c(C)nc2c(OCc3c(F)cccc3F)cc(C)cn12,0,unknown,patent,95,
CC[C@](C)(N)CNC(=O)c1c(C)nc2c(OCc3c(F)cccc3F)cc(C)cn12,CC[C@](C)(N)CNC(=O)c1c(C)nc2c(O)cc(C)cn12.BrCc1c(F)cccc1F,0,unknown,patent,95,
CC[C@](C)(N)CNC(=O)c1c(C)nc2c(OCc3c(F)cccc3F)cc(C)cn12,CC[C@](C)(N)CNC(=O)c1c(C)nc2c(O)cc(C)cn12.ClCc1c(F)cccc1F,0,unknown,patent,95,
CC[C@](C)(N)CNC(=O)c1c(C)nc2c(OCc3c(F)cccc3F)cc(C)cn12,CC[C@](C)(N[C](=O)OC(C)(C)C)CN.O=C(O)c1c(C)nc2c(OCc3c(F)cccc3F)cc(C)cn12,1,unknown,patent,75,
CC[C@](C)(N)CNC(=O)c1c(C)nc2c(OCc3c(F)cccc3F)cc(C)cn12,CC[C@](C)(N)C=O.CNC(=O)c1c(C)nc2c(OCc3c(F)cccc3F)cc(C)cn12,0,unknown,patent,95,
O=C(O)c1c(C)nc2c(OCc3c(F)cccc3F)cc(C)cn12,O=C(O)c1c(C)nc2c(O)cc(C)cn12.BrCc1c(F)cccc1F,0,unknown,patent,95,
O=C(O)c1c(C)nc2c(OCc3c(F)cccc3F)cc(C)cn12,OCc1c(C)nc2c(OCc3c(F)cccc3F)cc(C)cn12,0,unknown,patent,90,
O=C(O)c1c(C)nc2c(OCc3c(F)cccc3F)cc(C)cn12,O=Cc1c(C)nc2c(OCc3c(F)cccc3F)cc(C)cn12,0,unknown,patent,90,
Cc1ccc(C2CC2)c(-c2ccc3c(c2)CCCO3)c1[C@H](OC(C)(C)C)C(=O)O,Cc1ccc(C2CC2)c(-c1ccc2c(c1)CCCO2)c1[C@H](O)C(=O)O.ClC(C)(C)C,1,unknown,patent,5,
Cc1ccc(C2CC2)c(-c2ccc3c(c2)CCCO3)c1[C@H](OC(C)(C)C)C(=O)O,Cc1ccc(C2CC2)c(-c1ccc(CCCO)c(Br)c1)c1[C@H](OC(C)(C)C)C(=O)O,1,unknown,patent,5,
Cc1ccc(C2CC2)c(-c2ccc3c(c2)CCCO3)c1[C@H](OC(C)(C)C)C(=O)O,Cc1ccc(C2CC2)c(I)c1[C@H](OC(C)(C)C)C(=O)O.[Sn](C)(C)(C)c1ccc2c(c1)CCCO2,0,unknown,patent,85,
Cc1ccc(C2CC2)c(-c2ccc3c(c2)CCCO3)c1[C@H](OC(C)(C)C)C(=O)O,Cc1ccc(C2CC2)c([Sn](C)(C)(C))c1[C@H](OC(C)(C)C)C(=O)O.Ic1ccc2c(c1)CCCO2,0,unknown,patent,85,
Cc1ccc(C2CC2)c(I)c1[C@H](OC(C)(C)C)C(=O)O,Cc1ccc(C2CC2)cc1[C@H](OC(C)(C)C)C(=O)O,1,unknown,patent,30,
Cc1ccc(C2CC2)c(I)c1[C@H](OC(C)(C)C)C(=O)O,Cc1ccc(C2CC2)c(I)c1[C@H](O)C(=O)O,1,unknown,patent,60,
Cc1ccc(C2CC2)c(I)c1[C@H](OC(C)(C)C)C(=O)O,Cc1ccc(Br)c(I)c1[C@H](OC(C)(C)C)C(=O)O.B1CC1,0,unknown,patent,95,
Cc1ccc(C2CC2)c(I)c1[C@H](OC(C)(C)C)C(=O)O,Cc1ccc(C2CC2)c(I)c1C(=O)C(=O)O,1,unknown,patent,60,
Cc1ccc(C2CC2)c(I)c1[C@H](O)C(=O)O,Cc1ccc(C2CC2)c(I)c1C(=O)C(=O)O,0,unknown,patent,100,
Cc1ccc(C2CC2)c(I)c1C(=O)C(=O)O,Cc1ccc(C2CC2)c(I)c1C(=O)C(O)O,0,unknown,patent,100,
Cc1ccc(C2CC2)c(I)c1C(=O)C(=O)O,Cc1ccc(C2CC2)c(I)c1C(O)C(O)O,0,unknown,patent,100,
Cc1ccc(C2CC2)c(I)c1C(=O)C(O)O,Cc1ccc(C2CC2)c(I)c1.ClC(=O)C(O)O,1,unknown,patent,35,
Cc1ccc(C2CC2)c(I)c1C(=O)C(O)O,Cc1ccc(C2CC2)c(I)c1.ClC(=O)C(=O)Cl,1,unknown,patent,30,
Cc1ccc(C2CC2)c(I)c1C(=O)C(O)O,Cc1ccc(Br)c(I)c1C(=O)C(O)O.B(O)(O)C1CC1,0,unknown,patent,90,
Cc1ccc(Br)c(I)c1C(=O)C(O)O,Cc1cccc(c1C(=O)C(O)O),0,unknown,patent,85,
CCOc1c(C(=O)O)cnn1-c1cccc(-c2cccc(C)c2OCc2ccc3c(c2C)CCN(C2CCOCC2)C3)n1,CCOc1c(C(=O)O)cnn1-c1cccc(-c2cccc(C)c2O)n1.ClCc1ccc2c(c1C)CCN(C1CCOCC1)C2,0,unknown,patent,95,
CCOc1c(C(=O)O)cnn1-c1cccc(-c2cccc(C)c2OCc2ccc3c(c2C)CCN(C2CCOCC2)C3)n1,CCOc1c(C(=O)O)cnn1-c1cccc(B(O)O)n1.Brc1cccc(C)c1OCc1ccc2c(c1C)CCN(C1CCOCC1)C2,0,unknown,patent,90,
ClCc1ccc2c(c1C)CCN(C1CCOCC1)C2,ClCc1ccc2c(c1C)CCN2.C1CCOCC1,1,unknown,patent,35,
ClCc1ccc2c(c1C)CCN(C1CCOCC1)C2,Cc1ccc2c(c1C)CCN(C1CCOCC1)C2,1,unknown,patent,30,
ClCc1ccc2c(c1C)CCN(C1CCOCC1)C2,ClCc1ccc2c(c1C)CCNC2.C1CCOCC1,0,unknown,patent,95,
C[C@H]1CNCCN1c1nccc(-c2noc3c2CCC[C@@]32CCCc3sc(N)c(C#N)c32)n1,C[C@H]1CNCCN1.Clc1nccc(-c2noc3c2CCC[C@@]32CCCc3sc(N)c(C#N)c32)n1,0,unknown,patent,95,
Clc1nccc(-c2noc3c2CCC[C@@]32CCCc3sc(N)c(C#N)c32)n1,Clc1nccc(B(O)O)n1.Clc2noc3c2CCC[C@@]32CCCc3sc(N)c(C#N)c32,0,unknown,patent,90,
Clc1nccc(-c2noc3c2CCC[C@@]32CCCc3sc(N)c(C#N)c32)n1,Clc1nccc([Sn](C)(C)C)n1.Clc2noc3c2CCC[C@@]32CCCc3sc(N)c(C#N)c32,0,unknown,patent,85,
Clc2noc3c2CCC[C@@]32CCCc3sc(N)c(C#N)c32,NC1=C(C#N)C2=C(S1)CCC[C@@]23CCCC(=O)c4c3noc4Cl,1,unknown,patent,45,
Clc2noc3c2CCC[C@@]32CCCc3sc(N)c(C#N)c32,NC1=C(C#N)C2=C(S1)CCC[C@@]23CCC=Cc4c3noc4Cl,1,unknown,patent,45,
NC1=C(C#N)C2=C(S1)CCC[C@@]23CCCC(=O)c4c3noc4Cl,NC1=C(C#N)C2=C(S1)CCCC(CCCC(=O)c3cnoc3Cl)C2,1,unknown,patent,70,
NC1=C(C#N)C2=C(S1)CCC[C@@]23CCCC(=O)c4c3noc4Cl,NC1=C(C#N)C2=C(S1)CCC[C@@]23CCCC(O)c4c3noc4Cl,0,unknown,patent,100,
NC1=C(C#N)C2=C(S1)CCC[C@@]23CCCC(=O)c4c3noc4Cl,NC(=S)C(C#N)C1CCCC[C@@]12CCCC(=O)c3c2noc3Cl,1,unknown,patent,5,
NC1=C(C#N)C2=C(S1)CCCC(CCCC(=O)c3cnoc3Cl)C2,NC1=C(C#N)C2=C(S1)CCCC(CCCC)C2.ClC(=O)c1cnoc1Cl,0,unknown,patent,95,
NC1=C(C#N)C2=C(S1)CCCC(CCCC(=O)c3cnoc3Cl)C2,NC1=C(C#N)C(=S1)C=CCCC(CCCC(=O)c2cnoc2Cl)C=C,1,unknown,patent,5,
NC1=C(C#N)C2=C(S1)CCCC(CCCC(=O)c3cnoc3Cl)C2,NC1=C(C#N)C2=C(S1)CCCC(CCCCBr)C2.c1cnoc1Cl,0,unknown,patent,90,
NC1=C(C#N)C2=C(S1)CCCC(CCCC(=O)c3cnoc3Cl)C2,S1C(N)=C(C#N)C2=C1CCCC(CCCC(=O)O)C2.c1cnoc1Cl,0,unknown,patent,95,
NC1=C(C#N)C2=C(S1)CCCC(CCCC)C2,O=C1CCCC(CCCC)CC1.NC(=O)C#N.S,1,unknown,patent,15,
NC1=C(C#N)C2=C(S1)CCCC(CCCC)C2,O=C1CCCC(CCCC)CC1.N#CC#N.S,1,unknown,patent,15,
NC1=C(C#N)C2=C(S1)CCCC(CCCC)C2,NC1=C(C#N)C(=C(S1)CCCC(CCCC)CC(=O)O),1,unknown,patent,65,
NC1=C(C#N)C2=C(S1)CCCC(CCCC)C2,NC1=C(C#N)C(=C(S1)CCCC(CCCC)CCl),1,unknown,patent,70,
NC1=C(C#N)C2=C(S1)CCCC(CCCC)C2,NC1=C(C#N)C(=C(S1)CCCC(CCCC)C=C),1,unknown,patent,70,
NC1=C(C#N)C(=C(S1)CCCC(CCCC)CC(=O)O),NC1=C(C#N)C=CS1.BrCCCC(CCCC)CC(=O)O,0,unknown,patent,95,
NC1=C(C#N)C(=C(S1)CCCC(CCCC)CC(=O)O),NC1=C(C#N)C(Br)=CS1.CCCC(CCCC)CC(=O)O,0,unknown,patent,95,
NC1=C(C#N)C(=C(S1)CCCC(CCCC)CC(=O)O),NC1=C(C#N)C=CS1.ClC(=O)CCCC(CCCC)CC(=O)O,0,unknown,patent,95,
BrCCCC(CCCC)CC(=O)O,BrCCCC(CCCC)CCO,0,unknown,patent,90,
BrCCCC(CCCC)CC(=O)O,BrCCCC(CCCC)CBr,0,unknown,patent,80,
BrCCCC(CCCC)CCO,OCCCC(CCCC)CCO,0,unknown,patent,95,
BrCCCC(CCCC)CCO,CCCC(CCCC)CCO,0,unknown,patent,90,
Cn1c(=O)c([N+](=O)[O-])c(N2CCN(C(c3ccc(F)cc3)c3ccc(F)cc3)CC2)c2nc(C#N)ccc21,Cn1c(=O)c([N+](=O)[O-])c(Cl)c2nc(C#N)ccc21.N1CCN(C(c2ccc(F)cc2)c2ccc(F)cc2)CC1,0,unknown,patent,95,
Cn1c(=O)c([N+](=O)[O-])c(N2CCN(C(c3ccc(F)cc3)c3ccc(F)cc3)CC2)c2nc(C#N)ccc21,Cn1c(=O)cc(N2CCN(C(c3ccc(F)cc3)c3ccc(F)cc3)CC2)c2nc(C#N)ccc21,1,unknown,patent,75,
Cn1c(=O)c([N+](=O)[O-])c(N2CCN(C(c3ccc(F)cc3)c3ccc(F)cc3)CC2)c2nc(C#N)ccc21,Cn1c(=O)c([N+](=O)[O-])c(N2CCN(C(c3ccc(F)cc3)c3ccc(F)cc3)CC2)c2nc(Br)ccc21,0,unknown,patent,90,
Cn1c(=O)c([N+](=O)[O-])c(Cl)c2nc(C#N)ccc21,Cn1c(=O)c([N+](=O)[O-])c(Cl)c2nc(Br)ccc21,0,unknown,patent,90,
Cn1c(=O)c([N+](=O)[O-])c(Cl)c2nc(Br)ccc21,Cn1c(=O)cc(Cl)c2nc(Br)ccc21,1,unknown,patent,75,
Cn1c(=O)c([N+](=O)[O-])c(Cl)c2nc(Br)ccc21,Cn1c(=O)c([N+](=O)[O-])cc2nc(Br)ccc21,0,unknown,patent,90,
Cn1c(=O)c([N+](=O)[O-])c(Cl)c2nc(Br)ccc21,Cn1c(=O)c([N+](=O)[O-])c(Cl)c2ncccc21,0,unknown,patent,90,
O=C1N[C@@](c2ccc(OCCCC(F)(F)F)cc2F)(C(F)(F)F)CC(c2ccn(CC3CC3)n2)=C1n1nn[nH]c1=O,O=C1N[C@@](c2ccc(OCCCC(F)(F)F)cc2F)(C(F)(F)F)CC(=O)C1n1nn[nH]c1=O.c1ccn(CC2CC2)n1,0,unknown,patent,95,
O=C1N[C@@](c2ccc(OCCCC(F)(F)F)cc2F)(C(F)(F)F)CC(c2ccn(CC3CC3)n2)=C1n1nn[nH]c1=O,O=C1N[C@@](c2ccc(F)cc2F)(C(F)(F)F)CC(c2ccn(CC3CC3)n2)=C1n1nn[nH]c1=O.OCCCC(F)(F)F,1,unknown,patent,35,
O=C1N[C@@](c2ccc(OCCCC(F)(F)F)cc2F)(C(F)(F)F)CC(=O)C1n1nn[nH]c1=O,O=C1N[C@@](c2ccc(Br)cc2F)(C(F)(F)F)CC(=O)C1n1nn[nH]c1=O.OCCCC(F)(F)F,0,unknown,patent,95,
O=C1N[C@@](c2ccc(OCCCC(F)(F)F)cc2F)(C(F)(F)F)CC(=O)C1n1nn[nH]c1=O,O=C1N[C@@](c2ccc(O)cc2F)(C(F)(F)F)CC(=O)C1n1nn[nH]c1=O.BrCCCC(F)(F)F,0,unknown,patent,95,
O=C1N[C@@](c2ccc(Br)cc2F)(C(F)(F)F)CC(=O)C1n1nn[nH]c1=O,O=C(Cl)C[C@@](c2ccc(Br)cc2F)(C(F)(F)F)CC(=O)Cl.Nn1nn[nH]c1=O,1,unknown,patent,40,
O=C(Cl)C[C@@](c2ccc(Br)cc2F)(C(F)(F)F)CC(=O)Cl,CCOC(=O)C[C@@](c2ccc(Br)cc2F)(C(F)(F)F)CC(=O)OCC,0,unknown,patent,80,
O=C(Cl)C[C@@](c2ccc(Br)cc2F)(C(F)(F)F)CC(=O)Cl,ClC[C@@](c2ccc(Br)cc2F)(C(F)(F)F)CCl.COCl,0,unknown,patent,85,
CCOC(=O)C[C@@](c2ccc(Br)cc2F)(C(F)(F)F)CC(=O)OCC,CCOC(=O)C(C(F)(F)F)C(=O)OCC.BrCc1ccc(Br)cc1F,0,unknown,patent,90,
CCOC(=O)C[C@@](c2ccc(Br)cc2F)(C(F)(F)F)CC(=O)OCC,CCOC(=O)C(C(F)(F)F)C(=O)OCC.ClCc1ccc(Br)cc1F,0,unknown,patent,90,
CCOC(=O)C(C(F)(F)F)C(=O)OCC,CCOC(=O)CC(=O)OCC.IC(F)(F)F,0,unknown,patent,95,
CCOC(=O)C(C(F)(F)F)C(=O)OCC,O=C(O)C(C(F)(F)F)C(=O)O.CCO,0,unknown,patent,80,
CCOC(=O)C(C(F)(F)F)C(=O)OCC,CCOC(=O)C(F)(F)F.CCOC(=O)C,0,unknown,patent,95,
CCOC(=O)C(C(F)(F)F)C(=O)OCC,CCOC(=O)C(F)(F)F.BrCC(=O)OCC.[Zn],0,unknown,patent,95,
O=C1[C@@]2(CC(C)C)N([C@]3([H])C(N2)=O)[C@](CC(C)C)(C(O[C@H]3C)=O)N1,O=C1[C@@]2(CC(C)C)N([C@]3([H])C(N2)=O)[C@](CC(C)C)(C(O)=O)N1[C@H]3,1,Ohauamine C,expert,,Carbon missing beside acetyl group; 6-membered N-ring reduced to 5-membered; ring opening from N won't give hydroxy
O=C1[C@@]2(CC(C)C)N([C@]3([H])C(N2)=O)[C@](CC(C)C)(C(O)=O)N1[C@H]3,O=C1[C@@]2(CC(C)C)N([C@]3([H])C(N2)=O)[C@](CC(C)C)(C(=O)N(C)OC)N1[C@H]3,1,Ohauamine C,expert,,Several atom attachments hallucinated; three-membered ring formed; bond between carbonyl and N; carbon count increased
O=C1[C@@]2(CC(C)C)N([C@]3([H])C(N2)=O)[C@](CC(C)C)(C(=O)N(C)OC)N1[C@H]3,CN(C)O,1,Ohauamine C,expert,,Sudden change in atom count; molecule reduced to small starting material
ClC(C(OC)=C1)=CC2=C1[C@@H]3[C@@H](N(C)CC2)CCC4=CC=CC=C43,ClC(C(OC)=C1)=CC2=C1[C@@H]3[C@@H](N(C)CCC2)CC4=CC=CC=C43,1,Tetracyclic Azepine,expert,,6-membered ring reduced to 5-membered; no change in rest of molecule; no chemical reaction seen
ClC(C(OC)=C1)=CC2=C1[C@@H]3[C@@H](N(C)CCC2)CC4=CC=CC=C43,ClC(C(OC)=C1)=CC2=C1[C@@H]3[C@@H](NCCC2)CC4=CC=CC=C43,1,Tetracyclic Azepine,expert,,Whole 6-membered ring missing from 7-membered ring; no chemical reaction; reduction of 6-ring to benzene is hallucination
ClC(C(OC)=C1)=CC2=C1[C@@H]3[C@@H](NCCC2)CC4=CC=CC=C43,ClC1=CC2=C(C(O)=C1)[C@@H]3[C@@H](NCCC2)CC4=CC=CC=C43,1,Tetracyclic Azepine,expert,,Position hallucination of functional group hydroxy
ClC1=CC2=C(C(O)=C1)[C@@H]3[C@@H](NCCC2)CC4=CC=CC=C43,O=C1CCCc2cc(Cl)cc(O)c21.NC1Cc2ccccc21,1,Tetracyclic Azepine,expert,,Molecule splits into two fragments with hallucinated connecting carbons; 7-membered ring converted to unstable 4-membered ring
O=C1CCCc2cc(Cl)cc(O)c21,O=C1CCC(=O)N1Cl.O=C1CCCc2cccc(O)c21,0,Tetracyclic Azepine,expert,,Proper chemistry to convert fragment into starting material
NC1Cc2ccccc21,ON=C1Cc2ccccc21,1,Tetracyclic Azepine,expert,,Wrong starting material; very unstable starting material produced
O[C@@](C[C@@H](C)C([C@@H]1C)=O)(C)[C@@H]([C@@H](C)[C@@H]([C@@H](C)C(O[C@H](CC)[C@H](C)[C@@H]1O)=O)O[C@@H]2O[C@@H](C)[C@@H]([C@](C2)(C)OC)O)O[C@@H]([C@@H]3O)O[C@H](C)C[C@@H]3N(C)C,O[C@@](C[C@@H](C)C([C@@H]1C)=O)(C)[C@@H]([C@@H](C)[C@@H]([C@@H](C)C(O[C@H](CC)[C@H](C)[C@@H]1O)=O)O[C@@H]2O[C@@H](C)[C@@H]([C@](C2)(C)OC)O)O.C[C@H]1C[C@H](N(C)C)[C@H](O)[C@H](C)O1,0,Erythromycin B,expert,,Protecting group eliminated; no mistakes
O[C@@](C[C@@H](C)C([C@@H]1C)=O)(C)[C@@H]([C@@H](C)[C@@H]([C@@H](C)C(O[C@H](CC)[C@H](C)[C@@H]1O)=O)O[C@@H]2O[C@@H](C)[C@@H]([C@](C2)(C)OC)O)O,O[C@@](C[C@@H](C)C([C@@H]1C)=O)(C)[C@@H]([C@@H](C)[C@@H]([C@@H](C)C(O[C@H](CC)[C@H](C)[C@@H]1O)=O)O[C@@H]2O[C@@H](C)[C@@H]([C@](C2)(C)O)O)O,1,Erythromycin B,expert,,Methyl group hallucination on protective group (should be methoxy); covalency hallucination on carbon
O[C@@](C[C@@H](C)C([C@@H]1C)=O)(C)[C@@H]([C@@H](C)[C@@H]([C@@H](C)C(O[C@H](CC)[C@H](C)[C@@H]1O)=O)O[C@@H]2O[C@@H](C)[C@@H]([C@](C2)(C)O)O)O,O[C@@](C[C@@H](C)C([C@@H]1C)=O)(C)[C@@H]([C@@H](C)[C@@H]([C@@H](C)C(O[C@H](CC)[C@H](C)[C@@H]1O)=O)O)O.Br[C@@H]1O[C@@H](C)[C@@H]([C@](C1)(C)O)O,0,Erythromycin B,expert,,Proper removal of protective group from main ring
O[C@@](C[C@@H](C)C([C@@H]1C)=O)(C)[C@@H]([C@@H](C)[C@@H]([C@@H](C)C(O[C@H](CC)[C@H](C)[C@@H]1O)=O)O)O,CC[C@H]1OC(=O)[C@H](C)[C@H](O)[C@H](C)[C@H](O)[C@](C)(O)C[C@H](C)[C@H](O)[C@H](C)[C@H](O)[C@H]1C,1,Erythromycin B,expert,,"Molecule core unchanged; only reduction, no real progress"
CC[C@H]1OC(=O)[C@H](C)[C@H](O)[C@H](C)[C@H](O)[C@](C)(O)C[C@H](C)[C@H](O)[C@H](C)[C@H](O)[C@H]1C,CC[C@H]1OC(=O)[C@H](C)C(=O)[C@H](C)[C@H](O)[C@](C)(O)C[C@H](C)[C@H](O)[C@H](C)[C@H](O)[C@H]1C,1,Erythromycin B,expert,,"Molecule core unchanged; only reduction, no real progress"
CC[C@H]1OC(=O)[C@H](C)C(=O)[C@H](C)[C@H](O)[C@](C)(O)C[C@H](C)[C@H](O)[C@H](C)[C@H](O)[C@H]1C,CC[C@H]1OC(=O)[C@H](C)C(=O)[C@H](C)[C@H](O)[C@](C)(O)C[C@H](C)C(=O)[C@H](C)[C@H](O)[C@H]1C,1,Erythromycin B,expert,,"Molecule core unchanged; only reduction, no real progress"
CC[C@H]1OC(=O)[C@H](C)C(=O)[C@H](C)[C@H](O)[C@](C)(O)C[C@H](C)C(=O)[C@H](C)[C@H](O)[C@H]1C,CC[C@H]1OC(=O)[C@H](C)C(=O)[C@H](C)C(=O)[C@](C)(O)C[C@H](C)C(=O)[C@H](C)C(=O)[C@H]1C,1,Erythromycin B,expert,,"Molecule core unchanged; only reduction, no real progress"
CC[C@H]1OC(=O)[C@H](C)C(=O)[C@H](C)C(=O)[C@](C)(O)C[C@H](C)C(=O)[C@H](C)C(=O)[C@H]1C,CC[C@H]1OC(=O)[C@H](C)C(=O)[C@H](C)C(=O)1.O=C[C@H](C)C[C@](C)(O)C(=O)[C@H](C)C(=O)[C@H](C)C(=O)O,1,Erythromycin B,expert,,Fragment breaks into two parts with 7-membered ring formation
CC[C@H]1OC(=O)[C@H](C)C(=O)[C@H](C)C(=O)1,CC[C@H]1OC(=O)[C@H](C)C(O)[C@H](C)C(=O)1,1,Erythromycin B,expert,,Pure hallucination; molecule didn't break into smaller species
CC[C@H]1OC(=O)[C@H](C)C(O)[C@H](C)C(=O)1,CC[C@H]1OC(=O)[C@H](C)C(O)[C@H](C)CO1,1,Erythromycin B,expert,,Pure hallucination; molecule didn't break into smaller species
CC[C@H]1OC(=O)[C@H](C)C(O)[C@H](C)CO1,CC[C@H]1OC(=O)[C@H](C)C(=O)[C@H](C)CO1,1,Erythromycin B,expert,,Pure hallucination; molecule didn't break into smaller species
O=C[C@H](C)C[C@](C)(O)C(=O)[C@H](C)C(=O)[C@H](C)C(=O)O,O=C[C@H](C)C[C@](C)(O)C(=O)[C@H](C)[C@H](O)[C@H](C)C(=O)O,1,Erythromycin B,expert,,Similar reduction steps; molecule didn't break into smaller fragments
O=C[C@H](C)C[C@](C)(O)C(=O)[C@H](C)[C@H](O)[C@H](C)C(=O)O,O[C@H](C)C[C@](C)(O)C(=O)[C@H](C)[C@H](O)[C@H](C)C(=O)O,1,Erythromycin B,expert,,Similar reduction steps; molecule didn't break into smaller fragments
O[C@H](C)C[C@](C)(O)C(=O)[C@H](C)[C@H](O)[C@H](C)C(=O)O,O[C@H](C)C[C@](C)(O)[C@H](O)[C@H](C)[C@H](O)[C@H](C)C(=O)O,1,Erythromycin B,expert,,Similar reduction steps; molecule didn't break into smaller fragments
O[C@H](C)C[C@](C)(O)[C@H](O)[C@H](C)[C@H](O)[C@H](C)C(=O)O,O[C@H](C)C[C@](C)(O)[C@H](O)[C@H](C)C(=O)[C@H](C)C(=O)O,1,Erythromycin B,expert,,Similar reduction steps; molecule didn't break into smaller fragments
Br[C@@H]1O[C@@H](C)[C@@H]([C@](C1)(C)O)O,CC(=O)O[C@@H]1O[C@@H](C)[C@@H]([C@](C1)(C)O)O,1,Erythromycin B,expert,,Unnecessary protective group manipulation
CC(=O)O[C@@H]1O[C@@H](C)[C@@H]([C@](C1)(C)O)O,C[C@@H]1O[C@@H](O)[C@](C)(O)[C@H](O)C1,1,Erythromycin B,expert,,Unnecessary protective group manipulation
C[C@@H]1O[C@@H](O)[C@](C)(O)[C@H](O)C1,C[C@H]1C[C@@H](O)[C@H](O)[C@H](O)O1,1,Erythromycin B,expert,,Unnecessary protective group manipulation
C[C@H]1C[C@@H](O)[C@H](O)[C@H](O)O1,CO[C@@H]1O[C@@H](C)C[C@@H](O)[C@@H]1O,1,Erythromycin B,expert,,Unnecessary protective group manipulation
C[C@H]1C[C@H](N(C)C)[C@H](O)[C@H](C)O1,C[C@H]1C[C@H](Br)[C@H](O)[C@H](C)O1.N(C)C,1,Erythromycin B,expert,,"Unnecessary; transformed into bigger, chemically unfavourable protective group"
C[C@H]1C[C@H](Br)[C@H](O)[C@H](C)O1,C[C@H]1CC=C[C@H](O)[C@H](C)O1,1,Erythromycin B,expert,,Unnecessary protective group manipulation
C[C@H]1CC=C[C@H](O)[C@H](C)O1,C[C@H](CC=C[C@H](O)[C@H](C)O)C1CO1,1,Erythromycin B,expert,,Unnecessary protective group manipulation
C[C@H](CC=C[C@H](O)[C@H](C)O)C1CO1,C[C@H](CC=CC=C[C@H](C))C1CO1,1,Erythromycin B,expert,,Unnecessary protective group manipulation
C[C@H](CC=CC=C[C@H](C))C1CO1,C=C[C@@H](C)C1CO1.C=CC=C[C@H](C),1,Erythromycin B,expert,,Unnecessary protective group manipulation
C=C[C@@H](C)C1CO1,C=CC(C)C=C.O=C(OO)c1cccc(Cl)c1,1,Erythromycin B,expert,,Unnecessary protective group manipulation
C=CC=C[C@H](C),C=CC=C[C@@H](C)Br,1,Erythromycin B,expert,,Unnecessary protective group manipulation
C=CC=C[C@@H](C)Br,C[C@@H](Br)C=CCCBr,1,Erythromycin B,expert,,Unnecessary protective group manipulation
C[C@@H](Br)C=CCCBr,C=CCCBr.C=C[C@@H](C)Br,1,Erythromycin B,expert,,Unnecessary protective group manipulation
[H][C@]12C[C@H]([C@@H]([C@H]([C@]1(C[C@]3(N(C2)CCC4=C3NC5=C4C=CC(OC)=C5)[H])[H])C(OC)=O)OC)OC(C6=CC(OC)=C(C(OC)=C6)OC)=O,[H][C@]12C[C@H]([C@@H]([C@H]([C@]1(C[C@]3(N(C2)CCC4=C3NC5=C4C=CC(OC)=C5)[H])[H])C(OC)=O)OC)O.COc1cc(C(=O)O)cc(OC)c1OC,0,Reserpine,expert,,Protecting group eliminated; no mistakes
[H][C@]12C[C@H]([C@@H]([C@H]([C@]1(C[C@]3(N(C2)CCC4=C3NC5=C4C=CC(OC)=C5)[H])[H])C(OC)=O)OC)O,[H][C@]12C[C@H]([C@@H]([C@H]([C@]1(C[C@]3(N(C2)CCC4=C3NC5=C4C=CC(OC)=C5)[H])[H])C(O)=O)OC)O,0,Reserpine,expert,,Acetylation reaction; no mistakes
[H][C@]12C[C@H]([C@@H]([C@H]([C@]1(C[C@]3(N(C2)CCC4=C3NC5=C4C=CC(OC)=C5)[H])[H])C(O)=O)OC)O,[H][C@]12C[C@H]([C@@H](C(=O)[C@]1(C[C@]3(N(C2)CCC4=C3NC5=C4C=CC(OC)=C5)[H])[H])OC)O,0,Reserpine,expert,,Reduction step; overall chemistry looks good
[H][C@]12C[C@H]([C@@H](C(=O)[C@]1(C[C@]3(N(C2)CCC4=C3NC5=C4C=CC(OC)=C5)[H])[H])OC)O,[H][C@]12C[C@H]([C@@H]([C@H](O)[C@]1(C[C@]3(N(C2)CCC4=C3NC5=C4C=CC(OC)=C5)[H])[H])OC)O,0,Reserpine,expert,,Reduction step; overall chemistry looks good
[H][C@]12C[C@H]([C@@H]([C@H](O)[C@]1(C[C@]3(N(C2)CCC4=C3NC5=C4C=CC(OC)=C5)[H])[H])OC)O,[H][C@]12C[C@H]([C@@H]([C@H](O)[C@]1(C[C@]3(N(C2)CCC4=C3NC5=C4C=CC(O)=C5)[H])[H])OC)O,0,Reserpine,expert,,Reduction step; overall chemistry looks good; methylation also reasonable
[H][C@]12C[C@H]([C@@H]([C@H](O)[C@]1(C[C@]3(N(C2)CCC4=C3NC5=C4C=CC(O)=C5)[H])[H])OC)O,[H][C@]12C[C@H]([C@@H](C=C[C@]1(C[C@]3(N(C2)CCC4=C3NC5=C4C=CC(O)=C5)[H])[H])OC),1,Reserpine,expert,,Ring size hallucination; 6-membered ring transformed to unstable 7-membered ring
[H][C@]12C[C@H]([C@@H](C=C[C@]1(C[C@]3(N(C2)CCC4=C3NC5=C4C=CC(O)=C5)[H])[H])OC),CCc1c([nH]c2cc(O)ccc12)CN3C[C@H]4C=C[C@H](OC)[C@@H]5C[C@]([H])(C[C@H]45)C3,1,Reserpine,expert,,Unfavourable bond-making; complex ring formation; molecule grows by two carbons without chemistry change
CCc1c([nH]c2cc(O)ccc12)CN3C[C@H]4C=C[C@H](OC)[C@@H]5C[C@]([H])(C[C@H]45)C3,CCc1c([nH]c2cc(O)ccc12)CN1C[C@H]2C=CC(=O)[C@@H]3C[C@]([H])(C[C@H]23)C1,1,Reserpine,expert,,Reduction step without significance in context
CCc1c([nH]c2cc(O)ccc12)CN1C[C@H]2C=CC(=O)[C@@H]3C[C@]([H])(C[C@H]23)C1,CCc1c([nH]c2cc(O)ccc12)CN1CCCC[C@H]2C=CC(=O)[C@@H]3C[C@]([H])(C[C@H]23)C1,1,Reserpine,expert,,Ring size hallucination; 7-membered ring formed; carbon count increased
CCc1c([nH]c2cc(O)ccc12)CN1CCCC[C@H]2C=CC(=O)[C@@H]3C[C@]([H])(C[C@H]23)C1,CCc1c(CBr)[nH]c2cc(O)ccc12.N1CCCC[C@H]2C=CC(=O)[C@@H]3C[C@H](C[C@H]23)C1,0,Reserpine,expert,,Produced two chemically stable and accurate fragments
CCc1c(CBr)[nH]c2cc(O)ccc12,NNc1cccc(O)c1.CCCC(=O)CBr,1,Reserpine,expert,,Unnecessary further breaking; indole moiety should only break at alkyl/bromide groups
N1CCCC[C@H]2C=CC(=O)[C@@H]3C[C@H](C[C@H]23)C1,N1CCCC[C@H]2C=C[C@H](O)[C@@H]3C[C@H](C[C@H]23)C1,1,Reserpine,expert,,Highly unstable intermediate; needs proper breaking
COc1cc(C(=O)O)cc(OC)c1OC,COC(=O)c1cc(OC)c(OC)c(OC)c1,1,Reserpine,expert,,Unnecessary protective group breaking
[H][C@]12C[C@H]([C@@H]([C@H]([C@]1(C[C@]3(N(C2)CCC4=C3NC5=C4C=CC(OC)=C5)[H])[H])C(OC)=O)OC)O,COC1=CC2=C(C=C1)C3=C(N2)CCN[C@@H]3C[C@@H]4C[C@H]([C@@H]([C@H]([C@@H]4C(=O)OC)OC)O)C=O,0,Reserpine (v2 role-tag),expert,,default-clean (post-V4 prompt successful pathway)
COC1=CC2=C(C=C1)C3=C(N2)CCN[C@@H]3C[C@@H]4C[C@H]([C@@H]([C@H]([C@@H]4C(=O)OC)OC)O)C=O,COC1=CC2=C(C=C1)C3=C(N2)CCN[C@@H]3C[C@@H]4C[C@H]([C@@H]([C@H]([C@@H]4C(=O)OC)OC)O)CO,0,Reserpine (v2 role-tag),expert,,default-clean (post-V4 prompt successful pathway)
COC1=CC2=C(C=C1)C3=C(N2)CCN[C@@H]3C[C@@H]4C[C@H]([C@@H]([C@H]([C@@H]4C(=O)OC)OC)O)CO,COc1ccc2[nH]c(CCN)cc2c1.O=CC[C@@H]1C[C@H]([C@@H]([C@H]([C@@H]1C(=O)OC)OC)O)CO,0,Reserpine (v2 role-tag),expert,,default-clean (post-V4 prompt successful pathway)
COc1ccc2[nH]c(CCN)cc2c1,COc1ccc2[nH]c(C=C[N+](=O)[O-])cc2c1,0,Reserpine (v2 role-tag),expert,,default-clean (post-V4 prompt successful pathway)
O=CC[C@@H]1C[C@H]([C@@H]([C@H]([C@@H]1C(=O)OC)OC)O)CO,O=CC[C@@H]1C[C@H]([C@@H]([C@H]([C@@H]1C(=O)O)OC)O)CO,0,Reserpine (v2 role-tag),expert,,default-clean (post-V4 prompt successful pathway)
O=CC[C@@H]1C[C@H]([C@@H]([C@H]([C@@H]1C(=O)O)OC)O)CO,OCC[C@@H]1C[C@H]([C@@H]([C@H]([C@@H]1C(=O)O)OC)O)CO,0,Reserpine (v2 role-tag),expert,,default-clean (post-V4 prompt successful pathway)
OCC[C@@H]1C[C@H]([C@@H]([C@H]([C@@H]1C(=O)O)OC)O)CO,OCC[C@@H]1C[C@H]([C@@H]([C@H]([C@@H]1C(=O)O)OC)O)C=O,0,Reserpine (v2 role-tag),expert,,default-clean (post-V4 prompt successful pathway)
OCC[C@@H]1C[C@H]([C@@H]([C@H]([C@@H]1C(=O)O)OC)O)C=O,OCC[C@@H]1C[C@H]([C@@H]([C@H]([C@@H]1C(=O)OC)OC)O)C=O,0,Reserpine (v2 role-tag),expert,,default-clean (post-V4 prompt successful pathway)
OCC[C@@H]1C[C@H]([C@@H]([C@H]([C@@H]1C(=O)OC)OC)O)C=O,OCC[C@@H]1C[C@H]([C@@H]([C@H]([C@@H]1C(=O)OC)OC)O)C(OC)OC,0,Reserpine (v2 role-tag),expert,,default-clean (post-V4 prompt successful pathway)
OCC[C@@H]1C[C@H]([C@@H]([C@H]([C@@H]1C(=O)OC)OC)O)C(OC)OC,C=C[C@@H]1C[C@H]([C@@H]([C@H]([C@@H]1C(=O)OC)OC)O)C(OC)OC,0,Reserpine (v2 role-tag),expert,,default-clean (post-V4 prompt successful pathway)
C=C[C@@H]1C[C@H]([C@@H]([C@H]([C@@H]1C(=O)OC)OC)O)C(OC)OC,C=C[C@@H]1C[C@H]([C@@H]([C@H]([C@@H]1C(=O)O)OC)O)C(OC)OC,0,Reserpine (v2 role-tag),expert,,default-clean (post-V4 prompt successful pathway)
C=C[C@@H]1C[C@H]([C@@H]([C@H]([C@@H]1C(=O)O)OC)O)C(OC)OC,O=C[C@@H]1C[C@H]([C@@H]([C@H]([C@@H]1C(=O)O)OC)O)C(OC)OC,0,Reserpine (v2 role-tag),expert,,default-clean (post-V4 prompt successful pathway)
O=C[C@@H]1C[C@H]([C@@H]([C@H]([C@@H]1C(=O)O)OC)O)C(OC)OC,OC[C@@H]1C[C@H]([C@@H]([C@H]([C@@H]1C(=O)O)OC)O)C(OC)OC,0,Reserpine (v2 role-tag),expert,,default-clean (post-V4 prompt successful pathway)
OC[C@@H]1C[C@H]([C@@H]([C@H]([C@@H]1C(=O)O)OC)O)C(OC)OC,OC[C@@H]1C[C@H](C=O)[C@@H](O)[C@H](OC)[C@@H]1C(=O)O,0,Reserpine (v2 role-tag),expert,,default-clean (post-V4 prompt successful pathway)
OC[C@@H]1C[C@H](C=O)[C@@H](O)[C@H](OC)[C@@H]1C(=O)O,OC[C@@H]1C[C@H](C=O)[C@@H](O)[C@H](OC)[C@@H]1C(=O)OC,0,Reserpine (v2 role-tag),expert,,default-clean (post-V4 prompt successful pathway)
OC[C@@H]1C[C@H](C=O)[C@@H](O)[C@H](OC)[C@@H]1C(=O)OC,OC[C@@H]1C[C@H](CO)[C@@H](O)[C@H](OC)[C@@H]1C(=O)OC,0,Reserpine (v2 role-tag),expert,,default-clean (post-V4 prompt successful pathway)
OC[C@@H]1C[C@H](CO)[C@@H](O)[C@H](OC)[C@@H]1C(=O)OC,OC[C@@H]1C[C@H](CO)[C@@H](O)[C@H](OC)[C@@H]1C(=O)O,0,Reserpine (v2 role-tag),expert,,default-clean (post-V4 prompt successful pathway)
OC[C@@H]1C[C@H](CO)[C@@H](O)[C@H](OC)[C@@H]1C(=O)O,COC(=O)[C@@H]1[C@H](OC)[C@@H](O)[C@@H](CO)C[C@H]1CO,0,Reserpine (v2 role-tag),expert,,default-clean (post-V4 prompt successful pathway)
COC(=O)[C@@H]1[C@H](OC)[C@@H](O)[C@@H](CO)C[C@H]1CO,O=C(O)[C@@H]1[C@H](OC)[C@@H](O)[C@@H](CO)C[C@H]1CO,0,Reserpine (v2 role-tag),expert,,default-clean (post-V4 prompt successful pathway)
O=C(O)[C@@H]1[C@H](OC)[C@@H](O)[C@@H](CO)C[C@H]1CO,O=C(O)[C@@H]1[C@H](OC)[C@@H](O)[C@@H](C(=O)OC)C[C@H]1C(=O)OC,0,Reserpine (v2 role-tag),expert,,default-clean (post-V4 prompt successful pathway)
O=C(O)[C@@H]1[C@H](OC)[C@@H](O)[C@@H](C(=O)OC)C[C@H]1C(=O)OC,COC(=O)[C@@H]1[C@H](OC)[C@@H](O)[C@@H](C(=O)OC)C[C@H]1C(=O)OC,0,Reserpine (v2 role-tag),expert,,default-clean (post-V4 prompt successful pathway)
COC(=O)[C@@H]1[C@H](OC)[C@@H](O)[C@@H](C(=O)OC)C[C@H]1C(=O)OC,O=C(O)[C@@H]1[C@H](OC)[C@@H](O)[C@@H](C(=O)O)C[C@H]1C(=O)O,0,Reserpine (v2 role-tag),expert,,default-clean (post-V4 prompt successful pathway)
O=C(O)[C@@H]1[C@H](OC)[C@@H](O)[C@@H](C(=O)O)C[C@H]1C(=O)O,O=C(O)[C@@H]1[C@@H]2O[C@@H]2[C@@H](C(=O)O)C[C@H]1C(=O)O,0,Reserpine (v2 role-tag),expert,,default-clean (post-V4 prompt successful pathway)
O=C(O)[C@@H]1[C@@H]2O[C@@H]2[C@@H](C(=O)O)C[C@H]1C(=O)O,COC(=O)[C@@H]1[C@@H]2O[C@@H]2[C@@H](C(=O)OC)C[C@H]1C(=O)OC,0,Reserpine (v2 role-tag),expert,,default-clean (post-V4 prompt successful pathway)
COC(=O)[C@@H]1[C@@H]2O[C@@H]2[C@@H](C(=O)OC)C[C@H]1C(=O)OC,COC(=O)[C@@H]1C=C[C@@H](C(=O)OC)C[C@H]1C(=O)OC,0,Reserpine (v2 role-tag),expert,,default-clean (post-V4 prompt successful pathway)
COC(=O)[C@@H]1C=C[C@@H](C(=O)OC)C[C@H]1C(=O)OC,COC(=O)/C=C/C=C/C(=O)OC.COC(=O)C=C,0,Reserpine (v2 role-tag),expert,,default-clean (post-V4 prompt successful pathway)
COC(=O)/C=C/C=C/C(=O)OC,COS(=O)(=O)OC.COC(=O)/C=C/C=C/C(=O)O,0,Reserpine (v2 role-tag),expert,,default-clean (post-V4 prompt successful pathway)
C[C@H]1[C@H](C[C@H](O)/C=C\[C@@H]([C@H](O)[C@H](/C=C(C[C@@H]([C@@H](O)[C@@H]([C@@H](OC(N)=O)[C@H](/C=C\C=C)C)C)C)/C)C)C)OC([C@H](C)[C@H]1O)=O,C[C@H]1[C@H](C[C@H](O)/C=C\[C@@H]([C@H](O)[C@H](/C=C(C[C@@H]([C@@H](O)[C@@H]([C@@H](O)[C@H](/C=C\C=C)C)C)C)/C)C)C)OC([C@H](C)[C@H]1O)=O,0,Discodermolide (role-tag),expert,,default-clean (post-V4 prompt successful pathway)
C[C@H]1[C@H](C[C@H](O)/C=C\[C@@H]([C@H](O)[C@H](/C=C(C[C@@H]([C@@H](O)[C@@H]([C@@H](O)[C@H](/C=C\C=C)C)C)C)/C)C)C)OC([C@H](C)[C@H]1O)=O,C[C@H]1[C@H](C[C@H](O)/C=C\[C@@H]([C@H](O)[C@H](/C=C(C[C@@H]([C@@H](O)[C@@H]([C@@H](O)[C@H](/C=C\C=O)C)C)C)/C)C)C)OC([C@H](C)[C@H]1O)=O,0,Discodermolide (role-tag),expert,,default-clean (post-V4 prompt successful pathway)
C[C@H]1[C@H](C[C@H](O)/C=C\[C@@H]([C@H](O)[C@H](/C=C(C[C@@H]([C@@H](O)[C@@H]([C@@H](O)[C@H](/C=C\C=O)C)C)C)/C)C)C)OC([C@H](C)[C@H]1O)=O,O[C@@H]([C@@H](C)[C@H](O)[C@@H](C)C(=O)O)C[C@H](O)/C=C\[C@@H]([C@H](O)[C@H](/C=C(C[C@@H]([C@@H](O)[C@@H]([C@@H](O)[C@H](/C=C\C=O)C)C)C)/C)C)C,0,Discodermolide (role-tag),expert,,default-clean (post-V4 prompt successful pathway)
O[C@@H]([C@@H](C)[C@H](O)[C@@H](C)C(=O)O)C[C@H](O)/C=C\[C@@H]([C@H](O)[C@H](/C=C(C[C@@H]([C@@H](O)[C@@H]([C@@H](O)[C@H](/C=C\C=O)C)C)C)/C)C)C,O[C@@H]([C@@H](C)[C@H](O)[C@@H](C)C(=O)O)C[C@H](O)C#C[C@@H]([C@H](O)[C@H](/C=C(C[C@@H]([C@@H](O)[C@@H]([C@@H](O)[C@H](/C=C\C=O)C)C)C)/C)C)C,0,Discodermolide (role-tag),expert,,default-clean (post-V4 prompt successful pathway)
O[C@@H]([C@@H](C)[C@H](O)[C@@H](C)C(=O)O)C[C@H](O)C#C[C@@H]([C@H](O)[C@H](/C=C(C[C@@H]([C@@H](O)[C@@H]([C@@H](O)[C@H](/C=C\C=O)C)C)C)/C)C)C,O[C@@H]([C@@H](C)[C@H](O)[C@@H](C)C(=O)O)C[C@H](O)C#C[C@@H]([C@H](O)[C@H](/C=C(C[C@@H]([C@@H](O)[C@@H]([C@@H](O)[C@H](/C=C\CO)C)C)C)/C)C)C,0,Discodermolide (role-tag),expert,,default-clean (post-V4 prompt successful pathway)
O[C@@H]([C@@H](C)[C@H](O)[C@@H](C)C(=O)O)C[C@H](O)C#C[C@@H]([C@H](O)[C@H](/C=C(C[C@@H]([C@@H](O)[C@@H]([C@@H](O)[C@H](/C=C\CO)C)C)C)/C)C)C,O[C@@H]([C@@H](C)[C@H](O)[C@@H](C)C(=O)OC)C[C@H](O)C#C[C@@H]([C@H](O)[C@H](/C=C(C[C@@H]([C@@H](O)[C@@H]([C@@H](O)[C@H](/C=C\CO)C)C)C)/C)C)C,0,Discodermolide (role-tag),expert,,default-clean (post-V4 prompt successful pathway)
O[C@@H]([C@@H](C)[C@H](O)[C@@H](C)C(=O)OC)C[C@H](O)C#C[C@@H]([C@H](O)[C@H](/C=C(C[C@@H]([C@@H](O)[C@@H]([C@@H](O)[C@H](/C=C\CO)C)C)C)/C)C)C,O[C@@H]([C@@H](C)[C@H](O)[C@@H](C)C(=O)OC)C[C@H](O)C#C[C@@H]([C@H](O)[C@H](/C=C(C[C@@H]([C@@H](O)[C@@H]([C@@H](O)[C@H](C#CCO)C)C)C)/C)C)C,0,Discodermolide (role-tag),expert,,default-clean (post-V4 prompt successful pathway)
O[C@@H]([C@@H](C)[C@H](O)[C@@H](C)C(=O)OC)C[C@H](O)C#C[C@@H]([C@H](O)[C@H](/C=C(C[C@@H]([C@@H](O)[C@@H]([C@@H](O)[C@H](C#CCO)C)C)C)/C)C)C,O[C@@H]([C@@H](C)[C@H](O)[C@@H](C)C(=O)OC)C[C@H](O)C#C[C@@H]([C@H](O)[C@H](/C=C(C[C@@H]([C@@H](O)[C@@H]([C@@H](O)[C@H](C#C)C)C)C)/C)C)C.O=C,0,Discodermolide (role-tag),expert,,default-clean (post-V4 prompt successful pathway)
O[C@@H]([C@@H](C)[C@H](O)[C@@H](C)C(=O)OC)C[C@H](O)C#C[C@@H]([C@H](O)[C@H](/C=C(C[C@@H]([C@@H](O)[C@@H]([C@@H](O)[C@H](C#C)C)C)C)/C)C)C,O[C@@H]([C@@H](C)[C@H](O)[C@@H](C)C(=O)OC)C[C@H](O)C#C[C@@H]([C@H](O)[C@H](/C=C(C[C@@H]([C@@H](O)[C@@H]([C@@H](O)[C@H](C)C=O)C)C)/C)C)C,0,Discodermolide (role-tag),expert,,default-clean (post-V4 prompt successful pathway)
O[C@@H]([C@@H](C)[C@H](O)[C@@H](C)C(=O)OC)C[C@H](O)C#C[C@@H]([C@H](O)[C@H](/C=C(C[C@@H]([C@@H](O)[C@@H]([C@@H](O)[C@H](C)C=O)C)C)/C)C)C,O[C@@H]([C@@H](C)[C@H](O)[C@@H](C)C(=O)OC)CC=O.C#C[C@@H]([C@H](O)[C@H](/C=C(C[C@@H]([C@@H](O)[C@@H]([C@@H](O)[C@H](C)C=O)C)C)/C)C)C,0,Discodermolide (role-tag),expert,,default-clean (post-V4 prompt successful pathway)
O[C@@H]([C@@H](C)[C@H](O)[C@@H](C)C(=O)OC)CC=O,O[C@@H]([C@@H](C)[C@H](O)[C@@H](C)C(=O)OC)CCO,0,Discodermolide (role-tag),expert,,default-clean (post-V4 prompt successful pathway)
O[C@@H]([C@@H](C)[C@H](O)[C@@H](C)C(=O)OC)CCO,O[C@@H]([C@@H](C)[C@H](O)[C@@H](C)C(=O)OC)C=C,0,Discodermolide (role-tag),expert,,default-clean (post-V4 prompt successful pathway)
O[C@@H]([C@@H](C)[C@H](O)[C@@H](C)C(=O)OC)C=C,O[C@@H]([C@@H](C)[C@H](O)[C@@H](C)C(=O)O)C=C,0,Discodermolide (role-tag),expert,,default-clean (post-V4 prompt successful pathway)
O[C@@H]([C@@H](C)[C@H](O)[C@@H](C)C(=O)O)C=C,C=C[C@@H](O)[C@H](C)C=O.CCC(=O)N1C(=O)OC[C@H]1Cc1ccccc1,0,Discodermolide (role-tag),expert,,default-clean (post-V4 prompt successful pathway)
C=C[C@@H](O)[C@H](C)C=O,C=C[C@@H](O)[C@H](C)C(=O)O,0,Discodermolide (role-tag),expert,,default-clean (post-V4 prompt successful pathway)
CCC(=O)N1C(=O)OC[C@H]1Cc1ccccc1,CCC(=O)Cl.O=C1N[C@H](Cc2ccccc2)CO1,0,Discodermolide (role-tag),expert,,default-clean (post-V4 prompt successful pathway)
C#C[C@@H]([C@H](O)[C@H](/C=C(C[C@@H]([C@@H](O)[C@@H]([C@@H](O)[C@H](C)C=O)C)C)/C)C)C,C#C[C@@H](C)[C@H](O)[C@H](C)C=O.CCOP(=O)(OCC)C(C)C[C@@H](C)[C@@H](O)[C@@H](C)[C@@H](O)[C@H](C)C=O,0,Discodermolide (role-tag),expert,,default-clean (post-V4 prompt successful pathway)
C#C[C@@H](C)[C@H](O)[C@H](C)C=O,C#C[C@@H](C)[C@H](O)[C@H](C)CO,0,Discodermolide (role-tag),expert,,default-clean (post-V4 prompt successful pathway)
C#C[C@@H](C)[C@H](O)[C@H](C)CO,C[C@H](C=O)[C@H](O)[C@H](C)CO,0,Discodermolide (role-tag),expert,,default-clean (post-V4 prompt successful pathway)
C[C@H](C=O)[C@H](O)[C@H](C)CO,C[C@H](C=O)[C@H](OC1CCCCO1)[C@H](C)CO,0,Discodermolide (role-tag),expert,,default-clean (post-V4 prompt successful pathway)
C[C@H](C=O)[C@H](OC1CCCCO1)[C@H](C)CO,C[C@H](C=O)C(OC1CCCCO1)[C@H](C)C=O,0,Discodermolide (role-tag),expert,,default-clean (post-V4 prompt successful pathway)
C[C@H](C=O)C(OC1CCCCO1)[C@H](C)C=O,C1=COCCC1.C[C@H](C=O)C(O)[C@H](C)C=O,0,Discodermolide (role-tag),expert,,default-clean (post-V4 prompt successful pathway)
C[C@H](C=O)C(O)[C@H](C)C=O,CCC=O.CC(C=O)C=O,0,Discodermolide (role-tag),expert,,default-clean (post-V4 prompt successful pathway)
CCOP(=O)(OCC)C(C)C[C@@H](C)[C@@H](O)[C@@H](C)[C@@H](O)[C@H](C)C=O,CCOP(=O)(OCC)C(C)C[C@@H](C)[C@@H](O)[C@@H](C)[C@@H](O)[C@H](C)CO,0,Discodermolide (role-tag),expert,,default-clean (post-V4 prompt successful pathway)
CCOP(=O)(OCC)C(C)C[C@@H](C)[C@@H](O)[C@@H](C)[C@@H](O)[C@H](C)CO,CCOP(=O)(CC)OCC.ICC[C@@H](C)[C@@H](O)[C@@H](C)[C@@H](O)[C@H](C)CO,0,Discodermolide (role-tag),expert,,default-clean (post-V4 prompt successful pathway)
CCOP(=O)(CC)OCC,CCCP(=O)(OCC)OCC,0,Discodermolide (role-tag),expert,,default-clean (post-V4 prompt successful pathway)
ICC[C@@H](C)[C@@H](O)[C@@H](C)[C@@H](O)[C@H](C)CO,Cc1ccc(S(=O)(=O)OCC[C@@H](C)[C@@H](O)[C@@H](C)[C@@H](O)[C@H](C)CO)cc1,0,Discodermolide (role-tag),expert,,default-clean (post-V4 prompt successful pathway)
Cc1ccc(S(=O)(=O)OCC[C@@H](C)[C@@H](O)[C@@H](C)[C@@H](O)[C@H](C)CO)cc1,OCC[C@@H](C)[C@@H]1OC(C)(C)O[C@@H]([C@H](C)CO)[C@@H]1C,0,Discodermolide (role-tag),expert,,default-clean (post-V4 prompt successful pathway)
OCC[C@@H](C)[C@@H]1OC(C)(C)O[C@@H]([C@H](C)CO)[C@@H]1C,OCC[C@@H](C)[C@@H](O)[C@@H](C)[C@@H](O)[C@H](C)CO,0,Discodermolide (role-tag),expert,,default-clean (post-V4 prompt successful pathway)
OCC[C@@H](C)[C@@H](O)[C@@H](C)[C@@H](O)[C@H](C)CO,OCC[C@@H](C)[C@@H](O)[C@@H](C)[C@@H](O)[C@H](C)C(=O)OC,0,Discodermolide (role-tag),expert,,default-clean (post-V4 prompt successful pathway)
OCC[C@@H](C)[C@@H](O)[C@@H](C)[C@@H](O)[C@H](C)C(=O)OC,OCC[C@@H](C)[C@@H](O)[C@@H](C)[C@@H](O)[C@H](C)C(=O)O,0,Discodermolide (role-tag),expert,,default-clean (post-V4 prompt successful pathway)
OCC[C@@H](C)[C@@H](O)[C@@H](C)[C@@H](O)[C@H](C)C(=O)O,O=CC[C@@H](C)[C@@H](O)[C@@H](C)[C@@H](O)[C@H](C)C(=O)O,0,Discodermolide (role-tag),expert,,default-clean (post-V4 prompt successful pathway)
O=CC[C@@H](C)[C@@H](O)[C@@H](C)[C@@H](O)[C@H](C)C(=O)O,O=CC[C@@H](C)[C@@H](O)[C@@H](C)[C@@H](O)[C@H](C)C(=O)OC,0,Discodermolide (role-tag),expert,,default-clean (post-V4 prompt successful pathway)
O=CC[C@@H](C)[C@@H](O)[C@@H](C)[C@@H](O)[C@H](C)C(=O)OC,C[C@H](CC=O)[C@@H](O)[C@@H](C)C=O.CCC(=O)OC,0,Discodermolide (role-tag),expert,,default-clean (post-V4 prompt successful pathway)
C[C@H](CC=O)[C@@H](O)[C@@H](C)C=O,CCC=O.C[C@@H](C=O)CC=O,0,Discodermolide (role-tag),expert,,default-clean (post-V4 prompt successful pathway)
C[C@@H](C=O)CC=O,C[C@@H](C=O)CC(=O)O,0,Discodermolide (role-tag),expert,,default-clean (post-V4 prompt successful pathway)
C[C@@H](C=O)CC(=O)O,C[C@H](CC(=O)O)C(=O)O,0,Discodermolide (role-tag),expert,,default-clean (post-V4 prompt successful pathway)
O[C@@](C[C@@H](C)C([C@@H]1C)=O)(C)[C@@H]([C@@H](C)[C@@H]([C@@H](C)C(O[C@H](CC)[C@H](C)[C@@H]1O)=O)O[C@@H]2O[C@@H](C)[C@@H]([C@](C2)(C)OC)O)O[C@@H]([C@@H]3O)O[C@H](C)C[C@@H]3N(C)C,O[C@@](C[C@@H](C)C([C@@H]1C)=O)(C)[C@@H]([C@@H](C)[C@@H]([C@@H](C)C(O[C@H](CC)[C@H](C)[C@@H]1O)=O)O[C@@H]2O[C@@H](C)[C@@H]([C@](C2)(C)OC)O)O.O[C@@H]1O[C@H](C)C[C@@H](N(C)C)[C@@H]1O,0,Erythromycin B (v2 role-tag),expert,,default-clean (post-V4 prompt successful pathway)
O[C@@](C[C@@H](C)C([C@@H]1C)=O)(C)[C@@H]([C@@H](C)[C@@H]([C@@H](C)C(O[C@H](CC)[C@H](C)[C@@H]1O)=O)O[C@@H]2O[C@@H](C)[C@@H]([C@](C2)(C)OC)O)O,OC(=O)[C@@H](C)[C@@H](O[C@@H]2O[C@@H](C)[C@@H](O)[C@](C2)(C)OC)[C@@H](C)[C@@H](O)[C@](C)(O)C[C@@H](C)C(=O)[C@@H](C)[C@@H](O)[C@H](C)[C@@H](O)CC,0,Erythromycin B (v2 role-tag),expert,,default-clean (post-V4 prompt successful pathway)
OC(=O)[C@@H](C)[C@@H](O[C@@H]2O[C@@H](C)[C@@H](O)[C@](C2)(C)OC)[C@@H](C)[C@@H](O)[C@](C)(O)C[C@@H](C)C(=O)[C@@H](C)[C@@H](O)[C@H](C)[C@@H](O)CC,OC(=O)[C@@H](C)[C@@H](O)[C@@H](C)[C@@H](O)[C@](C)(O)C[C@@H](C)C(=O)[C@@H](C)[C@@H](O)[C@H](C)[C@@H](O)CC.ClC(Cl)(Cl)C(=N)O[C@@H]1O[C@@H](C)[C@@H](O)[C@](C1)(C)OC,0,Erythromycin B (v2 role-tag),expert,,default-clean (post-V4 prompt successful pathway)
OC(=O)[C@@H](C)[C@@H](O)[C@@H](C)[C@@H](O)[C@](C)(O)C[C@@H](C)C(=O)[C@@H](C)[C@@H](O)[C@H](C)[C@@H](O)CC,CCC(=O)O.O=C[C@@H](C)[C@@H](O)[C@](C)(O)C[C@@H](C)C(=O)[C@@H](C)[C@@H](O)[C@H](C)[C@@H](O)CC,0,Erythromycin B (v2 role-tag),expert,,default-clean (post-V4 prompt successful pathway)
O=C[C@@H](C)[C@@H](O)[C@](C)(O)C[C@@H](C)C(=O)[C@@H](C)[C@@H](O)[C@H](C)[C@@H](O)CC,O=C[C@@H](C)[C@@H](O)[C@](C)(O)C[C@@H](C)C(=O)CC.CC[C@H](O)[C@@H](C)C=O,0,Erythromycin B (v2 role-tag),expert,,default-clean (post-V4 prompt successful pathway)
O=C[C@@H](C)[C@@H](O)[C@](C)(O)C[C@@H](C)C(=O)CC,OC[C@@H](C)[C@@H](O)[C@](C)(O)C[C@@H](C)C(=O)CC,0,Erythromycin B (v2 role-tag),expert,,default-clean (post-V4 prompt successful pathway)
OC[C@@H](C)[C@@H](O)[C@](C)(O)C[C@@H](C)C(=O)CC,OC[C@@H](C)/C=C(C)/C[C@@H](C)C(=O)CC,0,Erythromycin B (v2 role-tag),expert,,default-clean (post-V4 prompt successful pathway)
OC[C@@H](C)/C=C(C)/C[C@@H](C)C(=O)CC,OC[C@@H](C)/C=C(C)/C[C@@H](C)C(=O)N(C)OC.CC[Mg]Br,0,Erythromycin B (v2 role-tag),expert,,default-clean (post-V4 prompt successful pathway)
OC[C@@H](C)/C=C(C)/C[C@@H](C)C(=O)N(C)OC,OC[C@@H](C)/C=C(C)/C[C@@H](C)C(=O)O.CNOC,0,Erythromycin B (v2 role-tag),expert,,default-clean (post-V4 prompt successful pathway)
OC[C@@H](C)/C=C(C)/C[C@@H](C)C(=O)O,OC[C@@H](C)/C=C(C)/C[C@@H](C)C(=O)OC,0,Erythromycin B (v2 role-tag),expert,,default-clean (post-V4 prompt successful pathway)
OC[C@@H](C)/C=C(C)/C[C@@H](C)C(=O)OC,O=C[C@@H](C)/C=C(C)/C[C@@H](C)C(=O)OC,0,Erythromycin B (v2 role-tag),expert,,default-clean (post-V4 prompt successful pathway)
O=C[C@@H](C)/C=C(C)/C[C@@H](C)C(=O)OC,O=C[C@@H](C)/C=C(C)/C[C@@H](C)C(=O)O,0,Erythromycin B (v2 role-tag),expert,,default-clean (post-V4 prompt successful pathway)
O=C[C@@H](C)/C=C(C)/C[C@@H](C)C(=O)O,COC(OC)[C@@H](C)/C=C(C)/C[C@@H](C)C(=O)O,0,Erythromycin B (v2 role-tag),expert,,default-clean (post-V4 prompt successful pathway)
COC(OC)[C@@H](C)/C=C(C)/C[C@@H](C)C(=O)O,COC(OC)[C@@H](C)/C=C(C)/CBr.CCC(=O)O[C@@H]1COC(=O)N1Cc1ccccc1,0,Erythromycin B (v2 role-tag),expert,,default-clean (post-V4 prompt successful pathway)
COC(OC)[C@@H](C)/C=C(C)/CBr,COC(OC)[C@@H](C)/C=C(C)/CO,0,Erythromycin B (v2 role-tag),expert,,default-clean (post-V4 prompt successful pathway)
COC(OC)[C@@H](C)/C=C(C)/CO,C/C(=C\[C@H](C)C=O)CO,0,Erythromycin B (v2 role-tag),expert,,default-clean (post-V4 prompt successful pathway)
C/C(=C\[C@H](C)C=O)CO,C/C(=C\[C@H](C)C=O)C(=O)O,0,Erythromycin B (v2 role-tag),expert,,default-clean (post-V4 prompt successful pathway)
C/C(=C\[C@H](C)C=O)C(=O)O,C/C(=C\[C@H](C)C(=O)O)C(=O)O,0,Erythromycin B (v2 role-tag),expert,,default-clean (post-V4 prompt successful pathway)
CCC(=O)O[C@@H]1COC(=O)N1Cc1ccccc1,CCC(=O)O[C@@H]1COC(=O)N1.BrCc1ccccc1,0,Erythromycin B (v2 role-tag),expert,,default-clean (post-V4 prompt successful pathway)
CCC(=O)O[C@@H]1COC(=O)N1,CCC(=O)O[C@H](CO)NC(=O)OCc1ccccc1,0,Erythromycin B (v2 role-tag),expert,,default-clean (post-V4 prompt successful pathway)
CCC(=O)O[C@H](CO)NC(=O)OCc1ccccc1,CCC(=O)O[C@@H](NC(=O)OCc1ccccc1)C(=O)O,0,Erythromycin B (v2 role-tag),expert,,default-clean (post-V4 prompt successful pathway)
CCC(=O)O[C@@H](NC(=O)OCc1ccccc1)C(=O)O,CCC(=O)OC(=O)CC.O=C(N[C@H](O)C(=O)O)OCc1ccccc1,0,Erythromycin B (v2 role-tag),expert,,default-clean (post-V4 prompt successful pathway)
CC[C@H](O)[C@@H](C)C=O,CC[C@H](O)[C@@H](C)CO,0,Erythromycin B (v2 role-tag),expert,,default-clean (post-V4 prompt successful pathway)
ClC(Cl)(Cl)C(=N)O[C@@H]1O[C@@H](C)[C@@H](O)[C@](C1)(C)OC,O[C@@H]1O[C@@H](C)[C@@H](O)[C@](C1)(C)OC,0,Erythromycin B (v2 role-tag),expert,,default-clean (post-V4 prompt successful pathway)
O[C@@H]1O[C@@H](C)[C@@H](O)[C@](C1)(C)OC,O[C@@H]1O[C@@H](C)[C@@H](O)[C@](C1)(C)O,0,Erythromycin B (v2 role-tag),expert,,default-clean (post-V4 prompt successful pathway)
O[C@@H]1O[C@@H](C)[C@@H](O)[C@](C1)(C)O,O=CC[C@@](C)(O)[C@@H](O)[C@@H](C)O,0,Erythromycin B (v2 role-tag),expert,,default-clean (post-V4 prompt successful pathway)
O=CC[C@@](C)(O)[C@@H](O)[C@@H](C)O,OCC[C@@](C)(O)[C@@H](O)[C@@H](C)O,0,Erythromycin B (v2 role-tag),expert,,default-clean (post-V4 prompt successful pathway)
OCC[C@@](C)(O)[C@@H](O)[C@@H](C)O,OCC[C@@](C)(O)/C=C/C,0,Erythromycin B (v2 role-tag),expert,,default-clean (post-V4 prompt successful pathway)
OCC[C@@](C)(O)/C=C/C,OCCC(C)=O.C/C=C/B1OC(C)(C)C(C)(C)O1,0,Erythromycin B (v2 role-tag),expert,,default-clean (post-V4 prompt successful pathway)
C/C=C/B1OC(C)(C)C(C)(C)O1,C/C=C/B(O)O.CC(C)(O)C(C)(C)O,0,Erythromycin B (v2 role-tag),expert,,default-clean (post-V4 prompt successful pathway)
O[C@@H]1O[C@H](C)C[C@@H](N(C)C)[C@@H]1O,O[C@@H]1O[C@H](C)C[C@@H](N)[C@@H]1O,0,Erythromycin B (v2 role-tag),expert,,default-clean (post-V4 prompt successful pathway)
O[C@@H]1O[C@H](C)C[C@@H](N)[C@@H]1O,O[C@@H]1O[C@H](C)C[C@@H](N=[N+]=[N-])[C@@H]1O,0,Erythromycin B (v2 role-tag),expert,,default-clean (post-V4 prompt successful pathway)
O[C@@H]1O[C@H](C)C[C@@H](N=[N+]=[N-])[C@@H]1O,O[C@@H]1O[C@H](C)C[C@H](OS(=O)(=O)C(F)(F)F)[C@@H]1O,0,Erythromycin B (v2 role-tag),expert,,default-clean (post-V4 prompt successful pathway)
O[C@@H]1O[C@H](C)C[C@H](OS(=O)(=O)C(F)(F)F)[C@@H]1O,C[C@@H]1C[C@H](O)[C@H](O)[C@H](O)O1,0,Erythromycin B (v2 role-tag),expert,,default-clean (post-V4 prompt successful pathway)
C[C@@H]1C[C@H](O)[C@H](O)[C@H](O)O1,CO[C@@H]1O[C@H](C)C[C@H](O)[C@@H]1O,0,Erythromycin B (v2 role-tag),expert,,default-clean (post-V4 prompt successful pathway)
CC[C@H]1OC(=O)[C@H](C)[C@@H](O[C@H]2C[C@@](C)(OC)[C@@H](O)[C@H](C)O2)[C@H](C)[C@@H](O[C@@H]2O[C@H](C)C[C@H](N(C)C)[C@H]2O)[C@](C)(O)C[C@@H](C)C(=O)[C@H](C)[C@@H](O)[C@]1(C)O,CC[C@H]1OC(=O)[C@H](C)[C@@H](O)[C@H](C)[C@@H](O[C@@H]2O[C@H](C)C[C@H](N(C)C)[C@H]2O)[C@](C)(O)C[C@@H](C)C(=O)[C@H](C)[C@@H](O)[C@]1(C)O.O[C@H]1C[C@@](C)(OC)[C@@H](O)[C@H](C)O1,0,Erythromycin A (role-tag),expert,,default-clean (post-V4 prompt successful pathway)
CC[C@H]1OC(=O)[C@H](C)[C@@H](O)[C@H](C)[C@@H](O[C@@H]2O[C@H](C)C[C@H](N(C)C)[C@H]2O)[C@](C)(O)C[C@@H](C)C(=O)[C@H](C)[C@@H](O)[C@]1(C)O,CC[C@H]1OC(=O)[C@H](C)[C@@H](O)[C@H](C)[C@@H](O)[C@](C)(O)C[C@@H](C)C(=O)[C@H](C)[C@@H](O)[C@]1(C)O.O[C@@H]1O[C@H](C)C[C@H](N(C)C)[C@H]1O,0,Erythromycin A (role-tag),expert,,default-clean (post-V4 prompt successful pathway)
CC[C@H]1OC(=O)[C@H](C)[C@@H](O)[C@H](C)[C@@H](O)[C@](C)(O)C[C@@H](C)C(=O)[C@H](C)[C@@H](O)[C@]1(C)O,OC(=O)[C@H](C)[C@@H](O)[C@H](C)[C@@H](O)[C@](C)(O)C[C@@H](C)C(=O)[C@H](C)[C@@H](O)[C@](C)(O)[C@@H](O)CC,0,Erythromycin A (role-tag),expert,,default-clean (post-V4 prompt successful pathway)
OC(=O)[C@H](C)[C@@H](O)[C@H](C)[C@@H](O)[C@](C)(O)C[C@@H](C)C(=O)[C@H](C)[C@@H](O)[C@](C)(O)[C@@H](O)CC,OC(=O)[C@H](C)[C@@H](O)[C@H](C)[C@@H](O)[C@](C)(O)C[C@@H](C)C(=O)CC.O=C[C@](C)(O)[C@@H](O)CC,0,Erythromycin A (role-tag),expert,,default-clean (post-V4 prompt successful pathway)
OC(=O)[C@H](C)[C@@H](O)[C@H](C)[C@@H](O)[C@](C)(O)C[C@@H](C)C(=O)CC,O=C[C@@H](C)[C@@H](O)[C@](C)(O)C[C@@H](C)C(=O)CC.CCC(=O)N1C(=O)OC[C@@H]1Cc1ccccc1,0,Erythromycin A (role-tag),expert,,default-clean (post-V4 prompt successful pathway)
OC[C@@H](C)/C=C(C)/C[C@@H](C)C(=O)CC,O=C[C@@H](C)/C=C(C)/C[C@@H](C)C(=O)CC,0,Erythromycin A (role-tag),expert,,default-clean (post-V4 prompt successful pathway)
O=C[C@@H](C)/C=C(C)/C[C@@H](C)C(=O)CC,COC(OC)[C@@H](C)/C=C(C)/C[C@@H](C)C(=O)CC,0,Erythromycin A (role-tag),expert,,default-clean (post-V4 prompt successful pathway)
COC(OC)[C@@H](C)/C=C(C)/C[C@@H](C)C(=O)CC,COC(OC)[C@H](C)C=O.CCC(=O)[C@@H](C)CC(C)S(=O)(=O)c1nc2ccccc2s1,0,Erythromycin A (role-tag),expert,,default-clean (post-V4 prompt successful pathway)
COC(OC)[C@H](C)C=O,COC(=O)[C@@H](C)C(OC)OC,0,Erythromycin A (role-tag),expert,,default-clean (post-V4 prompt successful pathway)
CCC(=O)[C@@H](C)CC(C)S(=O)(=O)c1nc2ccccc2s1,CCC(=O)[C@@H](C)CC(C)Sc1nc2ccccc2s1,0,Erythromycin A (role-tag),expert,,default-clean (post-V4 prompt successful pathway)
CCC(=O)[C@@H](C)CC(C)Sc1nc2ccccc2s1,CCC(=O)[C@@H](C)CC(C)Br.Sc1nc2ccccc2s1,0,Erythromycin A (role-tag),expert,,default-clean (post-V4 prompt successful pathway)
CCC(=O)[C@@H](C)CC(C)Br,CCC(=O)[C@@H](C)CC(C)O,0,Erythromycin A (role-tag),expert,,default-clean (post-V4 prompt successful pathway)
CCC(=O)[C@@H](C)CC(C)O,CCC(=O)[C@@H](C)CC(C)OC(C)=O,0,Erythromycin A (role-tag),expert,,default-clean (post-V4 prompt successful pathway)
CCC(=O)[C@@H](C)CC(C)OC(C)=O,C=CC[C@H](C)C(=O)CC,0,Erythromycin A (role-tag),expert,,default-clean (post-V4 prompt successful pathway)
Sc1nc2ccccc2s1,CCOC(=S)S.Nc1ccccc1Cl,0,Erythromycin A (role-tag),expert,,default-clean (post-V4 prompt successful pathway)
CCC(=O)N1C(=O)OC[C@@H]1Cc1ccccc1,CCC(=O)Cl.O=C1N[C@@H](Cc2ccccc2)CO1,0,Erythromycin A (role-tag),expert,,default-clean (post-V4 prompt successful pathway)
O=C[C@](C)(O)[C@@H](O)CC,OC[C@](C)(O)[C@@H](O)CC,0,Erythromycin A (role-tag),expert,,default-clean (post-V4 prompt successful pathway)
OC[C@](C)(O)[C@@H](O)CC,CC/C=C(\C)CO,0,Erythromycin A (role-tag),expert,,default-clean (post-V4 prompt successful pathway)
CC/C=C(\C)CO,CC/C=C(\C)C=O,0,Erythromycin A (role-tag),expert,,default-clean (post-V4 prompt successful pathway)
O[C@@H]1O[C@H](C)C[C@H](N(C)C)[C@H]1O,O[C@@H]1O[C@H](C)C[C@H](N)[C@H]1O,0,Erythromycin A (role-tag),expert,,default-clean (post-V4 prompt successful pathway)
O[C@@H]1O[C@H](C)C[C@H](N)[C@H]1O,O[C@@H]1O[C@H](C)C[C@H](N=[N+]=[N-])[C@H]1O,0,Erythromycin A (role-tag),expert,,default-clean (post-V4 prompt successful pathway)
O[C@@H]1O[C@H](C)C[C@H](N=[N+]=[N-])[C@H]1O,O[C@@H]1O[C@H](C)C[C@@H](OS(=O)(=O)C(F)(F)F)[C@H]1O,0,Erythromycin A (role-tag),expert,,default-clean (post-V4 prompt successful pathway)
O[C@@H]1O[C@H](C)C[C@@H](OS(=O)(=O)C(F)(F)F)[C@H]1O,O[C@@H]1O[C@H](C)C[C@@H](O)[C@H]1O,0,Erythromycin A (role-tag),expert,,default-clean (post-V4 prompt successful pathway)
O[C@@H]1O[C@H](C)C[C@@H](O)[C@H]1O,CC(=O)O[C@@H]1O[C@H](C)C[C@@H](OC(C)=O)[C@H]1OC(=O)C,0,Erythromycin A (role-tag),expert,,default-clean (post-V4 prompt successful pathway)
CC(=O)O[C@@H]1O[C@H](C)C[C@@H](OC(C)=O)[C@H]1OC(=O)C,O[C@@H]1O[C@H](C)C[C@@H](OC(C)=O)[C@H]1OC(=O)C,0,Erythromycin A (role-tag),expert,,default-clean (post-V4 prompt successful pathway)
O[C@@H]1O[C@H](C)C[C@@H](OC(C)=O)[C@H]1OC(=O)C,CO[C@@H]1O[C@H](C)C[C@@H](OC(C)=O)[C@H]1OC(=O)C,0,Erythromycin A (role-tag),expert,,default-clean (post-V4 prompt successful pathway)
CO[C@@H]1O[C@H](C)C[C@@H](OC(C)=O)[C@H]1OC(=O)C,CO[C@@H]1O[C@H](C)C[C@@H](O)[C@H]1O,0,Erythromycin A (role-tag),expert,,default-clean (post-V4 prompt successful pathway)
CO[C@@H]1O[C@H](C)C[C@@H](O)[C@H]1O,OC1O[C@H](C)C[C@@H](O)[C@H]1O,0,Erythromycin A (role-tag),expert,,default-clean (post-V4 prompt successful pathway)
OC1O[C@H](C)C[C@@H](O)[C@H]1O,COC1O[C@H](C)C[C@@H](O)[C@H]1O,0,Erythromycin A (role-tag),expert,,default-clean (post-V4 prompt successful pathway)
COC1O[C@H](C)C[C@@H](O)[C@H]1O,COC1O[C@H](C)CC=C1,0,Erythromycin A (role-tag),expert,,default-clean (post-V4 prompt successful pathway)
COC1O[C@H](C)CC=C1,C=CC=COC,0,Erythromycin A (role-tag),expert,,default-clean (post-V4 prompt successful pathway)
C=CC=COC,COC=CC=O,0,Erythromycin A (role-tag),expert,,default-clean (post-V4 prompt successful pathway)
O[C@H]1C[C@@](C)(OC)[C@@H](O)[C@H](C)O1,O[C@H]1C[C@@](C)(O)[C@@H](O)[C@H](C)O1,0,Erythromycin A (role-tag),expert,,default-clean (post-V4 prompt successful pathway)
O[C@H]1C[C@@](C)(O)[C@@H](O)[C@H](C)O1,O=CC[C@@](C)(O)[C@@H](O)[C@@H](C)O,0,Erythromycin A (role-tag),expert,,default-clean (post-V4 prompt successful pathway)
OCC[C@@](C)(O)[C@@H](O)[C@@H](C)O,OCC/C(C)=C/[C@@H](C)O,0,Erythromycin A (role-tag),expert,,default-clean (post-V4 prompt successful pathway)
OCC/C(C)=C/[C@@H](C)O,CC(=O)/C=C(\C)CCO,0,Erythromycin A (role-tag),expert,,default-clean (post-V4 prompt successful pathway)
CC(=O)/C=C(\C)CCO,COCC/C(C)=C/C(C)=O,0,Erythromycin A (role-tag),expert,,default-clean (post-V4 prompt successful pathway)
COCC/C(C)=C/C(C)=O,CC(=O)Cl.C=C(C)CCOC,0,Erythromycin A (role-tag),expert,,default-clean (post-V4 prompt successful pathway)
Nc1nnc(-c2ccccc2O)cc1-c1cnn(C2CCN([C@H]3CC[C@@H](c4cccc5c4OCCN5[C@@H]4CCC(=O)NC4=O)CC3)CC2)c1,O=C1CCC(c2cccc3c2OCCN3[C@@H]2CCC(=O)NC2=O)CC1.Nc1nnc(-c2ccccc2O)cc1-c1cnn(C2CCNCC2)c1,0,PROTAC (#7 rerun),expert,,default-clean (post-V4 prompt successful pathway)
O=C1CCC(c2cccc3c2OCCN3[C@@H]2CCC(=O)NC2=O)CC1,NC(=O)CC[C@@H](N1CCOc2c1cccc2C1CCC(=O)CC1)C(=O)O,0,PROTAC (#7 rerun),expert,,default-clean (post-V4 prompt successful pathway)
NC(=O)CC[C@@H](N1CCOc2c1cccc2C1CCC(=O)CC1)C(=O)O,NC(=O)CCC(=O)C(=O)O.O=C1CCC(c2cccc3c2OCCN3)CC1,0,PROTAC (#7 rerun),expert,,default-clean (post-V4 prompt successful pathway)
NC(=O)CCC(=O)C(=O)O,CCN(CC)CC.O=C(O)CCC(=O)C(=O)O,1,PROTAC (#7 rerun),expert,,Et3N treated as nitrogen source for primary amide (CCN(CC)CC + 2-oxoglutaric acid -> succinamic acid). Bases cannot deliver an NH2; mechanistically impossible.
O=C1CCC(c2cccc3c2OCCN3)CC1,O=C1CCC(c2cccc3c2OCC(=O)N3)CC1,0,PROTAC (#7 rerun),expert,,default-clean (post-V4 prompt successful pathway)
O=C1CCC(c2cccc3c2OCC(=O)N3)CC1,O=C1CC=C(c2cccc3c2OCC(=O)N3)CC1,0,PROTAC (#7 rerun),expert,,default-clean (post-V4 prompt successful pathway)
O=C1CC=C(c2cccc3c2OCC(=O)N3)CC1,O=C1COc2c(cccc2C2(O)CCC3(CC2)OCCO3)N1,0,PROTAC (#7 rerun),expert,,default-clean (post-V4 prompt successful pathway)
O=C1COc2c(cccc2C2(O)CCC3(CC2)OCCO3)N1,O=C1CCC2(CC1)OCCO2.O=C1COc2c(Br)cccc2N1,0,PROTAC (#7 rerun),expert,,default-clean (post-V4 prompt successful pathway)
Nc1nnc(-c2ccccc2O)cc1-c1cnn(C2CCNCC2)c1,OB(O)c1ccccc1O.Nc1nnc(Cl)cc1-c1cnn(C2CCNCC2)c1,0,PROTAC (#7 rerun),expert,,default-clean (post-V4 prompt successful pathway)
Nc1nnc(Cl)cc1-c1cnn(C2CCNCC2)c1,Nc1nnc(Cl)cc1-c1cnn(C2CCN(Cc3ccccc3)CC2)c1,0,PROTAC (#7 rerun),expert,,default-clean (post-V4 prompt successful pathway)
Nc1nnc(Cl)cc1-c1cnn(C2CCN(Cc3ccccc3)CC2)c1,Nc1nnc(Cl)cc1Br.OB(O)c1cnn(C2CCN(Cc3ccccc3)CC2)c1,0,PROTAC (#7 rerun),expert,,default-clean (post-V4 prompt successful pathway)
OB(O)c1cnn(C2CCN(Cc3ccccc3)CC2)c1,OB(O)c1cn[nH]c1.OC1CCN(Cc2ccccc2)CC1,0,PROTAC (#7 rerun),expert,,default-clean (post-V4 prompt successful pathway)
O=C1c2cc(C(F)(F)F)ccc2N2CN1c1ccc(=O)[nH]c1/C=C/Cc1cc(F)ccc12,O=C1c2cc(C(F)(F)F)ccc2N(c3cc(F)ccc3CC=C)CN1c4ccc(=O)[nH]c4C=C,0,Polycyclic Diazepinone (#8 rerun),expert,,default-clean (post-V4 prompt successful pathway)
O=C1c2cc(C(F)(F)F)ccc2N(c3cc(F)ccc3CC=C)CN1c4ccc(=O)[nH]c4C=C,C=CCc1ccc(F)cc1Nc1ccc(C(F)(F)F)cc1C(=O)Nc1ccc(=O)[nH]c1C=C,0,Polycyclic Diazepinone (#8 rerun),expert,,default-clean (post-V4 prompt successful pathway)
C=CCc1ccc(F)cc1Nc1ccc(C(F)(F)F)cc1C(=O)Nc1ccc(=O)[nH]c1C=C,C=Cc1[nH]c(=O)ccc1[N+](=O)[O-].C=CCc1ccc(F)cc1Nc1ccc(C(F)(F)F)cc1C(=O)Cl,1,Polycyclic Diazepinone (#8 rerun),expert,,Conflates two distinct transformations in one step: Ar-NO2 -> Ar-NH then amide coupling with an acid chloride. Real synthesis needs separate reduction + acylation.
C=Cc1[nH]c(=O)ccc1[N+](=O)[O-],O=Cc1[nH]c(=O)ccc1[N+](=O)[O-],0,Polycyclic Diazepinone (#8 rerun),expert,,default-clean (post-V4 prompt successful pathway)
O=Cc1[nH]c(=O)ccc1[N+](=O)[O-],O=c1ccc([N+](=O)[O-])c(CO)[nH]1,0,Polycyclic Diazepinone (#8 rerun),expert,,default-clean (post-V4 prompt successful pathway)
O=c1ccc([N+](=O)[O-])c(CO)[nH]1,CC(=O)OCc1[nH]c(=O)ccc1[N+](=O)[O-],0,Polycyclic Diazepinone (#8 rerun),expert,,default-clean (post-V4 prompt successful pathway)
CC(=O)OCc1[nH]c(=O)ccc1[N+](=O)[O-],O=c1ccc([N+](=O)[O-])c(CBr)[nH]1,0,Polycyclic Diazepinone (#8 rerun),expert,,default-clean (post-V4 prompt successful pathway)
O=c1ccc([N+](=O)[O-])c(CBr)[nH]1,Cc1[nH]c(=O)ccc1[N+](=O)[O-],0,Polycyclic Diazepinone (#8 rerun),expert,,default-clean (post-V4 prompt successful pathway)
C=CCc1ccc(F)cc1Nc1ccc(C(F)(F)F)cc1C(=O)Cl,C=CCc1ccc(F)cc1Br.Nc1ccc(C(F)(F)F)cc1C(=O)Cl,0,Polycyclic Diazepinone (#8 rerun),expert,,default-clean (post-V4 prompt successful pathway)
C=CCc1ccc(F)cc1Br,C=CCBr.Nc1ccc(F)cc1Br,1,Polycyclic Diazepinone (#8 rerun),expert,,Aniline NH2 disappears with no reductive deamination shown; allyl-Br couples directly to an aryl amine site. Atoms balance only because deamination is silently absorbed.
Nc1ccc(C(F)(F)F)cc1C(=O)Cl,Nc1ccc(C(F)(F)F)cc1C(=O)O,0,Polycyclic Diazepinone (#8 rerun),expert,,default-clean (post-V4 prompt successful pathway)
CC(C)C[C@](N)(C(=O)O)N1[C@H](C(=O)O)[C@H](C)OC(=O)[C@@]1(N)CC(C)C,N[C@@H]([C@@H](O)C)C(=O)O.CC(C)CC(=O)C(=O)O.CC(C)CC(=O)C(=O)O,1,"alpha,alpha-AA Morpholinone (#9 rerun)",expert,,"Fictional one-pot 4-component reaction with NH3/AcOH/MeOH building two alpha,alpha-diamino centres and the morpholinone ring at once. No precedented reaction matches this transform; ring closure is asserted, not constructed."
CC(C)CC(=O)C(=O)O,CCOC(=O)C(=O)CC(C)C,0,"alpha,alpha-AA Morpholinone (#9 rerun)",expert,,default-clean (post-V4 prompt successful pathway)
CC(C)C[C@@]1(C(=O)O)NC(=O)[C@H]([C@H](C)O)N1[C@](N)(CC(C)C)C(=O)O,CC(C)C[C@@]1(C(=O)OC)NC(=O)[C@H]([C@H](C)O)N1[C@](N)(CC(C)C)C(=O)O,0,"alpha,alpha-AA Imidazolidinone (#10 rerun)",expert,,default-clean (post-V4 prompt successful pathway)
CC(C)C[C@@]1(C(=O)OC)NC(=O)[C@H]([C@H](C)O)N1[C@](N)(CC(C)C)C(=O)O,CC(C)C[C@@]1(C(=O)OC)NC(=O)[C@H]([C@H](C)O)N1[C@](NC(=O)OC(C)(C)C)(CC(C)C)C(=O)O,0,"alpha,alpha-AA Imidazolidinone (#10 rerun)",expert,,default-clean (post-V4 prompt successful pathway)
CC(C)C[C@@]1(C(=O)OC)NC(=O)[C@H]([C@H](C)O)N1[C@](NC(=O)OC(C)(C)C)(CC(C)C)C(=O)O,CC(C)C[C@@]1(C(=O)OC)NC(=O)[C@H]([C@H](C)O)N1[C@](NC(=O)OC(C)(C)C)(CC(C)C)C(=O)OCc1ccccc1,0,"alpha,alpha-AA Imidazolidinone (#10 rerun)",expert,,default-clean (post-V4 prompt successful pathway)
CC(C)C[C@@]1(C(=O)OC)NC(=O)[C@H]([C@H](C)O)N1[C@](NC(=O)OC(C)(C)C)(CC(C)C)C(=O)OCc1ccccc1,COC(=O)C(=O)CC(C)C.N[C@@H]([C@@H](C)O)C(=O)N[C@](NC(=O)OC(C)(C)C)(CC(C)C)C(=O)OCc1ccccc1,1,"alpha,alpha-AA Imidazolidinone (#10 rerun)",expert,,"Cyclisation requires breaking a peptide bond under TsOH/MeOH conditions to form the imidazolidinone; produces an alpha,alpha-diamino (gem-diamine) carbon. Mechanistically impossible under stated conditions."
COC(=O)C(=O)CC(C)C,COC(OC)OC.CC(C)CC(=O)C(=O)O,0,"alpha,alpha-AA Imidazolidinone (#10 rerun)",expert,,default-clean (post-V4 prompt successful pathway)
N[C@@H]([C@@H](C)O)C(=O)N[C@](NC(=O)OC(C)(C)C)(CC(C)C)C(=O)OCc1ccccc1,OC(=O)[C@](NC(=O)[C@@H](N)[C@@H](C)O)(NC(=O)OC(C)(C)C)CC(C)C,0,"alpha,alpha-AA Imidazolidinone (#10 rerun)",expert,,default-clean (post-V4 prompt successful pathway)
OC(=O)[C@](NC(=O)[C@@H](N)[C@@H](C)O)(NC(=O)OC(C)(C)C)CC(C)C,N[C@@H]([C@@H](C)O)C(=O)O.OC(=O)[C@](N)(NC(=O)OC(C)(C)C)CC(C)C,1,"alpha,alpha-AA Imidazolidinone (#10 rerun)",expert,,"Reactant is a gem-diamine (alpha-C bears NH2 and NHBoc) — chemically unstable, hydrolyses to ketone + 2x amine immediately under any aqueous workup."
OC(=O)[C@](N)(NC(=O)OC(C)(C)C)CC(C)C,COC(=O)[C@](N)(NC(=O)OC(C)(C)C)CC(C)C,1,"alpha,alpha-AA Imidazolidinone (#10 rerun)",expert,,Methyl-ester hydrolysis on the gem-diamine carrier; intermediate cannot exist under aqueous LiOH/NaOH conditions (gem-diamine collapses).
COC(=O)[C@](N)(NC(=O)OC(C)(C)C)CC(C)C,COC(=O)[C@](N)(CC(C)C)C(=O)O,1,"alpha,alpha-AA Imidazolidinone (#10 rerun)",expert,,"Curtius/Schmidt-style construction of a gem-diamine from an alpha-amino acid. The resulting alpha,alpha-(NH2)(NHBoc) carbon is not isolable."
COC(=O)[C@](N)(CC(C)C)C(=O)O,COC(=O)[C@](NC(=O)OC(C)(C)C)(CC(C)C)C(=O)O,0,"alpha,alpha-AA Imidazolidinone (#10 rerun)",expert,,default-clean (post-V4 prompt successful pathway)
COC(=O)[C@](NC(=O)OC(C)(C)C)(CC(C)C)C(=O)O,COC(=O)C(NC(=O)OC(C)(C)C)(CC(C)C)C(=O)OC,1,"alpha,alpha-AA Imidazolidinone (#10 rerun)",expert,,"Selective mono-hydrolysis of one of two equivalent methyl esters with H2O alone; no selectivity reagent (lipase, etc.) is given. Real synthesis cannot achieve this."
COC(=O)C(NC(=O)OC(C)(C)C)(CC(C)C)C(=O)OC,COC(=O)C(NC(=O)OC(C)(C)C)C(=O)OC.CC(C)CBr,0,"alpha,alpha-AA Imidazolidinone (#10 rerun)",expert,,default-clean (post-V4 prompt successful pathway)
COC(=O)C(NC(=O)OC(C)(C)C)C(=O)OC,COC(=O)C(N)C(=O)OC.CC(C)(C)OC(=O)OC(=O)OC(C)(C)C,0,"alpha,alpha-AA Imidazolidinone (#10 rerun)",expert,,default-clean (post-V4 prompt successful pathway)
CC(=O)Oc1ccccc1C(=O)O,CC(=O)OC(C)=O.O=C(O)c1ccccc1O,0,Aspirin (sanity),expert,,default-clean (post-V4 prompt successful pathway)
